identifier,question,options,answer,task_label,domain,label,iri,depth
2_5_6ux9n0yr,"Given the following Description Logic expression from the Financial Industry Business Ontology, determine whether it is satisfiable (true of false).
∃implements.(LegalCapacity.hasCapacity.some(ContractualOption))",,True,2_5,business_finance/financial_industry_business_ontology,,,
2_5_2jwpomp0,"Given the following Description Logic expression from the Video Game Ontology, determine whether it is satisfiable (true of false).
∃isCharacterInGame.(SpecialPlayStyle)",,True,2_5,arts_media_entertainment/videogameontology,,,
2_5_qhhjyp18,"Given the following Description Logic expression from the Plant Ontology, determine whether it is satisfiable (true of false).
∃RO_0000056.(PO_0009056) ⊓ ∀RO_0002258.(¬(PO_0009056)) ⊓ ∃RO_0000056.(¬(PO_0009056))",,True,2_5,food_agriculture/plant_ontology,,,
2_5_wrpbppnl,"Given the following Description Logic expression from the Business Process Model and Notation, determine whether it is satisfiable (true of false).
∃has_artifact_output_artifact_ref.(BPMNOntology.output_set) ⊓ =0 has_artifact_output_artifact_ref.(BPMNOntology.output_set)",,False,2_5,business_finance/bpmn,,,
2_5_0humazhg,"Given the following Description Logic expression from the Comic Book Ontology, determine whether it is satisfiable (true of false).
=0 cameo.(ComicAge) ⊓ ∃cameo.(ComicAge)",,False,2_5,arts_media_entertainment/comic_book_ontology,,,
2_5_195s0os4,"Given the following Description Logic expression from the Financial Industry Business Ontology, determine whether it is satisfiable (true of false).
∃holds.(∀fundedBy.(SyntheticCDO))",,True,2_5,business_finance/financial_industry_business_ontology,,,
2_5_no7anlif,"Given the following Description Logic expression from the International Classification of Disease Ontology, determine whether it is satisfiable (true of false).
≥5 RO_0002212.(ICDO_0000379) ⊓ ≤1 RO_0002212.(ICDO_0000379)",,False,2_5,health_medicine/international_classification_of_disease_ontology,,,
2_5_bj6k7nm7,"Given the following Description Logic expression from the Financial Industry Business Ontology, determine whether it is satisfiable (true of false).
∃hasDirectOwningEntity.(InvestorContract)",,True,2_5,business_finance/financial_industry_business_ontology,,,
2_5_igpdjaxq,"Given the following Description Logic expression from the Financial Instruments Ontology, determine whether it is satisfiable (true of false).
∃isDenominatedIn.(Future) ⊓ =0 isDenominatedIn.(Future)",,False,2_5,business_finance/financial_instruments_ontology,,,
2_5_bnoa2lwt,"Given the following Description Logic expression from the Financial Industry Business Ontology, determine whether it is satisfiable (true of false).
≥5 isOwnedAsset.(Owner) ⊓ ≤3 isOwnedAsset.(Owner)",,False,2_5,business_finance/financial_industry_business_ontology,,,
2_5_ayc3nk8y,"Given the following Description Logic expression from the Wine Ontology, determine whether it is satisfiable (true of false).
wine#.∃hasVintageYear.(wine#.∀hasFlavor.(wine#.CabernetFranc)) ⊓ wine#.∀hasVintageYear.(wine#.∃hasFlavor.(¬(wine#.CabernetFranc)))",,True,2_5,food_agriculture/wine_ontology,,,
2_5_tirz6118,"Given the following Description Logic expression from the Financial Industry Business Ontology, determine whether it is satisfiable (true of false).
∀hasStage.(LifecycleStage)",,True,2_5,business_finance/financial_industry_business_ontology,,,
2_5_l6rj13t0,"Given the following Description Logic expression from the Movie Ontology, determine whether it is satisfiable (true of false).
~≥3 FOAF_modifiedisDirectedBy.(~FOAF_modifiedActor) ⊓ ~≤2 FOAF_modifiedisDirectedBy.(~FOAF_modifiedActor)",,False,2_5,arts_media_entertainment/movie_ontology,,,
2_5_0whi33rz,"Given the following Description Logic expression from the Business Process Model and Notation, determine whether it is satisfiable (true of false).
∃has_task_task_type.(BPMNOntology.event_detail_types) ⊓ =0 has_task_task_type.(BPMNOntology.event_detail_types)",,False,2_5,business_finance/bpmn,,,
2_5_bhhe226o,"Given the following Description Logic expression from the Geology Ontology, determine whether it is satisfiable (true of false).
∀GEOCORE_0000017.(BFO_0000027)",,True,2_5,earth_environment/geocore_ontology,,,
2_5_gnedtfqa,"Given the following Description Logic expression from the Occupation Ontology, determine whether it is satisfiable (true of false).
∃RO_0004097.(OCCO_11914000 ⊓ OCCO_00000056)",,True,2_5,business_finance/occupation_ontology,,,
2_5_qq5mp0yb,"Given the following Description Logic expression from the Financial Industry Business Ontology, determine whether it is satisfiable (true of false).
≥4 hasRegistrationAuthority.(RegistrationService) ⊓ ≤2 hasRegistrationAuthority.(RegistrationService)",,False,2_5,business_finance/financial_industry_business_ontology,,,
2_5_lcwqvdhc,"Given the following Description Logic expression from the Financial Industry Business Ontology, determine whether it is satisfiable (true of false).
≥2 ownsAndControls.(OwnershipControlSituation) ⊓ ≤1 ownsAndControls.(OwnershipControlSituation)",,False,2_5,business_finance/financial_industry_business_ontology,,,
2_5_q5ex5dob,"Given the following Description Logic expression from the Plant Ontology, determine whether it is satisfiable (true of false).
=1 RO_0000057.(PO_0020016) ⊓ ≥2 RO_0000057.(PO_0020016)",,True,2_5,food_agriculture/plant_ontology,,,
2_5_sv30427i,"Given the following Description Logic expression from the Organization Ontology, determine whether it is satisfiable (true of false).
∃linkedTo.(ChangeEvent ⊓ Organization)",,True,2_5,business_finance/organization_ontology,,,
2_5_2cc0syju,"Given the following Description Logic expression from the Plant Ontology, determine whether it is satisfiable (true of false).
∃RO_0002258.(PO_0006089)",,True,2_5,food_agriculture/plant_ontology,,,
2_5_h88sork1,"Given the following Description Logic expression from the Comic Book Ontology, determine whether it is satisfiable (true of false).
∃collection.(Item ⊓ ComicCoverArt)",,True,2_5,arts_media_entertainment/comic_book_ontology,,,
2_5_2ium35ah,"Given the following Description Logic expression from the African Wildlife Ontology, determine whether it is satisfiable (true of false).
≥5 inhabits.(Rhumba) ⊓ ≤4 inhabits.(Rhumba)",,False,2_5,earth_environment/african_wildlife_ontology,,,
2_5_xn4hlmsk,"Given the following Description Logic expression from the Financial Industry Business Ontology, determine whether it is satisfiable (true of false).
∀hasValidationAuthority.(FormalOrganization)",,True,2_5,business_finance/financial_industry_business_ontology,,,
2_5_5b3udkpn,"Given the following Description Logic expression from the Occupation Ontology, determine whether it is satisfiable (true of false).
∃RO_0002000.(OCCO_47301100) ⊓ ∀RO_0002000.(¬(OCCO_47301100))",,True,2_5,business_finance/occupation_ontology,,,
2_5_ddpamptz,"Given the following Description Logic expression from the Financial Industry Business Ontology, determine whether it is satisfiable (true of false).
∃isRecognizedIn.(LegalPerson ⊓ ∀isRecognizedIn.(ProfitObjective))",,True,2_5,business_finance/financial_industry_business_ontology,,,
2_5_xxf3vcxz,"Given the following Description Logic expression from the Financial Instruments Ontology, determine whether it is satisfiable (true of false).
∀hasUnderlier.(Security)",,True,2_5,business_finance/financial_instruments_ontology,,,
2_5_x7acmh40,"Given the following Description Logic expression from the African Wildlife Ontology, determine whether it is satisfiable (true of false).
∃eats.(Tree) ⊓ ∀eats.(¬(Tree))",,True,2_5,earth_environment/african_wildlife_ontology,,,
2_5_recxt7ux,"Given the following Description Logic expression from the Organization Ontology, determine whether it is satisfiable (true of false).
∃postIn.(OrganizationalUnit ⊓ ∀postIn.(¬(OrganizationalUnit)))",,True,2_5,business_finance/organization_ontology,,,
2_5_hsgu0ttx,"Given the following Description Logic expression from the Financial Industry Business Ontology, determine whether it is satisfiable (true of false).
=1 hasPenultimateCouponPaymentDate.(RevenueBond) ⊓ =1 hasConvertibleDate.(RevenueBond) ⊓ ∃hasPenultimateCouponPaymentDate.(∀hasConvertibleDate.(¬(RevenueBond)))",,True,2_5,business_finance/financial_industry_business_ontology,,,
2_5_4y3k78pk,"Given the following Description Logic expression from the Geology Ontology, determine whether it is satisfiable (true of false).
∀BFO_0000084.(GEOCORE_0000009)",,True,2_5,earth_environment/geocore_ontology,,,
2_5_zjw5mozr,"Given the following Description Logic expression from the Extensible Observation Ontology, determine whether it is satisfiable (true of false).
∃measuresUsingProtocol.(MassPerMass)",,True,2_5,earth_environment/extensible_observation_ontology,,,
2_5_ebdocpu8,"Given the following Description Logic expression from the Financial Industry Business Ontology, determine whether it is satisfiable (true of false).
∃hasDeliveryMethod.(Settlement.hasPreferredSettlementCurrency.some(SettlementEvent)) ⊓ ¬(∃hasDeliveryMethod.(Settlement.hasPreferredSettlementCurrency.some(SettlementEvent)))",,False,2_5,business_finance/financial_industry_business_ontology,,,
2_5_cuq17g4l,"Given the following Description Logic expression from the Video Game Ontology, determine whether it is satisfiable (true of false).
∃unlocksAchievement.(Virtuosity)",,True,2_5,arts_media_entertainment/videogameontology,,,
2_5_wn774ww4,"Given the following Description Logic expression from the Video Game Ontology, determine whether it is satisfiable (true of false).
∃developedBy.(∀employeeOf.(FPS)) ⊓ ∀developedBy.(∃employeeOf.(¬(FPS)))",,True,2_5,arts_media_entertainment/videowl,,,
2_5_a1r7kqac,"Given the following Description Logic expression from the Business Process Model and Notation, determine whether it is satisfiable (true of false).
∃has_conditional_event_condition_ref.(∀has_conditional_event_condition_ref.(BPMNOntology.start_event))",,True,2_5,business_finance/bpmn,,,
2_5_ok8xvcmn,"Given the following Description Logic expression from the Pizza Ontology, determine whether it is satisfiable (true of false).
∀hasTopping.(MeatPizza_Open)",,True,2_5,food_agriculture/pizza_ontology,,,
2_5_8bzq62tt,"Given the following Description Logic expression from the Financial Industry Business Ontology, determine whether it is satisfiable (true of false).
∃isRecognizedIn.(∀isOrganizedIn.(LegalEntity)) ⊓ ∀isRecognizedIn.(∃isOrganizedIn.(¬(LegalEntity)))",,True,2_5,business_finance/financial_industry_business_ontology,,,
2_5_gzientch,"Given the following Description Logic expression from the Business Process Model and Notation, determine whether it is satisfiable (true of false).
=0 has_participant_role_ref.(BPMNOntology.intermediate_event) ⊓ ∃has_participant_role_ref.(BPMNOntology.intermediate_event)",,False,2_5,business_finance/bpmn,,,
2_5_qravpsjl,"Given the following Description Logic expression from the Pizza Ontology, determine whether it is satisfiable (true of false).
∀hasTopping.(MeatTopping)",,True,2_5,food_agriculture/pizza_ontology,,,
2_5_e69fntba,"Given the following Description Logic expression from the Organization Ontology, determine whether it is satisfiable (true of false).
∀subOrganizationOf.(Role)",,True,2_5,business_finance/organization_ontology,,,
2_5_vp2ppf9g,"Given the following Description Logic expression from the People Ontology, determine whether it is satisfiable (true of false).
∃works_for.(people.animal ⊓ people.sheep)",,True,2_5,human_society/people_ontology,,,
2_5_dhhka2vf,"Given the following Description Logic expression from the International Classification of Disease Ontology, determine whether it is satisfiable (true of false).
∃RO_0002507.(BFO_0000009) ⊓ =0 RO_0002507.(BFO_0000009)",,False,2_5,health_medicine/international_classification_of_disease_ontology,,,
2_5_iw7uwxgo,"Given the following Description Logic expression from the Movie Ontology, determine whether it is satisfiable (true of false).
~∃FOAF_modifiedmaker.(~FOAF_modifiedDirector)",,True,2_5,arts_media_entertainment/movie_ontology,,,
2_5_p0wljj69,"Given the following Description Logic expression from the Movie Ontology, determine whether it is satisfiable (true of false).
~∃FOAF_modifieddirects.(Class) ⊓ ~=0 FOAF_modifieddirects.(Class)",,False,2_5,arts_media_entertainment/movie_ontology,,,
2_5_kiaeo92w,"Given the following Description Logic expression from the Financial Instruments Ontology, determine whether it is satisfiable (true of false).
≥4 hasValueExpressedIn.(CreditFacility) ⊓ ≤1 hasValueExpressedIn.(CreditFacility)",,False,2_5,business_finance/financial_instruments_ontology,,,
2_5_zj9grl0x,"In the ontology of Public Procurement Ontology, determine whether it is satisfiable (true of false).
 ∀contractAdditionalObligations.(SpecialAdministrativeRemedy)",,True,2_5,human_society/public_procurement_ontologyy,,,
2_5_73msdp63,"In the ontology of European Legislation Identifier, determine whether it is satisfiable (true of false).
 ∃implemented_by.(Person) ⊓ =0 implemented_by.(Person)",,False,2_5,human_society/people_ontology,,,
2_5_u60x4x25,"Given the following Description Logic expression from the Financial Industry Business Ontology, determine whether it is satisfiable (true of false).
=0 hasAttachmentPoint.(AbsolutePrepaymentRate) ⊓ ∃hasAttachmentPoint.(AbsolutePrepaymentRate)",,False,2_5,business_finance/financial_industry_business_ontology,,,
2_5_se9v4xdp,"Given the following Description Logic expression from the Plant Ontology, determine whether it is satisfiable (true of false).
∀BFO_0000062.(PO_0025037)",,True,2_5,food_agriculture/plant_ontology,,,
2_5_j63yxb23,"Given the following Description Logic expression from the Extensible Observation Ontology, determine whether it is satisfiable (true of false).
∀usesStandard.(PintToLiter)",,True,2_5,earth_environment/extensible_observation_ontology,,,
2_5_l16tgzwv,"Given the following Description Logic expression from the Financial Instruments Ontology, determine whether it is satisfiable (true of false).
≥4 hasNominalValue.(NegotiableSecurity) ⊓ ≤3 hasNominalValue.(NegotiableSecurity)",,False,2_5,business_finance/financial_instruments_ontology,,,
2_5_2poyunh1,"Given the following Description Logic expression from the Organization Ontology, determine whether it is satisfiable (true of false).
≥2 basedAt.(OrganizationalCollaboration) ⊓ ≤1 basedAt.(OrganizationalCollaboration)",,False,2_5,business_finance/organization_ontology,,,
2_5_o2ashdn1,"Given the following Description Logic expression from the African Wildlife Ontology, determine whether it is satisfiable (true of false).
∃inhabits.(AfricanWildlifeOntology1.is_proper_part_of.some(Tree)) ⊓ ¬(∃inhabits.(AfricanWildlifeOntology1.is_proper_part_of.some(Tree)))",,False,2_5,earth_environment/african_wildlife_ontology,,,
2_5_tsa6uw4h,"Given the following Description Logic expression from the Occupation Ontology, determine whether it is satisfiable (true of false).
=0 BFO_0000066.(OCCO_55301900) ⊓ ∃BFO_0000066.(OCCO_55301900)",,False,2_5,business_finance/occupation_ontology,,,
2_5_zmj111pq,"Given the following Description Logic expression from the Video Game Ontology, determine whether it is satisfiable (true of false).
≥2 hasLeaderboard.(Player) ⊓ ≤1 hasLeaderboard.(Player)",,False,2_5,arts_media_entertainment/videogameontology,,,
2_5_laomzht8,"Given the following Description Logic expression from the Semantic Web for Earth and Environmental Terminology, determine whether it is satisfiable (true of false).
=0 hasUnorderedVertexPair.(Sanguinite) ⊓ ∃hasUnorderedVertexPair.(Sanguinite)",,False,2_5,earth_environment/sweet,,,
2_5_1fjealp7,"Given the following Description Logic expression from the Financial Industry Business Ontology, determine whether it is satisfiable (true of false).
∀hasPriceAndYieldDayCountConvention.(CallWindow)",,True,2_5,business_finance/financial_industry_business_ontology,,,
2_5_vdktinxw,"Given the following Description Logic expression from the Movie Ontology, determine whether it is satisfiable (true of false).
~=0 FOAF_modifieddirects.(~FOAF_modifiedPerson) ⊓ ~∃FOAF_modifieddirects.(~FOAF_modifiedPerson)",,False,2_5,arts_media_entertainment/movie_ontology,,,
2_5_u91yu2p8,"Given the following Description Logic expression from the Video Game Ontology, determine whether it is satisfiable (true of false).
∃isItemInGame.(GainEvent)",,True,2_5,arts_media_entertainment/videogameontology,,,
2_5_ctj5gt0v,"Given the following Description Logic expression from the African Wildlife Ontology, determine whether it is satisfiable (true of false).
=0 has_member.(Role) ⊓ ∃has_member.(Role)",,False,2_5,earth_environment/african_wildlife_ontology,,,
2_5_4fm8vo2j,"In the ontology of European Legislation Identifier, determine whether it is satisfiable (true of false).
 ≥5 uri_schema.(Person) ⊓ ≤2 uri_schema.(Person)",,False,2_5,human_society/people_ontology,,,
2_5_g3m98mmx,"Given the following Description Logic expression from the Movie Ontology, determine whether it is satisfiable (true of false).
~∃FOAF_modifiedisDirectedBy.(~FOAF_modifiedAgent ⊓ SpatialThing)",,True,2_5,arts_media_entertainment/movie_ontology,,,
2_5_gltul9en,"In the ontology of European Legislation Identifier, determine whether it is satisfiable (true of false).
 ∃changes.(Expression) ⊓ =0 changes.(Expression)",,False,2_5,human_society/people_ontology,,,
2_5_xskg0fmy,"Given the following Description Logic expression from the Movie Ontology, determine whether it is satisfiable (true of false).
~=1 FOAF_modifiedmade.(~FOAF_modifiedAgent) ⊓ ~=1 FOAF_modifieddepicts.(~FOAF_modifiedAgent) ⊓ ~∃FOAF_modifiedmade.(~∀FOAF_modifieddepicts.(¬(~FOAF_modifiedAgent)))",,True,2_5,arts_media_entertainment/movie_ontology,,,
2_5_ut2lwxil,"Given the following Description Logic expression from the Semantic Web for Earth and Environmental Terminology, determine whether it is satisfiable (true of false).
∃measureOf.(Helicopter) ⊓ ∀measureOf.(¬(Helicopter))",,True,2_5,earth_environment/sweet,,,
2_5_bz4nhgtb,"Given the following Description Logic expression from the Organization Ontology, determine whether it is satisfiable (true of false).
∀hasSubOrganization.(OrganizationalUnit)",,True,2_5,business_finance/organization_ontology,,,
2_5_apdlg34q,"Given the following Description Logic expression from the Plant Ontology, determine whether it is satisfiable (true of false).
≥4 RO_0002202.(PO_0001170) ⊓ ≤1 RO_0002202.(PO_0001170)",,False,2_5,food_agriculture/plant_ontology,,,
2_5_7zvtvegq,"Given the following Description Logic expression from the Pizza Ontology, determine whether it is satisfiable (true of false).
∃hasMaterialState.(OneToppingPizza)",,True,2_5,food_agriculture/pizza_ontology,,,
2_5_d7lomy0g,"Given the following Description Logic expression from the Financial Industry Business Ontology, determine whether it is satisfiable (true of false).
∀isLicensedBy.(ContingentRight)",,True,2_5,business_finance/financial_industry_business_ontology,,,
2_5_b1fsrrg8,"Given the following Description Logic expression from the Financial Industry Business Ontology, determine whether it is satisfiable (true of false).
∀hasDateOfIncorporation.(BoardAgreement)",,True,2_5,business_finance/financial_industry_business_ontology,,,
2_5_axweck77,"Given the following Description Logic expression from the Semantic Web for Earth and Environmental Terminology, determine whether it is satisfiable (true of false).
∃hasLocation.(Perroudite ⊓ CloudBurst)",,True,2_5,earth_environment/sweet,,,
2_5_y8heeyyz,"In the ontology of European Legislation Identifier, determine whether it is satisfiable (true of false).
 ≥3 embodies.(Language) ⊓ ≤2 embodies.(Language)",,False,2_5,human_society/people_ontology,,,
2_5_e73du08f,"Given the following Description Logic expression from the Occupation Ontology, determine whether it is satisfiable (true of false).
∃RO_0004097.(RO_0000057.some(OCCO_49909000)) ⊓ ¬(∃RO_0004097.(RO_0000057.some(OCCO_49909000)))",,False,2_5,business_finance/occupation_ontology,,,
2_5_pwzwvhnq,"Given the following Description Logic expression from the Financial Industry Business Ontology, determine whether it is satisfiable (true of false).
≥3 hasPrincipalPaymentDay.(Amortization) ⊓ ≤1 hasPrincipalPaymentDay.(Amortization)",,False,2_5,business_finance/financial_industry_business_ontology,,,
2_5_46obnhv1,"Given the following Description Logic expression from the CIDOC CRM ontology, determine whether it is satisfiable (true of false).
∃P72i_is_language_of.(E20_Biological_Object) ⊓ ∀P174i_ends_after_the_start_of.(¬(E20_Biological_Object)) ⊓ ∃P72i_is_language_of.(¬(E20_Biological_Object))",,True,2_5,arts_media_entertainment/cidoc_crm,,,
2_5_8olaxjw9,"Given the following Description Logic expression from the Extensible Observation Ontology, determine whether it is satisfiable (true of false).
=1 measuresCharacteristic.(CatalyticActivity) ⊓ =1 hasNextQualifier.(CatalyticActivity) ⊓ ∃measuresCharacteristic.(∀hasNextQualifier.(¬(CatalyticActivity)))",,True,2_5,earth_environment/extensible_observation_ontology,,,
2_5_5ebnwqb8,"Given the following Description Logic expression from the Business Process Model and Notation, determine whether it is satisfiable (true of false).
=1 has_input_set_artifact_input.(BPMNOntology.reference_sub_process) ⊓ =1 has_conditional_event_condition_ref.(BPMNOntology.reference_sub_process) ⊓ ∃has_input_set_artifact_input.(∀has_conditional_event_condition_ref.(¬(BPMNOntology.reference_sub_process)))",,True,2_5,business_finance/bpmn,,,
2_5_aml4lepl,"Given the following Description Logic expression from the Financial Industry Business Ontology, determine whether it is satisfiable (true of false).
=0 hasHomeCountry.(OfficeOfAForeignBank) ⊓ ∃hasHomeCountry.(OfficeOfAForeignBank)",,False,2_5,business_finance/financial_industry_business_ontology,,,
2_5_ml8h9fms,"Given the following Description Logic expression from the Semantic Web for Earth and Environmental Terminology, determine whether it is satisfiable (true of false).
∀hasChemical_3.(Validation)",,True,2_5,earth_environment/sweet,,,
2_5_yppyp2gf,"Given the following Description Logic expression from the Movie Ontology, determine whether it is satisfiable (true of false).
~=1 FOAF_modifiedacts.(~FOAF_modifiedDirector)",,True,2_5,arts_media_entertainment/movie_ontology,,,
2_5_da0kd1la,"Given the following Description Logic expression from the Wine Ontology, determine whether it is satisfiable (true of false).
wine#.=0 hasFlavor.(wine#.CotesDOr) ⊓ wine#.∃hasFlavor.(wine#.CotesDOr)",,False,2_5,food_agriculture/wine_ontology,,,
2_5_m0fpbo5k,"Given the following Description Logic expression from the Occupation Ontology, determine whether it is satisfiable (true of false).
∃RO_0000053.(OCCO_51309000) ⊓ ∀RO_0000053.(¬(OCCO_51309000))",,True,2_5,business_finance/occupation_ontology,,,
2_5_skmgtkq6,"Given the following Description Logic expression from the Occupation Ontology, determine whether it is satisfiable (true of false).
≥2 RO_0000059.(OCCO_00000065) ⊓ ≤4 RO_0000059.(OCCO_00000065)",,True,2_5,business_finance/occupation_ontology,,,
2_5_c50ux7kf,"Given the following Description Logic expression from the International Classification of Disease Ontology, determine whether it is satisfiable (true of false).
∃RO_0002014.(ICDO_0000535 ⊓ UBERON_0000063)",,True,2_5,health_medicine/international_classification_of_disease_ontology,,,
2_5_cg3a9a3m,"Given the following Description Logic expression from the Addiction Ontology, determine whether it is satisfiable (true of false).
∃RO_0002234.(RO_0000056.some(ADDICTO_0001054)) ⊓ ¬(∃RO_0002234.(RO_0000056.some(ADDICTO_0001054)))",,False,2_5,health_medicine/addiction_ontology,,,
2_5_iofi1ruz,"Given the following Description Logic expression from the Financial Industry Business Ontology, determine whether it is satisfiable (true of false).
∃hasPrincipalAmount.(UnsecuredLoan ⊓ IndividualPaymentTransaction)",,True,2_5,business_finance/financial_industry_business_ontology,,,
2_5_ols2kr67,"Given the following Description Logic expression from the Geology Ontology, determine whether it is satisfiable (true of false).
∃BFO_0000195.(GEOCORE_0000011 ⊓ GEOCORE_0000004)",,True,2_5,earth_environment/geocore_ontology,,,
2_5_nsqz8dcw,"Given the following Description Logic expression from the Business Process Model and Notation, determine whether it is satisfiable (true of false).
∃has_flow_object_assignment.(BPMNOntology.has_data_based_exclusive_gateway_default_gate.some(BPMNOntology.start_event)) ⊓ ¬(∃has_flow_object_assignment.(BPMNOntology.has_data_based_exclusive_gateway_default_gate.some(BPMNOntology.start_event)))",,False,2_5,business_finance/bpmn,,,
2_5_qx3qa3qd,"Given the following Description Logic expression from the CIDOC CRM ontology, determine whether it is satisfiable (true of false).
∃P30i_custody_transferred_through.(E74_Group) ⊓ ∀P27_moved_from.(¬(E74_Group)) ⊓ ∃P30i_custody_transferred_through.(¬(E74_Group))",,True,2_5,arts_media_entertainment/cidoc_crm,,,
2_5_ygi3c1di,"Given the following Description Logic expression from the CIDOC CRM ontology, determine whether it is satisfiable (true of false).
≥2 P94_has_created.(E35_Title) ⊓ ≤1 P94_has_created.(E35_Title)",,False,2_5,arts_media_entertainment/cidoc_crm,,,
2_5_k785c4om,"In the ontology of European Legislation Identifier, determine whether it is satisfiable (true of false).
 ≥4 implemented_by.(WorkSubdivision) ⊓ ≤3 implemented_by.(WorkSubdivision)",,False,2_5,human_society/people_ontology,,,
2_5_olrnx8gn,"Given the following Description Logic expression from the Public Contracts Ontology, determine whether it is satisfiable (true of false).
=0 contract.(TendersOpening) ⊓ ∃contract.(TendersOpening)",,False,2_5,business_finance/public_contracts_ontology,,,
2_5_w37c8nsp,"Given the following Description Logic expression from the Financial Industry Business Ontology, determine whether it is satisfiable (true of false).
≥2 hasDateEstablished.(InvestmentService) ⊓ ≤1 hasDateEstablished.(InvestmentService)",,False,2_5,business_finance/financial_industry_business_ontology,,,
2_5_m4v1rm27,"Given the following Description Logic expression from the Comic Book Ontology, determine whether it is satisfiable (true of false).
∃publisher.(∀attribute.(ComicCoverArt))",,True,2_5,arts_media_entertainment/comic_book_ontology,,,
2_5_bxwngoha,"Given the following Description Logic expression from the Financial Industry Business Ontology, determine whether it is satisfiable (true of false).
∃hasSettlementAmount.(Settlement.hasPreferredSettlementCurrency.some(Settlement)) ⊓ ¬(∃hasSettlementAmount.(Settlement.hasPreferredSettlementCurrency.some(Settlement)))",,False,2_5,business_finance/financial_industry_business_ontology,,,
2_5_j2wfre6i,"Given the following Description Logic expression from the Geology Ontology, determine whether it is satisfiable (true of false).
=0 GEOCORE_0000015.(GEOCORE_0000008) ⊓ ∃GEOCORE_0000015.(GEOCORE_0000008)",,False,2_5,earth_environment/geocore_ontology,,,
2_5_0ubxf132,"Given the following Description Logic expression from the Plant Ontology, determine whether it is satisfiable (true of false).
∃RO_0002220.(PO_0008044)",,True,2_5,food_agriculture/plant_ontology,,,
2_5_1ofj4ad7,"In the ontology of European Legislation Identifier, determine whether it is satisfiable (true of false).
 ∃ensures_implementation_of.(AdministrativeArea) ⊓ ∀ensures_implementation_of.(¬(AdministrativeArea))",,True,2_5,human_society/people_ontology,,,
2_5_w5dkzc0a,"Given the following Description Logic expression from the Financial Industry Business Ontology, determine whether it is satisfiable (true of false).
∃hasScheduledTerminationDate.(DeliverableObligationBuyer ⊓ ∀hasScheduledTerminationDate.(¬(DeliverableObligationBuyer)))",,True,2_5,business_finance/financial_industry_business_ontology,,,
2_5_lstrpit8,"Given the following Description Logic expression from the Movie Ontology, determine whether it is satisfiable (true of false).
~≥2 FOAF_modifiedmade.(Class) ⊓ ~≤1 FOAF_modifiedmade.(Class)",,False,2_5,arts_media_entertainment/movie_ontology,,,
2_5_wg3lvo26,"Given the following Description Logic expression from the Organization Ontology, determine whether it is satisfiable (true of false).
≥4 originalOrganization.(OrganizationalUnit) ⊓ ≤1 originalOrganization.(OrganizationalUnit)",,False,2_5,business_finance/organization_ontology,,,
2_5_sj1e19dd,"Given the following Description Logic expression from the Financial Instruments Ontology, determine whether it is satisfiable (true of false).
∃isDenominatedIn.(DebtInstrument) ⊓ =0 isDenominatedIn.(DebtInstrument)",,False,2_5,business_finance/financial_instruments_ontology,,,
2_5_4areq3f5,"Given the following Description Logic expression from the Public Contracts Ontology, determine whether it is satisfiable (true of false).
∃contract.(TendersOpening) ⊓ =0 contract.(TendersOpening)",,False,2_5,business_finance/public_contracts_ontology,,,
2_5_2wt327gu,"Given the following Description Logic expression from the Wine Ontology, determine whether it is satisfiable (true of false).
wine#.≥2 adjacentRegion.(wine#.WhiteNonSweetWine) ⊓ wine#.≤1 adjacentRegion.(wine#.WhiteNonSweetWine)",,False,2_5,food_agriculture/wine_ontology,,,
2_5_g39q6jsb,"Given the following Description Logic expression from the Public Contracts Ontology, determine whether it is satisfiable (true of false).
∃specification.(CriterionWeighting) ⊓ ∃kind.(CriterionWeighting)",,True,2_5,business_finance/public_contracts_ontology,,,
2_5_tpgqh21i,"In the ontology of European Legislation Identifier, determine whether it is satisfiable (true of false).
 ∃publishes.(eli.responsibility_of_agent.some(LegalResourceSubdivision)) ⊓ ¬(∃publishes.(eli.responsibility_of_agent.some(LegalResourceSubdivision)))",,False,2_5,human_society/people_ontology,,,
2_5_puqxs0fn,"Given the following Description Logic expression from the Financial Industry Business Ontology, determine whether it is satisfiable (true of false).
≥4 adds.(RegisterSecurity) ⊓ ≤2 adds.(RegisterSecurity)",,False,2_5,business_finance/financial_industry_business_ontology,,,
2_5_nco4vnxo,"Given the following Description Logic expression from the Wine Ontology, determine whether it is satisfiable (true of false).
wine#.∃hasBody.(wine#.RedWine ⊓ wine#.DryRedWine)",,True,2_5,food_agriculture/wine_ontology,,,
2_5_b5p0t580,"Given the following Description Logic expression from the Financial Industry Business Ontology, determine whether it is satisfiable (true of false).
≥3 hasInterestPaymentTerms.(CallWindow) ⊓ ≤1 hasInterestPaymentTerms.(CallWindow)",,False,2_5,business_finance/financial_industry_business_ontology,,,
2_5_fulx6cyg,"Given the following Description Logic expression from the Financial Industry Business Ontology, determine whether it is satisfiable (true of false).
∃isOrganizedIn.(BusinessLicense ⊓ LegalEntity)",,True,2_5,business_finance/financial_industry_business_ontology,,,
2_5_s8g8exwy,"Given the following Description Logic expression from the Plant Ontology, determine whether it is satisfiable (true of false).
∃RO_0002160.(PO_0020014)",,True,2_5,food_agriculture/plant_ontology,,,
2_5_j4wzcfyf,"Given the following Description Logic expression from the Pizza Ontology, determine whether it is satisfiable (true of false).
∀hasTopping.(OneToppingPizza)",,True,2_5,food_agriculture/pizza_ontology,,,
2_5_akvansm9,"Given the following Description Logic expression from the Organization Ontology, determine whether it is satisfiable (true of false).
∃subOrganizationOf.(∀siteOf.(OrganizationalCollaboration)) ⊓ ∀subOrganizationOf.(∃siteOf.(¬(OrganizationalCollaboration)))",,True,2_5,business_finance/organization_ontology,,,
2_5_u5eqq35b,"Given the following Description Logic expression from the Pizza Ontology, determine whether it is satisfiable (true of false).
=1 hasMaterialState.(PizzaDomainConcept) ⊓ =1 hasTopping.(PizzaDomainConcept) ⊓ ∃hasMaterialState.(∀hasTopping.(¬(PizzaDomainConcept)))",,True,2_5,food_agriculture/pizza_ontology,,,
2_5_c0r2ilsf,"Given the following Description Logic expression from the Plant Ontology, determine whether it is satisfiable (true of false).
∃RO_0002258.(RO_0000056.some(PO_0020053)) ⊓ ¬(∃RO_0002258.(RO_0000056.some(PO_0020053)))",,False,2_5,food_agriculture/plant_ontology,,,
2_5_wddkp19u,"Given the following Description Logic expression from the Pizza Ontology, determine whether it is satisfiable (true of false).
≥4 hasMaterialState.(VegePizza10) ⊓ ≤1 hasMaterialState.(VegePizza10)",,False,2_5,food_agriculture/pizza_ontology,,,
2_5_ggqtil5f,"Given the following Description Logic expression from the Pizza Ontology, determine whether it is satisfiable (true of false).
∃hasTopping.(EmptyPizza) ⊓ =0 hasTopping.(EmptyPizza)",,False,2_5,food_agriculture/pizza_ontology,,,
2_5_t9dh7qzr,"Given the following Description Logic expression from the International Classification of Disease Ontology, determine whether it is satisfiable (true of false).
∃RO_0004030.(ICDO_0000171) ⊓ =0 RO_0004030.(ICDO_0000171)",,False,2_5,health_medicine/international_classification_of_disease_ontology,,,
2_5_l1ky2lh9,"Given the following Description Logic expression from the Occupation Ontology, determine whether it is satisfiable (true of false).
∀RO_0000057.(OCCO_11305000)",,True,2_5,business_finance/occupation_ontology,,,
2_5_0s6c5dfo,"Given the following Description Logic expression from the Organization Ontology, determine whether it is satisfiable (true of false).
≥3 hasPrimarySite.(Post) ⊓ ≤2 hasPrimarySite.(Post)",,False,2_5,business_finance/organization_ontology,,,
2_5_5336xxs8,"Given the following Description Logic expression from the Public Contracts Ontology, determine whether it is satisfiable (true of false).
∀frameworkAgreement.(FrameworkAgreement)",,True,2_5,business_finance/public_contracts_ontology,,,
2_5_rtuooot1,"Given the following Description Logic expression from the Semantic Web for Earth and Environmental Terminology, determine whether it is satisfiable (true of false).
≥4 hasWeightedEdge.(Simulation) ⊓ ≤2 hasWeightedEdge.(Simulation)",,False,2_5,earth_environment/sweet,,,
2_5_2w7tflr0,"Given the following Description Logic expression from the Plant Ontology, determine whether it is satisfiable (true of false).
∃BFO_0000062.(PO_0004504) ⊓ =0 BFO_0000062.(PO_0004504)",,False,2_5,food_agriculture/plant_ontology,,,
2_5_md6f464c,"Given the following Description Logic expression from the People Ontology, determine whether it is satisfiable (true of false).
∃has_mother.(people.lorry) ⊓ =0 has_mother.(people.lorry)",,False,2_5,human_society/people_ontology,,,
2_5_pzezq4lp,"Given the following Description Logic expression from the Financial Industry Business Ontology, determine whether it is satisfiable (true of false).
∃precedes.(ContractLifecycle) ⊓ ∀precedes.(¬(ContractLifecycle))",,True,2_5,business_finance/financial_industry_business_ontology,,,
2_5_20q3145m,"Given the following Description Logic expression from the International Classification of Disease Ontology, determine whether it is satisfiable (true of false).
∃ICDO_0000081.(ICDO_0000193) ⊓ =0 ICDO_0000081.(ICDO_0000193)",,False,2_5,health_medicine/international_classification_of_disease_ontology,,,
2_5_6vg6utu7,"Given the following Description Logic expression from the Extensible Observation Ontology, determine whether it is satisfiable (true of false).
∃entityRelated.(∀measuresUsingStandard.(Radiance)) ⊓ ∀entityRelated.(∃measuresUsingStandard.(¬(Radiance)))",,True,2_5,earth_environment/extensible_observation_ontology,,,
2_5_0th15xah,"Given the following Description Logic expression from the African Wildlife Ontology, determine whether it is satisfiable (true of false).
∃inheres_in.(AfricanWildlifeOntology1.eaten_by.some(Grass)) ⊓ ¬(∃inheres_in.(AfricanWildlifeOntology1.eaten_by.some(Grass)))",,False,2_5,earth_environment/african_wildlife_ontology,,,
2_5_cl6ohz70,"Given the following Description Logic expression from the Financial Industry Business Ontology, determine whether it is satisfiable (true of false).
∃hasPremium.(BasketIndices.hasMarketCapitalization.some(MarketCapitalization)) ⊓ ¬(∃hasPremium.(BasketIndices.hasMarketCapitalization.some(MarketCapitalization)))",,False,2_5,business_finance/financial_industry_business_ontology,,,
2_5_db1s5rtk,"Given the following Description Logic expression from the Video Game Ontology, determine whether it is satisfiable (true of false).
∃secondaryOf.(POVOf.some(Mechanic)) ⊓ ¬(∃secondaryOf.(POVOf.some(Mechanic)))",,False,2_5,arts_media_entertainment/videowl,,,
2_5_ntlzhkei,"Given the following Description Logic expression from the African Wildlife Ontology, determine whether it is satisfiable (true of false).
≥3 has_part.(Animal) ⊓ ≤2 has_part.(Animal)",,False,2_5,earth_environment/african_wildlife_ontology,,,
2_5_5bvbxu99,"Given the following Description Logic expression from the Plant Ontology, determine whether it is satisfiable (true of false).
≥3 RO_0002160.(PO_0005048) ⊓ ≤2 RO_0002160.(PO_0005048)",,False,2_5,food_agriculture/plant_ontology,,,
2_5_bf5lgom2,"Given the following Description Logic expression from the Occupation Ontology, determine whether it is satisfiable (true of false).
≥4 BFO_0000066.(OCCO_00000088) ⊓ ≤2 BFO_0000066.(OCCO_00000088)",,False,2_5,business_finance/occupation_ontology,,,
2_5_agc8nitt,"Given the following Description Logic expression from the Financial Industry Business Ontology, determine whether it is satisfiable (true of false).
=3 facilitatesPayment.(IssuanceProcessParticipant) ⊓ ≥4 facilitatesPayment.(IssuanceProcessParticipant)",,True,2_5,business_finance/financial_industry_business_ontology,,,
2_5_om0v5qax,"Given the following Description Logic expression from the Extensible Observation Ontology, determine whether it is satisfiable (true of false).
∀hasNextQualifier.(Celsius)",,True,2_5,earth_environment/extensible_observation_ontology,,,
2_5_3i8cqoh2,"Given the following Description Logic expression from the Financial Industry Business Ontology, determine whether it is satisfiable (true of false).
∃usesCurrencyInAveraging.(AsianOption) ⊓ ∀hasSecondRebateAmount.(¬(AsianOption)) ⊓ ∃usesCurrencyInAveraging.(¬(AsianOption))",,True,2_5,business_finance/financial_industry_business_ontology,,,
2_5_2bv3yt3y,"Given the following Description Logic expression from the Financial Industry Business Ontology, determine whether it is satisfiable (true of false).
≥3 expectedClosingDate.(IssuanceProcessActivity) ⊓ ≤1 expectedClosingDate.(IssuanceProcessActivity)",,False,2_5,business_finance/financial_industry_business_ontology,,,
2_5_30b91nsb,"Given the following Description Logic expression from the Financial Industry Business Ontology, determine whether it is satisfiable (true of false).
∃usesCurrency.(CreditCardAgreement) ⊓ =0 usesCurrency.(CreditCardAgreement)",,False,2_5,business_finance/financial_industry_business_ontology,,,
2_5_p9ro6tvg,"Given the following Description Logic expression from the Video Game Ontology, determine whether it is satisfiable (true of false).
≥4 isFriendWithPlayer.(Collection) ⊓ ≤1 isFriendWithPlayer.(Collection)",,False,2_5,arts_media_entertainment/videogameontology,,,
2_5_c40rey9l,"Given the following Description Logic expression from the Wine Ontology, determine whether it is satisfiable (true of false).
wine#.=0 hasBody.(wine#.DryWhiteWine) ⊓ wine#.∃hasBody.(wine#.DryWhiteWine)",,False,2_5,food_agriculture/wine_ontology,,,
2_5_964q2bb5,"Given the following Description Logic expression from the Plant Ontology, determine whether it is satisfiable (true of false).
∀RO_0000057.(PO_0006314)",,True,2_5,food_agriculture/plant_ontology,,,
2_5_ebsz5h2o,"Given the following Description Logic expression from the Financial Industry Business Ontology, determine whether it is satisfiable (true of false).
∀hasSubscriptionPeriod.(PublicOffering)",,True,2_5,business_finance/financial_industry_business_ontology,,,
2_5_7xn3t6sk,"Given the following Description Logic expression from the Movie Ontology, determine whether it is satisfiable (true of false).
~∃FOAF_modifiedknows.(Class ⊓ ~FOAF_modifiedMovie)",,True,2_5,arts_media_entertainment/movie_ontology,,,
2_5_momwr74c,"Given the following Description Logic expression from the Financial Industry Business Ontology, determine whether it is satisfiable (true of false).
=1 hasLastTradingDateTime.(RegisteredSecurity) ⊓ ≥2 hasLastTradingDateTime.(RegisteredSecurity)",,True,2_5,business_finance/financial_industry_business_ontology,,,
2_5_hfld2dkh,"Given the following Description Logic expression from the Video Game Ontology, determine whether it is satisfiable (true of false).
=0 isCharacterInGame.(SpecialPlayStyle) ⊓ ∃isCharacterInGame.(SpecialPlayStyle)",,False,2_5,arts_media_entertainment/videogameontology,,,
2_5_0j56g3zd,"Given the following Description Logic expression from the Financial Industry Business Ontology, determine whether it is satisfiable (true of false).
∀hasCitizenship.(Minor)",,True,2_5,business_finance/financial_industry_business_ontology,,,
2_5_00l5l52j,"Given the following Description Logic expression from the Wine Ontology, determine whether it is satisfiable (true of false).
wine#.∀locatedIn.(wine#.IceWine)",,True,2_5,food_agriculture/wine_ontology,,,
2_5_w5nhjim5,"Given the following Description Logic expression from the People Ontology, determine whether it is satisfiable (true of false).
∃reads.(people.is_pet_of.some(people.publication)) ⊓ ¬(∃reads.(people.is_pet_of.some(people.publication)))",,False,2_5,human_society/people_ontology,,,
2_5_z6oylnq6,"Given the following Description Logic expression from the Movie Ontology, determine whether it is satisfiable (true of false).
~∃FOAF_modifiedmade.(~FOAF_modifiedPerson) ⊓ ~=0 FOAF_modifiedmade.(~FOAF_modifiedPerson)",,False,2_5,arts_media_entertainment/movie_ontology,,,
2_5_r5id8ujb,"Given the following Description Logic expression from the African Wildlife Ontology, determine whether it is satisfiable (true of false).
∃is_proper_part_of.(Leaf ⊓ Predator)",,True,2_5,earth_environment/african_wildlife_ontology,,,
2_5_gdg7cyp3,"Given the following Description Logic expression from the Organization Ontology, determine whether it is satisfiable (true of false).
∃unitOf.(Organization) ⊓ ∀headOf.(¬(Organization)) ⊓ ∃unitOf.(¬(Organization))",,True,2_5,business_finance/organization_ontology,,,
2_5_zi75khy4,"Given the following Description Logic expression from the Wine Ontology, determine whether it is satisfiable (true of false).
wine#.∀hasFlavor.(wine#.RoseWine)",,True,2_5,food_agriculture/wine_ontology,,,
2_5_ohpt0hbn,"Given the following Description Logic expression from the Financial Industry Business Ontology, determine whether it is satisfiable (true of false).
∃confersOwnershipOf.(ConvertiblePreferredShare ⊓ PreferredShare)",,True,2_5,business_finance/financial_industry_business_ontology,,,
2_5_2bmyyrzy,"Given the following Description Logic expression from the Business Process Model and Notation, determine whether it is satisfiable (true of false).
≥5 has_assignment_from.(BPMNOntology.reference_sub_process) ⊓ ≤4 has_assignment_from.(BPMNOntology.reference_sub_process)",,False,2_5,business_finance/bpmn,,,
2_5_goc3kbwt,"Given the following Description Logic expression from the Financial Industry Business Ontology, determine whether it is satisfiable (true of false).
∃hasPremium.(CreditIndex) ⊓ =0 hasPremium.(CreditIndex)",,False,2_5,business_finance/financial_industry_business_ontology,,,
2_5_oxm2h7er,"In the ontology of Public Procurement Ontology, determine whether it is satisfiable (true of false).
 ∃managingDepartment.(pproc_1.0.0.price.some(Place)) ⊓ ¬(∃managingDepartment.(pproc_1.0.0.price.some(Place)))",,False,2_5,human_society/public_procurement_ontologyy,,,
2_5_qxion8on,"In the ontology of Public Procurement Ontology, determine whether it is satisfiable (true of false).
 ∃tenderersRequirements.(ElectronicAuction) ⊓ ∀contractOrProcedureExtinction.(¬(ElectronicAuction)) ⊓ ∃tenderersRequirements.(¬(ElectronicAuction))",,True,2_5,human_society/public_procurement_ontologyy,,,
2_5_w7bqwv0l,"Given the following Description Logic expression from the Comic Book Ontology, determine whether it is satisfiable (true of false).
∃collectedIn.(cbo.imprintOf.some(Grade)) ⊓ ¬(∃collectedIn.(cbo.imprintOf.some(Grade)))",,False,2_5,arts_media_entertainment/comic_book_ontology,,,
2_5_66frdrd9,"In the ontology of European Legislation Identifier, determine whether it is satisfiable (true of false).
 ≥5 implements.(ResourceType) ⊓ ≤1 implements.(ResourceType)",,False,2_5,human_society/people_ontology,,,
2_5_d91z0zd0,"Given the following Description Logic expression from the Financial Industry Business Ontology, determine whether it is satisfiable (true of false).
∀hasOriginalIssueDiscount.(RetailAssetPoolCreationProcess)",,True,2_5,business_finance/financial_industry_business_ontology,,,
2_5_0zrz4ike,"Given the following Description Logic expression from the CIDOC CRM ontology, determine whether it is satisfiable (true of false).
≥2 P25_moved.(E6_Destruction) ⊓ ≤1 P25_moved.(E6_Destruction)",,False,2_5,arts_media_entertainment/cidoc_crm,,,
2_5_8kzfaorp,"Given the following Description Logic expression from the Occupation Ontology, determine whether it is satisfiable (true of false).
∃OCCO_00000010.(OCCO_13104000 ⊓ OCCO_51606300)",,True,2_5,business_finance/occupation_ontology,,,
2_5_idxal6d4,"Given the following Description Logic expression from the Financial Industry Business Ontology, determine whether it is satisfiable (true of false).
∃hasReferenceCurrency.(OvernightRate) ⊓ ∀hasReferenceCurrency.(¬(OvernightRate))",,True,2_5,business_finance/financial_industry_business_ontology,,,
2_5_ximinuhu,"Given the following Description Logic expression from the Plant Ontology, determine whether it is satisfiable (true of false).
∀RO_0000056.(PO_0006067)",,True,2_5,food_agriculture/plant_ontology,,,
2_5_pv5ze95m,"Given the following Description Logic expression from the Business Process Model and Notation, determine whether it is satisfiable (true of false).
=1 has_message_event_message_ref.(BPMNOntology.data_object) ⊓ =1 has_reference_sub_process_sub_sub_process_ref.(BPMNOntology.data_object) ⊓ ∃has_message_event_message_ref.(∀has_reference_sub_process_sub_sub_process_ref.(¬(BPMNOntology.data_object)))",,True,2_5,business_finance/bpmn,,,
2_5_0lpu0qnn,"Given the following Description Logic expression from the Movie Ontology, determine whether it is satisfiable (true of false).
~∃FOAF_modifieddepicts.(~FOAF_modifiedMovie ⊓ ~∀FOAF_modifieddepicts.(¬(~FOAF_modifiedMovie)))",,True,2_5,arts_media_entertainment/movie_ontology,,,
2_5_sooibzml,"Given the following Description Logic expression from the CIDOC CRM ontology, determine whether it is satisfiable (true of false).
∃P96_by_mother.(E96_Purchase ⊓ E99_Product_Type)",,True,2_5,arts_media_entertainment/cidoc_crm,,,
2_5_zcnl7ufl,"Given the following Description Logic expression from the Pizza Ontology, determine whether it is satisfiable (true of false).
∀hasMaterialState.(MeatAndFishPizza_Closed)",,True,2_5,food_agriculture/pizza_ontology,,,
2_5_d17bas8j,"Given the following Description Logic expression from the Public Contracts Ontology, determine whether it is satisfiable (true of false).
=1 agreedPrice.(AwardCriteriaCombination) ⊓ =1 documentationPrice.(AwardCriteriaCombination) ⊓ ∃agreedPrice.(∀documentationPrice.(¬(AwardCriteriaCombination)))",,True,2_5,business_finance/public_contracts_ontology,,,
2_5_7t1aslix,"Given the following Description Logic expression from the Geology Ontology, determine whether it is satisfiable (true of false).
∃GEOCORE_0000014.(BFO_0000141) ⊓ =0 GEOCORE_0000014.(BFO_0000141)",,False,2_5,earth_environment/geocore_ontology,,,
2_5_gej04b5n,"Given the following Description Logic expression from the Financial Industry Business Ontology, determine whether it is satisfiable (true of false).
∃hasPriceAndYieldDayCountConvention.(DebtInstruments.hasRepaymentTerms.some(NonTradableDebtInstrument)) ⊓ ¬(∃hasPriceAndYieldDayCountConvention.(DebtInstruments.hasRepaymentTerms.some(NonTradableDebtInstrument)))",,False,2_5,business_finance/financial_industry_business_ontology,,,
2_5_avpbkw0u,"Given the following Description Logic expression from the International Classification of Disease Ontology, determine whether it is satisfiable (true of false).
∀RO_0001020.(ICDO_0000500)",,True,2_5,health_medicine/international_classification_of_disease_ontology,,,
2_5_1c5poq3i,"Given the following Description Logic expression from the International Classification of Disease Ontology, determine whether it is satisfiable (true of false).
=3 RO_0004008.(ICDO_0000415) ⊓ ≥4 RO_0004008.(ICDO_0000415)",,True,2_5,health_medicine/international_classification_of_disease_ontology,,,
2_5_1p1rvowe,"Given the following Description Logic expression from the Plant Ontology, determine whether it is satisfiable (true of false).
≥3 RO_0002160.(PO_0000286) ⊓ ≤2 RO_0002160.(PO_0000286)",,False,2_5,food_agriculture/plant_ontology,,,
2_5_j1xb14q3,"Given the following Description Logic expression from the Business Process Model and Notation, determine whether it is satisfiable (true of false).
=0 has_flow_object_assignment.(BPMNOntology.reference_sub_process) ⊓ ∃has_flow_object_assignment.(BPMNOntology.reference_sub_process)",,False,2_5,business_finance/bpmn,,,
2_5_n7l43zto,"Given the following Description Logic expression from the Organization Ontology, determine whether it is satisfiable (true of false).
≥5 hasSite.(Site) ⊓ ≤3 hasSite.(Site)",,False,2_5,business_finance/organization_ontology,,,
2_5_ubn6qluz,"Given the following Description Logic expression from the Financial Industry Business Ontology, determine whether it is satisfiable (true of false).
≥4 hasFirstBarrierPrice.(AsianOption) ⊓ ≤3 hasFirstBarrierPrice.(AsianOption)",,False,2_5,business_finance/financial_industry_business_ontology,,,
2_5_8064dc6j,"Given the following Description Logic expression from the Movie Ontology, determine whether it is satisfiable (true of false).
~∃FOAF_modifiedisActedBy.(SpatialThing ⊓ ~∀FOAF_modifiedisActedBy.(¬(SpatialThing)))",,True,2_5,arts_media_entertainment/movie_ontology,,,
2_5_pscqkudm,"Given the following Description Logic expression from the Movie Ontology, determine whether it is satisfiable (true of false).
~∃FOAF_modifieddirects.(~FOAF_modifiedPerson) ⊓ ~=0 FOAF_modifieddirects.(~FOAF_modifiedPerson)",,False,2_5,arts_media_entertainment/movie_ontology,,,
2_5_ru4e7oly,"Given the following Description Logic expression from the Pizza Ontology, determine whether it is satisfiable (true of false).
∃hasTopping.(OneToppingPizza)",,True,2_5,food_agriculture/pizza_ontology,,,
2_5_5cov8uoe,"Given the following Description Logic expression from the Comic Book Ontology, determine whether it is satisfiable (true of false).
∃penciller.(cbo.edition.some(PublicationVolume)) ⊓ ¬(∃penciller.(cbo.edition.some(PublicationVolume)))",,False,2_5,arts_media_entertainment/comic_book_ontology,,,
2_5_e27l3o66,"Given the following Description Logic expression from the Public Contracts Ontology, determine whether it is satisfiable (true of false).
≥4 contractingAuthority.(AwardCriteriaCombination) ⊓ ≤3 contractingAuthority.(AwardCriteriaCombination)",,False,2_5,business_finance/public_contracts_ontology,,,
2_5_hh8nyvja,"Given the following Description Logic expression from the Financial Industry Business Ontology, determine whether it is satisfiable (true of false).
∃hasThirdParty.(Contracts.hasPrincipalParty.some(IdentityDocument)) ⊓ ¬(∃hasThirdParty.(Contracts.hasPrincipalParty.some(IdentityDocument)))",,False,2_5,business_finance/financial_industry_business_ontology,,,
2_5_habcdkis,"Given the following Description Logic expression from the Movie Ontology, determine whether it is satisfiable (true of false).
~≥3 FOAF_modifiedisActedBy.(Class) ⊓ ~≤2 FOAF_modifiedisActedBy.(Class)",,False,2_5,arts_media_entertainment/movie_ontology,,,
2_5_8ys1fb3y,"Given the following Description Logic expression from the Extensible Observation Ontology, determine whether it is satisfiable (true of false).
∃entityRelated.(MicrometerSquared) ⊓ =0 entityRelated.(MicrometerSquared)",,False,2_5,earth_environment/extensible_observation_ontology,,,
2_5_pjbm0ucc,"Given the following Description Logic expression from the Addiction Ontology, determine whether it is satisfiable (true of false).
∃BFO_0000051.(RO_0002328.some(ADDICTO_0001047)) ⊓ ¬(∃BFO_0000051.(RO_0002328.some(ADDICTO_0001047)))",,False,2_5,health_medicine/addiction_ontology,,,
2_5_lta35qbn,"Given the following Description Logic expression from the Public Contracts Ontology, determine whether it is satisfiable (true of false).
≥4 expectedNumberOfOperators.(FrameworkAgreement) ⊓ ≤2 expectedNumberOfOperators.(FrameworkAgreement)",,False,2_5,business_finance/public_contracts_ontology,,,
2_5_gg57qzh4,"Given the following Description Logic expression from the International Classification of Disease Ontology, determine whether it is satisfiable (true of false).
=2 RO_0002565.(ICDO_0000174) ⊓ ≥3 RO_0002565.(ICDO_0000174)",,True,2_5,health_medicine/international_classification_of_disease_ontology,,,
2_5_s67kz7fg,"Given the following Description Logic expression from the Financial Instruments Ontology, determine whether it is satisfiable (true of false).
=0 hasValueExpressedIn.(SecuritiesTransaction) ⊓ ∃hasValueExpressedIn.(SecuritiesTransaction)",,False,2_5,business_finance/financial_instruments_ontology,,,
2_5_19396d3e,"Given the following Description Logic expression from the Extensible Observation Ontology, determine whether it is satisfiable (true of false).
∃usesProtocol.(Hour) ⊓ =0 usesProtocol.(Hour)",,False,2_5,earth_environment/extensible_observation_ontology,,,
2_5_fs81iawc,"Given the following Description Logic expression from the Organization Ontology, determine whether it is satisfiable (true of false).
∃resultedFrom.(org.hasSubOrganization.some(Post)) ⊓ ¬(∃resultedFrom.(org.hasSubOrganization.some(Post)))",,False,2_5,business_finance/organization_ontology,,,
2_5_ukdy4p1b,"Given the following Description Logic expression from the Plant Ontology, determine whether it is satisfiable (true of false).
∀RO_0000057.(PO_0009019)",,True,2_5,food_agriculture/plant_ontology,,,
2_5_p4go9cr7,"Given the following Description Logic expression from the Business Process Model and Notation, determine whether it is satisfiable (true of false).
∃has_embedded_sub_process_ad_hoc_completion_condition.(BPMNOntology.web_service ⊓ ∀has_embedded_sub_process_ad_hoc_completion_condition.(¬(BPMNOntology.web_service)))",,True,2_5,business_finance/bpmn,,,
2_5_evg9wguk,"Given the following Description Logic expression from the CIDOC CRM ontology, determine whether it is satisfiable (true of false).
∀P16_used_specific_object.(E79_Part_Addition)",,True,2_5,arts_media_entertainment/cidoc_crm,,,
2_5_xexclal8,"Given the following Description Logic expression from the Public Contracts Ontology, determine whether it is satisfiable (true of false).
≥3 agreement.(TendersOpening) ⊓ ≤2 agreement.(TendersOpening)",,False,2_5,business_finance/public_contracts_ontology,,,
2_5_tk3j5zz1,"Given the following Description Logic expression from the Pizza Ontology, determine whether it is satisfiable (true of false).
∃hasMaterialState.(pizza.hasTopping.some(FishPizza_Open)) ⊓ ¬(∃hasMaterialState.(pizza.hasTopping.some(FishPizza_Open)))",,False,2_5,food_agriculture/pizza_ontology,,,
2_5_4blfngnd,"Given the following Description Logic expression from the International Classification of Disease Ontology, determine whether it is satisfiable (true of false).
∃RO_0002600.(ICDO_0000107)",,True,2_5,health_medicine/international_classification_of_disease_ontology,,,
2_5_7xo5g7aq,"Given the following Description Logic expression from the Financial Industry Business Ontology, determine whether it is satisfiable (true of false).
∃hasPartyInControl.(DeJureControl)",,True,2_5,business_finance/financial_industry_business_ontology,,,
2_5_mtt2scc7,"Given the following Description Logic expression from the Comic Book Ontology, determine whether it is satisfiable (true of false).
=3 translationOf.(Contributor) ⊓ ≥4 translationOf.(Contributor)",,True,2_5,arts_media_entertainment/comic_book_ontology,,,
2_5_e2l9cyws,"Given the following Description Logic expression from the Comic Book Ontology, determine whether it is satisfiable (true of false).
∃seriesOf.(Genre)",,True,2_5,arts_media_entertainment/comic_book_ontology,,,
2_5_kta77hxg,"Given the following Description Logic expression from the Financial Industry Business Ontology, determine whether it is satisfiable (true of false).
∃hasPaymentSchedule.(Payer) ⊓ ∀hasPaymentSchedule.(¬(Payer))",,True,2_5,business_finance/financial_industry_business_ontology,,,
2_5_bffsboz0,"Given the following Description Logic expression from the Financial Industry Business Ontology, determine whether it is satisfiable (true of false).
∃isCausedBy.(Referent) ⊓ ∀isCausedBy.(¬(Referent))",,True,2_5,business_finance/financial_industry_business_ontology,,,
2_5_gm9qnttt,"Given the following Description Logic expression from the Wine Ontology, determine whether it is satisfiable (true of false).
wine#.∃hasSugar.(wine#.DryRedWine)",,True,2_5,food_agriculture/wine_ontology,,,
2_5_ohegzy5m,"Given the following Description Logic expression from the Extensible Observation Ontology, determine whether it is satisfiable (true of false).
∃hasNextQualifier.(DecigramToKilogram ⊓ PoundToKilogram)",,True,2_5,earth_environment/extensible_observation_ontology,,,
2_5_vmyigsi4,"Given the following Description Logic expression from the International Classification of Disease Ontology, determine whether it is satisfiable (true of false).
∃RO_0002331.(ICDO_0000382 ⊓ ICDO_0000088)",,True,2_5,health_medicine/international_classification_of_disease_ontology,,,
2_5_ixev1a4o,"Given the following Description Logic expression from the Wine Ontology, determine whether it is satisfiable (true of false).
wine#.∃hasVintageYear.(wine#.hasSugar.some(wine#.Chardonnay)) ⊓ ¬(wine#.∃hasVintageYear.(wine#.hasSugar.some(wine#.Chardonnay)))",,False,2_5,food_agriculture/wine_ontology,,,
2_5_gozawztw,"Given the following Description Logic expression from the Addiction Ontology, determine whether it is satisfiable (true of false).
∃RO_0002328.(BFO_0000055.some(OBI_0000011)) ⊓ ¬(∃RO_0002328.(BFO_0000055.some(OBI_0000011)))",,False,2_5,health_medicine/addiction_ontology,,,
2_5_gp1dawp9,"Given the following Description Logic expression from the Financial Industry Business Ontology, determine whether it is satisfiable (true of false).
≥4 shareUnderwriter.(CorporateBroker) ⊓ ≤3 shareUnderwriter.(CorporateBroker)",,False,2_5,business_finance/financial_industry_business_ontology,,,
2_5_w7h80tr5,"Given the following Description Logic expression from the Wine Ontology, determine whether it is satisfiable (true of false).
wine#.∃hasMaker.(wine#.WineSugar) ⊓ wine#.∀hasMaker.(¬(wine#.WineSugar))",,True,2_5,food_agriculture/wine_ontology,,,
2_5_jhl7mi86,"In the ontology of Public Procurement Ontology, determine whether it is satisfiable (true of false).
 ∃estimatedValue.(MixedContract ⊓ OrdinaryAdministrativeRemedy)",,True,2_5,human_society/public_procurement_ontologyy,,,
2_5_wb6k4pee,"Given the following Description Logic expression from the Wine Ontology, determine whether it is satisfiable (true of false).
wine#.=1 hasMaker.(wine#.TableWine) ⊓ wine#.=1 hasVintageYear.(wine#.TableWine) ⊓ wine#.∃hasMaker.(wine#.∀hasVintageYear.(¬(wine#.TableWine)))",,True,2_5,food_agriculture/wine_ontology,,,
2_5_hcrzb0xk,"Given the following Description Logic expression from the Financial Industry Business Ontology, determine whether it is satisfiable (true of false).
∃hasDeliveryMethod.(Settlement.hasPreferredSettlementCurrency.some(SettlementConvention)) ⊓ ¬(∃hasDeliveryMethod.(Settlement.hasPreferredSettlementCurrency.some(SettlementConvention)))",,False,2_5,business_finance/financial_industry_business_ontology,,,
2_5_zxhp0e98,"Given the following Description Logic expression from the International Classification of Disease Ontology, determine whether it is satisfiable (true of false).
∀ICDO_0000042.(ICDO_0000504)",,True,2_5,health_medicine/international_classification_of_disease_ontology,,,
2_5_oby61vi8,"Given the following Description Logic expression from the Financial Industry Business Ontology, determine whether it is satisfiable (true of false).
=1 usesCurrency.(CardVerificationValue2) ⊓ =1 hasCreditCardNetwork.(CardVerificationValue2) ⊓ ∃usesCurrency.(∀hasCreditCardNetwork.(¬(CardVerificationValue2)))",,True,2_5,business_finance/financial_industry_business_ontology,,,
2_5_oo9h3x5j,"Given the following Description Logic expression from the Movie Ontology, determine whether it is satisfiable (true of false).
~∃FOAF_modifiedmaker.(~FOAF_modifiedAgent ⊓ ~∀FOAF_modifiedmaker.(~FOAF_modifiedActor))",,True,2_5,arts_media_entertainment/movie_ontology,,,
2_5_bjuhm8it,"Given the following Description Logic expression from the Financial Industry Business Ontology, determine whether it is satisfiable (true of false).
≥3 hasRegistrationStatus.(EntityExpirationReason) ⊓ ≤1 hasRegistrationStatus.(EntityExpirationReason)",,False,2_5,business_finance/financial_industry_business_ontology,,,
2_5_067ux9tl,"Given the following Description Logic expression from the People Ontology, determine whether it is satisfiable (true of false).
∃has_father.(people.bus_driver) ⊓ =0 has_father.(people.bus_driver)",,False,2_5,human_society/people_ontology,,,
2_5_h054zhtn,"Given the following Description Logic expression from the Financial Industry Business Ontology, determine whether it is satisfiable (true of false).
∃hasRelativePriceAtRedemption.(CallPremium) ⊓ =0 hasRelativePriceAtRedemption.(CallPremium)",,False,2_5,business_finance/financial_industry_business_ontology,,,
2_5_23yvf2fz,"Given the following Description Logic expression from the International Classification of Disease Ontology, determine whether it is satisfiable (true of false).
≥5 ICDO_0000042.(ICDO_0000123) ⊓ ≤3 ICDO_0000042.(ICDO_0000123)",,False,2_5,health_medicine/international_classification_of_disease_ontology,,,
2_5_z7lgl6yy,"Given the following Description Logic expression from the Occupation Ontology, determine whether it is satisfiable (true of false).
∀RO_0004097.(OCCO_49904100)",,True,2_5,business_finance/occupation_ontology,,,
2_5_gg391ybl,"Given the following Description Logic expression from the Geology Ontology, determine whether it is satisfiable (true of false).
≥2 GEOCORE_0000014.(GEOCORE_0000002) ⊓ ≤1 GEOCORE_0000014.(GEOCORE_0000002)",,False,2_5,earth_environment/geocore_ontology,,,
2_5_zixbs32g,"Given the following Description Logic expression from the Movie Ontology, determine whether it is satisfiable (true of false).
~≥5 FOAF_modifieddirects.(~FOAF_modifiedDirector) ⊓ ~≤2 FOAF_modifieddirects.(~FOAF_modifiedDirector)",,False,2_5,arts_media_entertainment/movie_ontology,,,
2_5_6ex76wh5,"Given the following Description Logic expression from the Financial Instruments Ontology, determine whether it is satisfiable (true of false).
∃hasShareholder.(DebtInstrument) ⊓ =0 hasShareholder.(DebtInstrument)",,False,2_5,business_finance/financial_instruments_ontology,,,
2_5_9g1m0dot,"In the ontology of European Legislation Identifier, determine whether it is satisfiable (true of false).
 ∃corrects.(R10_has_member.some(LegalResource)) ⊓ ¬(∃corrects.(R10_has_member.some(LegalResource)))",,False,2_5,human_society/people_ontology,,,
2_5_bmj2pzo9,"Given the following Description Logic expression from the African Wildlife Ontology, determine whether it is satisfiable (true of false).
=0 inhabits.(Den) ⊓ ∃inhabits.(Den)",,False,2_5,earth_environment/african_wildlife_ontology,,,
2_5_awtojj1r,"Given the following Description Logic expression from the Comic Book Ontology, determine whether it is satisfiable (true of false).
∃artist.(Pedigree ⊓ Format)",,True,2_5,arts_media_entertainment/comic_book_ontology,,,
2_5_q7kjofis,"Given the following Description Logic expression from the Movie Ontology, determine whether it is satisfiable (true of false).
~∃FOAF_modifiedmade.(~FOAF_modifiedmaker.some(~FOAF_modifiedActor)) ⊓ ¬(~∃FOAF_modifiedmade.(~FOAF_modifiedmaker.some(~FOAF_modifiedActor)))",,False,2_5,arts_media_entertainment/movie_ontology,,,
2_5_9kbk2dk7,"Given the following Description Logic expression from the Extensible Observation Ontology, determine whether it is satisfiable (true of false).
∀containsMeasurementsOfType.(CategoricalStandard)",,True,2_5,earth_environment/extensible_observation_ontology,,,
2_5_bcc3omuk,"Given the following Description Logic expression from the Wine Ontology, determine whether it is satisfiable (true of false).
wine#.∃hasVintageYear.(wine#.Pauillac) ⊓ wine#.∀hasMaker.(¬(wine#.Pauillac)) ⊓ wine#.∃hasVintageYear.(¬(wine#.Pauillac))",,True,2_5,food_agriculture/wine_ontology,,,
2_5_demhylmb,"Given the following Description Logic expression from the Financial Industry Business Ontology, determine whether it is satisfiable (true of false).
∃isInForceIn.(∀hasInForce.(Constitution))",,True,2_5,business_finance/financial_industry_business_ontology,,,
2_5_wz0c6lc0,"Given the following Description Logic expression from the CIDOC CRM ontology, determine whether it is satisfiable (true of false).
=0 P34_concerned.(E78_Curated_Holding) ⊓ ∃P34_concerned.(E78_Curated_Holding)",,False,2_5,arts_media_entertainment/cidoc_crm,,,
2_5_ddyx0wx3,"Given the following Description Logic expression from the Semantic Web for Earth and Environmental Terminology, determine whether it is satisfiable (true of false).
=0 hasImpactOn.(Caracolite) ⊓ ∃hasImpactOn.(Caracolite)",,False,2_5,earth_environment/sweet,,,
2_5_xp9c7u5t,"Given the following Description Logic expression from the Plant Ontology, determine whether it is satisfiable (true of false).
∃RO_0002220.(PO_0006443 ⊓ PO_0025568)",,True,2_5,food_agriculture/plant_ontology,,,
2_5_zo66ucn8,"Given the following Description Logic expression from the Public Contracts Ontology, determine whether it is satisfiable (true of false).
=0 frameworkAgreement.(AwardCriteriaCombination) ⊓ ∃frameworkAgreement.(AwardCriteriaCombination)",,False,2_5,business_finance/public_contracts_ontology,,,
2_5_44vj9clc,"Given the following Description Logic expression from the Public Contracts Ontology, determine whether it is satisfiable (true of false).
∀frameworkAgreement.(AwardCriteriaCombination)",,True,2_5,business_finance/public_contracts_ontology,,,
2_5_uhd5nfqe,"Given the following Description Logic expression from the Financial Industry Business Ontology, determine whether it is satisfiable (true of false).
∃hasGuarantor.(NegativePledge)",,True,2_5,business_finance/financial_industry_business_ontology,,,
2_5_njjzp4uw,"Given the following Description Logic expression from the Addiction Ontology, determine whether it is satisfiable (true of false).
∃RO_0000056.(ADDICTO_0000216)",,True,2_5,health_medicine/addiction_ontology,,,
2_5_i8fm7anz,"Given the following Description Logic expression from the Financial Industry Business Ontology, determine whether it is satisfiable (true of false).
=0 regulates.(RegulationIdentifier) ⊓ ∃regulates.(RegulationIdentifier)",,False,2_5,business_finance/financial_industry_business_ontology,,,
2_5_3psjs370,"Given the following Description Logic expression from the Financial Industry Business Ontology, determine whether it is satisfiable (true of false).
∀isLegallyRecordedIn.(ExemptSecurity)",,True,2_5,business_finance/financial_industry_business_ontology,,,
2_5_52squhwp,"Given the following Description Logic expression from the Video Game Ontology, determine whether it is satisfiable (true of false).
≥5 employeeOf.(VisualNovel) ⊓ ≤2 employeeOf.(VisualNovel)",,False,2_5,arts_media_entertainment/videowl,,,
2_5_r7ktsq40,"Given the following Description Logic expression from the Public Contracts Ontology, determine whether it is satisfiable (true of false).
∃kind.(CriterionWeighting ⊓ ∀kind.(AwardCriteriaCombination))",,True,2_5,business_finance/public_contracts_ontology,,,
2_5_s82dcp83,"Given the following Description Logic expression from the Financial Industry Business Ontology, determine whether it is satisfiable (true of false).
∃hasTradedSecurity.(DepositaryReceipts.hasTradedShare.some(SponsoredDepositaryReceipt)) ⊓ ¬(∃hasTradedSecurity.(DepositaryReceipts.hasTradedShare.some(SponsoredDepositaryReceipt)))",,False,2_5,business_finance/financial_industry_business_ontology,,,
2_5_8cy4z2pr,"Given the following Description Logic expression from the Video Game Ontology, determine whether it is satisfiable (true of false).
∃hasNarrative.(Multiplayer) ⊓ =0 hasNarrative.(Multiplayer)",,False,2_5,arts_media_entertainment/videowl,,,
2_5_dehwd81u,"Given the following Description Logic expression from the Organization Ontology, determine whether it is satisfiable (true of false).
∃hasPost.(org.hasMembership.some(OrganizationalCollaboration)) ⊓ ¬(∃hasPost.(org.hasMembership.some(OrganizationalCollaboration)))",,False,2_5,business_finance/organization_ontology,,,
2_5_q9nabjvw,"Given the following Description Logic expression from the Financial Industry Business Ontology, determine whether it is satisfiable (true of false).
∃isRecognizedIn.(SpecialPurposeVehicle) ⊓ ∀isRecognizedIn.(¬(SpecialPurposeVehicle)) ⊓ ∃isRecognizedIn.(¬(SpecialPurposeVehicle))",,True,2_5,business_finance/financial_industry_business_ontology,,,
2_5_lklcdgri,"Given the following Description Logic expression from the Plant Ontology, determine whether it is satisfiable (true of false).
=0 PO_0040001.(PO_0004710) ⊓ ∃PO_0040001.(PO_0004710)",,False,2_5,food_agriculture/plant_ontology,,,
2_5_rswv4ds2,"Given the following Description Logic expression from the Organization Ontology, determine whether it is satisfiable (true of false).
∃resultingOrganization.(OrganizationalCollaboration)",,True,2_5,business_finance/organization_ontology,,,
2_5_oksfvcjw,"Given the following Description Logic expression from the Financial Industry Business Ontology, determine whether it is satisfiable (true of false).
≥5 hasElectronicMailAddress.(VirtualLocation) ⊓ ≤2 hasElectronicMailAddress.(VirtualLocation)",,False,2_5,business_finance/financial_industry_business_ontology,,,
2_5_aofjell0,"Given the following Description Logic expression from the Addiction Ontology, determine whether it is satisfiable (true of false).
∃topObjectProperty.(RO_0000087.some(ADDICTO_0001248)) ⊓ ¬(∃topObjectProperty.(RO_0000087.some(ADDICTO_0001248)))",,False,2_5,health_medicine/addiction_ontology,,,
2_5_pg4pm0ad,"Given the following Description Logic expression from the Semantic Web for Earth and Environmental Terminology, determine whether it is satisfiable (true of false).
=0 hasReactionProduct.(Peridotite) ⊓ ∃hasReactionProduct.(Peridotite)",,False,2_5,earth_environment/sweet,,,
2_5_de33fxqq,"Given the following Description Logic expression from the Extensible Observation Ontology, determine whether it is satisfiable (true of false).
∃entityRelated.(FootGoldCoastToMeter) ⊓ =0 entityRelated.(FootGoldCoastToMeter)",,False,2_5,earth_environment/extensible_observation_ontology,,,
2_5_nx3du1s6,"In the ontology of Public Procurement Ontology, determine whether it is satisfiable (true of false).
 ∃contractModificationConditions.(pproc_1.0.0.resolutionDocumentReference.some(Document)) ⊓ ¬(∃contractModificationConditions.(pproc_1.0.0.resolutionDocumentReference.some(Document)))",,False,2_5,human_society/public_procurement_ontologyy,,,
2_5_2x0tv4ye,"In the ontology of European Legislation Identifier, determine whether it is satisfiable (true of false).
 ∃is_derivative_of.(Organization) ⊓ ∀is_derivative_of.(¬(Organization))",,True,2_5,human_society/people_ontology,,,
2_5_g8ztf96r,"Given the following Description Logic expression from the Addiction Ontology, determine whether it is satisfiable (true of false).
∀RO_0000056.(ADDICTO_0001136)",,True,2_5,health_medicine/addiction_ontology,,,
2_5_zypl9w49,"Given the following Description Logic expression from the Organization Ontology, determine whether it is satisfiable (true of false).
∃heldBy.(Site)",,True,2_5,business_finance/organization_ontology,,,
2_5_4kvc3fz7,"Given the following Description Logic expression from the Financial Industry Business Ontology, determine whether it is satisfiable (true of false).
∃hasPutFeature.(PutFeature) ⊓ =0 hasPutFeature.(PutFeature)",,False,2_5,business_finance/financial_industry_business_ontology,,,
2_5_0ndwynqe,"Given the following Description Logic expression from the Geology Ontology, determine whether it is satisfiable (true of false).
∃GEOCORE_0000016.(BFO_0000057.some(GEOCORE_0000010)) ⊓ ¬(∃GEOCORE_0000016.(BFO_0000057.some(GEOCORE_0000010)))",,False,2_5,earth_environment/geocore_ontology,,,
2_5_6yxl2vdc,"Given the following Description Logic expression from the Public Contracts Ontology, determine whether it is satisfiable (true of false).
∀expectedNumberOfOperators.(TendersOpening)",,True,2_5,business_finance/public_contracts_ontology,,,
2_5_3jtg94c3,"Given the following Description Logic expression from the Plant Ontology, determine whether it is satisfiable (true of false).
≥5 RO_0001025.(PO_0006454) ⊓ ≤2 RO_0001025.(PO_0006454)",,False,2_5,food_agriculture/plant_ontology,,,
2_5_oc8b8pd3,"Given the following Description Logic expression from the African Wildlife Ontology, determine whether it is satisfiable (true of false).
=2 eaten_by.(Stem) ⊓ ≥3 eaten_by.(Stem)",,True,2_5,earth_environment/african_wildlife_ontology,,,
2_5_oiw1p00u,"Given the following Description Logic expression from the CIDOC CRM ontology, determine whether it is satisfiable (true of false).
∃P164_is_temporally_specified_by.(∀P109i_is_current_or_former_curator_of.(E64_End_of_Existence)) ⊓ ∀P164_is_temporally_specified_by.(∃P109i_is_current_or_former_curator_of.(¬(E64_End_of_Existence)))",,True,2_5,arts_media_entertainment/cidoc_crm,,,
2_5_q875mdhk,"Given the following Description Logic expression from the International Classification of Disease Ontology, determine whether it is satisfiable (true of false).
∃RO_0004046.(ICDO_0000094)",,True,2_5,health_medicine/international_classification_of_disease_ontology,,,
2_5_98t5nocy,"Given the following Description Logic expression from the Comic Book Ontology, determine whether it is satisfiable (true of false).
∃imprintOf.(Team)",,True,2_5,arts_media_entertainment/comic_book_ontology,,,
2_5_6667xq1o,"In the ontology of Public Procurement Ontology, determine whether it is satisfiable (true of false).
 =0 complementaryContract.(ConcessionContract) ⊓ ∃complementaryContract.(ConcessionContract)",,False,2_5,human_society/public_procurement_ontologyy,,,
2_5_tzlibjey,"Given the following Description Logic expression from the Occupation Ontology, determine whether it is satisfiable (true of false).
∃RO_0001000.(OCCO_51703000) ⊓ =0 RO_0001000.(OCCO_51703000)",,False,2_5,business_finance/occupation_ontology,,,
2_5_z2g7lnjt,"Given the following Description Logic expression from the Financial Industry Business Ontology, determine whether it is satisfiable (true of false).
∃follows.(SecuritiesTransactions.governs.some(WhenIssuedTransaction)) ⊓ ¬(∃follows.(SecuritiesTransactions.governs.some(WhenIssuedTransaction)))",,False,2_5,business_finance/financial_industry_business_ontology,,,
2_5_paif43pv,"Given the following Description Logic expression from the African Wildlife Ontology, determine whether it is satisfiable (true of false).
∃inhabits.(RockDassie) ⊓ ∀has_part.(¬(RockDassie)) ⊓ ∃inhabits.(¬(RockDassie))",,True,2_5,earth_environment/african_wildlife_ontology,,,
2_5_m3xs05z8,"Given the following Description Logic expression from the International Classification of Disease Ontology, determine whether it is satisfiable (true of false).
∃RO_0004005.(ICDO_0000479) ⊓ =0 RO_0004005.(ICDO_0000479)",,False,2_5,health_medicine/international_classification_of_disease_ontology,,,
2_5_lsp6ap2e,"Given the following Description Logic expression from the Financial Industry Business Ontology, determine whether it is satisfiable (true of false).
∃requiredToMakeEligible.(PrimaryIdentifierIssuer) ⊓ ∀requiredToMakeEligible.(¬(PrimaryIdentifierIssuer))",,True,2_5,business_finance/financial_industry_business_ontology,,,
2_5_fjr7b8bv,"Given the following Description Logic expression from the Semantic Web for Earth and Environmental Terminology, determine whether it is satisfiable (true of false).
=0 wasControlledBy.(Maucherite) ⊓ ∃wasControlledBy.(Maucherite)",,False,2_5,earth_environment/sweet,,,
2_5_bc4rxg74,"Given the following Description Logic expression from the Financial Industry Business Ontology, determine whether it is satisfiable (true of false).
∃hasOperatingAddress.(Division ⊓ JointVenture)",,True,2_5,business_finance/financial_industry_business_ontology,,,
2_5_uhxpghjc,"Given the following Description Logic expression from the Public Contracts Ontology, determine whether it is satisfiable (true of false).
∃contract.(FrameworkAgreement) ⊓ ∀additionalObject.(¬(FrameworkAgreement)) ⊓ ∃contract.(¬(FrameworkAgreement))",,True,2_5,business_finance/public_contracts_ontology,,,
2_5_1hx70hkw,"Given the following Description Logic expression from the Financial Instruments Ontology, determine whether it is satisfiable (true of false).
∀hasSellingCurrency.(PromissoryNote)",,True,2_5,business_finance/financial_instruments_ontology,,,
2_5_95ijr7er,"Given the following Description Logic expression from the Wine Ontology, determine whether it is satisfiable (true of false).
wine#.∃hasSugar.(wine#.hasWineDescriptor.some(wine#.IceWine)) ⊓ ¬(wine#.∃hasSugar.(wine#.hasWineDescriptor.some(wine#.IceWine)))",,False,2_5,food_agriculture/wine_ontology,,,
2_5_2bdl7oif,"Given the following Description Logic expression from the Plant Ontology, determine whether it is satisfiable (true of false).
=3 RO_0002160.(PO_0006377) ⊓ ≥4 RO_0002160.(PO_0006377)",,True,2_5,food_agriculture/plant_ontology,,,
2_5_ngygf3y5,"Given the following Description Logic expression from the Financial Instruments Ontology, determine whether it is satisfiable (true of false).
∀hasSellingCurrency.(SecuritiesTransaction)",,True,2_5,business_finance/financial_instruments_ontology,,,
2_5_vzat60t0,"Given the following Description Logic expression from the Movie Ontology, determine whether it is satisfiable (true of false).
~∃FOAF_modifieddepicts.(~FOAF_modifiedActor) ⊓ ~∀FOAF_modifiedknows.(¬(~FOAF_modifiedActor)) ⊓ ~∃FOAF_modifieddepicts.(¬(~FOAF_modifiedActor))",,True,2_5,arts_media_entertainment/movie_ontology,,,
2_5_0ft8n3a4,"Given the following Description Logic expression from the Financial Industry Business Ontology, determine whether it is satisfiable (true of false).
≥4 hasInitialFundingDate.(ClosedEndMortgageLoan) ⊓ ≤2 hasInitialFundingDate.(ClosedEndMortgageLoan)",,False,2_5,business_finance/financial_industry_business_ontology,,,
2_5_3yhmkx3j,"Given the following Description Logic expression from the Financial Industry Business Ontology, determine whether it is satisfiable (true of false).
∃ownsAsset.(IntangibleAsset ⊓ TangibleAsset)",,True,2_5,business_finance/financial_industry_business_ontology,,,
2_5_x6txs4vm,"Given the following Description Logic expression from the Financial Industry Business Ontology, determine whether it is satisfiable (true of false).
∃hasHomeCountrySupervisor.(∀hasHomeCountry.(FinancialHoldingCompany))",,True,2_5,business_finance/financial_industry_business_ontology,,,
2_5_zb67u23h,"Given the following Description Logic expression from the CIDOC CRM ontology, determine whether it is satisfiable (true of false).
∃P176i_starts_after_the_start_of.(E39_Actor) ⊓ =0 P176i_starts_after_the_start_of.(E39_Actor)",,False,2_5,arts_media_entertainment/cidoc_crm,,,
2_5_rpzhesue,"Given the following Description Logic expression from the Wine Ontology, determine whether it is satisfiable (true of false).
wine#.≥5 madeFromGrape.(wine#.Chardonnay) ⊓ wine#.≤1 madeFromGrape.(wine#.Chardonnay)",,False,2_5,food_agriculture/wine_ontology,,,
2_5_3x64lnfi,"Given the following Description Logic expression from the Pizza Ontology, determine whether it is satisfiable (true of false).
∃hasTopping.(VegetarianToppingsPizza_Closed ⊓ Pizza)",,True,2_5,food_agriculture/pizza_ontology,,,
2_5_dubrmb7y,"Given the following Description Logic expression from the Plant Ontology, determine whether it is satisfiable (true of false).
=1 BFO_0000050.(PO_0004547) ⊓ =1 RO_0002220.(PO_0004547) ⊓ ∃BFO_0000050.(∀RO_0002220.(¬(PO_0004547)))",,True,2_5,food_agriculture/plant_ontology,,,
2_5_s3s8g2mk,"Given the following Description Logic expression from the Movie Ontology, determine whether it is satisfiable (true of false).
~∃FOAF_modifiedacts.(~FOAF_modifiedAgent)",,True,2_5,arts_media_entertainment/movie_ontology,,,
2_5_l7otpgjc,"Given the following Description Logic expression from the Geology Ontology, determine whether it is satisfiable (true of false).
≥5 BFO_0000195.(BFO_0000140) ⊓ ≤1 BFO_0000195.(BFO_0000140)",,False,2_5,earth_environment/geocore_ontology,,,
2_5_eot2c0dr,"Given the following Description Logic expression from the Pizza Ontology, determine whether it is satisfiable (true of false).
=1 hasMaterialState.(PizzaTopping) ⊓ =1 hasTopping.(PizzaTopping) ⊓ ∃hasMaterialState.(∀hasTopping.(¬(PizzaTopping)))",,True,2_5,food_agriculture/pizza_ontology,,,
2_5_zq33zfyj,"Given the following Description Logic expression from the Addiction Ontology, determine whether it is satisfiable (true of false).
∃RO_0000087.(ADDICTO_0000920) ⊓ ∀IAO_0000136.(¬(ADDICTO_0000920)) ⊓ ∃RO_0000087.(¬(ADDICTO_0000920))",,True,2_5,health_medicine/addiction_ontology,,,
2_5_pohvd2oc,"Given the following Description Logic expression from the Occupation Ontology, determine whether it is satisfiable (true of false).
∃RO_0001025.(OCCO_51912400) ⊓ =0 RO_0001025.(OCCO_51912400)",,False,2_5,business_finance/occupation_ontology,,,
2_5_9e1u5xn5,"Given the following Description Logic expression from the Business Process Model and Notation, determine whether it is satisfiable (true of false).
=0 has_timer_event_time_date.(BPMNOntology.event_detail) ⊓ ∃has_timer_event_time_date.(BPMNOntology.event_detail)",,False,2_5,business_finance/bpmn,,,
2_5_2nyd0su2,"In the ontology of European Legislation Identifier, determine whether it is satisfiable (true of false).
 ∃version.(Language) ⊓ =0 version.(Language)",,False,2_5,human_society/people_ontology,,,
2_5_4slnaqen,"Given the following Description Logic expression from the Video Game Ontology, determine whether it is satisfiable (true of false).
∃hasFeature.(PopulatedPlace)",,True,2_5,arts_media_entertainment/videogameontology,,,
2_5_99iuj54o,"Given the following Description Logic expression from the African Wildlife Ontology, determine whether it is satisfiable (true of false).
∃inheres_in.(Stem) ⊓ ∀is_part_of.(¬(Stem)) ⊓ ∃inheres_in.(¬(Stem))",,True,2_5,earth_environment/african_wildlife_ontology,,,
2_5_h3aw11v3,"Given the following Description Logic expression from the Financial Industry Business Ontology, determine whether it is satisfiable (true of false).
≥1 isLinkedToAccount.(DemandDepositAccount)",,True,2_5,business_finance/financial_industry_business_ontology,,,
2_5_otmdm55n,"Given the following Description Logic expression from the Financial Industry Business Ontology, determine whether it is satisfiable (true of false).
∀hasQuoteCurrency.(CurrencySpotSellRate)",,True,2_5,business_finance/financial_industry_business_ontology,,,
2_5_u5wke78w,"Given the following Description Logic expression from the Financial Industry Business Ontology, determine whether it is satisfiable (true of false).
=0 hasRequestedAmount.(LoanApplicationAtDisbursementStage) ⊓ ∃hasRequestedAmount.(LoanApplicationAtDisbursementStage)",,False,2_5,business_finance/financial_industry_business_ontology,,,
2_5_wzqkgrgc,"In the ontology of European Legislation Identifier, determine whether it is satisfiable (true of false).
 ∃type_document.(∀R3i_realises.(F11_Corporate_Body))",,True,2_5,human_society/people_ontology,,,
2_5_ux8pqb5t,"Given the following Description Logic expression from the Comic Book Ontology, determine whether it is satisfiable (true of false).
∃attribute.(cbo.reprints.some(ComicStory)) ⊓ ¬(∃attribute.(cbo.reprints.some(ComicStory)))",,False,2_5,arts_media_entertainment/comic_book_ontology,,,
2_5_irnwt0bh,"In the ontology of Public Procurement Ontology, determine whether it is satisfiable (true of false).
 ∃topConceptOf.(Contract ⊓ WorksContract)",,True,2_5,human_society/public_procurement_ontologyy,,,
2_5_7tls8c08,"Given the following Description Logic expression from the Pizza Ontology, determine whether it is satisfiable (true of false).
∃hasTopping.(Gas) ⊓ =0 hasTopping.(Gas)",,False,2_5,food_agriculture/pizza_ontology,,,
2_5_q0afrmne,"Given the following Description Logic expression from the CIDOC CRM ontology, determine whether it is satisfiable (true of false).
∃P54i_is_current_permanent_location_of.(E42_Identifier)",,True,2_5,arts_media_entertainment/cidoc_crm,,,
2_5_gj7gbl44,"Given the following Description Logic expression from the Business Process Model and Notation, determine whether it is satisfiable (true of false).
∃has_artifact_type.(BPMNOntology.has_multi_instance_loop_activity_complex_MI_flow_condition.some(BPMNOntology.signal_event_detail)) ⊓ ¬(∃has_artifact_type.(BPMNOntology.has_multi_instance_loop_activity_complex_MI_flow_condition.some(BPMNOntology.signal_event_detail)))",,False,2_5,business_finance/bpmn,,,
2_5_lv5gywwp,"Given the following Description Logic expression from the Addiction Ontology, determine whether it is satisfiable (true of false).
∃BFO_0000119.(ADDICTO_0000930 ⊓ ADDICTO_0000373)",,True,2_5,health_medicine/addiction_ontology,,,
2_5_am4u0xxz,"Given the following Description Logic expression from the Video Game Ontology, determine whether it is satisfiable (true of false).
∃involvesCharacter.(Paragon) ⊓ =0 involvesCharacter.(Paragon)",,False,2_5,arts_media_entertainment/videogameontology,,,
2_5_h4m0b0vm,"Given the following Description Logic expression from the Organization Ontology, determine whether it is satisfiable (true of false).
∃hasRegisteredSite.(Role)",,True,2_5,business_finance/organization_ontology,,,
2_5_47a4z53a,"Given the following Description Logic expression from the African Wildlife Ontology, determine whether it is satisfiable (true of false).
∃eaten_by.(Stem ⊓ CarnivorousPlant)",,True,2_5,earth_environment/african_wildlife_ontology,,,
2_5_zhwygnkb,"Given the following Description Logic expression from the Comic Book Ontology, determine whether it is satisfiable (true of false).
∃editor.(Agent) ⊓ =0 editor.(Agent)",,False,2_5,arts_media_entertainment/comic_book_ontology,,,
2_5_0a42rhet,"Given the following Description Logic expression from the Financial Industry Business Ontology, determine whether it is satisfiable (true of false).
≥3 hasValueExpressedIn.(PromissoryNote) ⊓ ≤2 hasValueExpressedIn.(PromissoryNote)",,False,2_5,business_finance/financial_industry_business_ontology,,,
2_5_259dhidc,"Given the following Description Logic expression from the Occupation Ontology, determine whether it is satisfiable (true of false).
∀OCCO_00000130.(OCCO_41202100)",,True,2_5,business_finance/occupation_ontology,,,
2_5_z3du9gs1,"Given the following Description Logic expression from the International Classification of Disease Ontology, determine whether it is satisfiable (true of false).
≥4 RO_0002559.(ICDO_0000016) ⊓ ≤2 RO_0002559.(ICDO_0000016)",,False,2_5,health_medicine/international_classification_of_disease_ontology,,,
2_5_p1azbdur,"Given the following Description Logic expression from the Public Contracts Ontology, determine whether it is satisfiable (true of false).
=0 weightedCriterion.(CriterionWeighting) ⊓ ∃weightedCriterion.(CriterionWeighting)",,False,2_5,business_finance/public_contracts_ontology,,,
2_5_fvkgr4kr,"Given the following Description Logic expression from the Financial Industry Business Ontology, determine whether it is satisfiable (true of false).
=0 hasPreconditions.(Loan) ⊓ ∃hasPreconditions.(Loan)",,False,2_5,business_finance/financial_industry_business_ontology,,,
2_5_7xjkpspf,"Given the following Description Logic expression from the People Ontology, determine whether it is satisfiable (true of false).
∃has_child.(people.bus_driver ⊓ people.sheep)",,True,2_5,human_society/people_ontology,,,
2_5_614jr6ll,"In the ontology of Public Procurement Ontology, determine whether it is satisfiable (true of false).
 ∃item.(ContractOrProcedureExtinction) ⊓ ∀contractBodies.(¬(ContractOrProcedureExtinction)) ⊓ ∃item.(¬(ContractOrProcedureExtinction))",,True,2_5,human_society/public_procurement_ontologyy,,,
2_5_w45vj3zw,"Given the following Description Logic expression from the Video Game Ontology, determine whether it is satisfiable (true of false).
=0 gameplayOf.(Single) ⊓ ∃gameplayOf.(Single)",,False,2_5,arts_media_entertainment/videowl,,,
2_5_qpw64w6m,"Given the following Description Logic expression from the Addiction Ontology, determine whether it is satisfiable (true of false).
=0 BFO_0000050.(ADDICTO_0000477) ⊓ ∃BFO_0000050.(ADDICTO_0000477)",,False,2_5,health_medicine/addiction_ontology,,,
2_5_bf4ohqee,"Given the following Description Logic expression from the Financial Industry Business Ontology, determine whether it is satisfiable (true of false).
∃hasEquity.(NotForProfitOrganization)",,True,2_5,business_finance/financial_industry_business_ontology,,,
2_5_frmuhj38,"Given the following Description Logic expression from the Financial Industry Business Ontology, determine whether it is satisfiable (true of false).
∃isEstimatedValueOf.(ExpectedValue) ⊓ ∀isEstimatedValueOf.(¬(ExpectedValue))",,True,2_5,business_finance/financial_industry_business_ontology,,,
2_5_x55yx4dr,"Given the following Description Logic expression from the Semantic Web for Earth and Environmental Terminology, determine whether it is satisfiable (true of false).
∃equals.(Izoklakeite) ⊓ =0 equals.(Izoklakeite)",,False,2_5,earth_environment/sweet,,,
2_5_e6aejx56,"Given the following Description Logic expression from the African Wildlife Ontology, determine whether it is satisfiable (true of false).
∃inhabits.(Grass) ⊓ =0 inhabits.(Grass)",,False,2_5,earth_environment/african_wildlife_ontology,,,
2_5_avmsb4o5,"Given the following Description Logic expression from the Organization Ontology, determine whether it is satisfiable (true of false).
≥2 memberOf.(Organization)",,True,2_5,business_finance/organization_ontology,,,
2_5_kr7di7q2,"Given the following Description Logic expression from the Organization Ontology, determine whether it is satisfiable (true of false).
∃heldBy.(org.holds.some(Role))",,True,2_5,business_finance/organization_ontology,,,
2_5_jd0u5wrz,"In the ontology of Public Procurement Ontology, determine whether it is satisfiable (true of false).
 ∃websiteWithInformation.(ExtendableContract) ⊓ =0 websiteWithInformation.(ExtendableContract)",,False,2_5,human_society/public_procurement_ontologyy,,,
2_5_g6dz2y0n,"Given the following Description Logic expression from the Financial Industry Business Ontology, determine whether it is satisfiable (true of false).
=3 hasDataProvider.(SectorStrategy) ⊓ ≥4 hasDataProvider.(SectorStrategy)",,True,2_5,business_finance/financial_industry_business_ontology,,,
2_5_1ynmsb13,"Given the following Description Logic expression from the Comic Book Ontology, determine whether it is satisfiable (true of false).
∃comicAge.(ComicUniverse) ⊓ ∀comicAge.(¬(ComicUniverse))",,True,2_5,arts_media_entertainment/comic_book_ontology,,,
2_5_gbmo7083,"Given the following Description Logic expression from the Financial Industry Business Ontology, determine whether it is satisfiable (true of false).
∀hasDealtCurrency.(UnitOfAccountIdentifier)",,True,2_5,business_finance/financial_industry_business_ontology,,,
2_5_p1ck869x,"Given the following Description Logic expression from the International Classification of Disease Ontology, determine whether it is satisfiable (true of false).
∃RO_0002463.(ICDO_0000013)",,True,2_5,health_medicine/international_classification_of_disease_ontology,,,
2_5_guwkr3nl,"Given the following Description Logic expression from the Public Contracts Ontology, determine whether it is satisfiable (true of false).
∃specification.(∀kind.(CriterionWeighting)) ⊓ ∀specification.(∃kind.(¬(CriterionWeighting)))",,True,2_5,business_finance/public_contracts_ontology,,,
2_5_vu63p3t8,"Given the following Description Logic expression from the International Classification of Disease Ontology, determine whether it is satisfiable (true of false).
=0 RO_0002505.(ICDO_0000593) ⊓ ∃RO_0002505.(ICDO_0000593)",,False,2_5,health_medicine/international_classification_of_disease_ontology,,,
2_5_om4td91y,"Given the following Description Logic expression from the Geology Ontology, determine whether it is satisfiable (true of false).
∃BFO_0000196.(BFO_0000195.some(GEOCORE_0000011)) ⊓ ¬(∃BFO_0000196.(BFO_0000195.some(GEOCORE_0000011)))",,False,2_5,earth_environment/geocore_ontology,,,
2_5_qdu3tafv,"Given the following Description Logic expression from the Video Game Ontology, determine whether it is satisfiable (true of false).
∀partOf.(Psychological)",,True,2_5,arts_media_entertainment/videowl,,,
2_5_cooj7coh,"Given the following Description Logic expression from the Video Game Ontology, determine whether it is satisfiable (true of false).
=1 isFriendWithPlayer.(GameEvent) ⊓ ≥2 isFriendWithPlayer.(GameEvent)",,True,2_5,arts_media_entertainment/videogameontology,,,
2_5_8iw2uw0z,"Given the following Description Logic expression from the Financial Industry Business Ontology, determine whether it is satisfiable (true of false).
∃hasCardVerificationCode.(CardAccounts.hasCreditCardNetwork.some(DebitCardProduct)) ⊓ ¬(∃hasCardVerificationCode.(CardAccounts.hasCreditCardNetwork.some(DebitCardProduct)))",,False,2_5,business_finance/financial_industry_business_ontology,,,
2_5_lt863no3,"Given the following Description Logic expression from the Wine Ontology, determine whether it is satisfiable (true of false).
wine#.∃hasSugar.(wine#.CaliforniaWine) ⊓ wine#.=0 hasSugar.(wine#.CaliforniaWine)",,False,2_5,food_agriculture/wine_ontology,,,
2_5_kyyhdsc1,"Given the following Description Logic expression from the Public Contracts Ontology, determine whether it is satisfiable (true of false).
∃contractingAuthority.(FrameworkAgreement)",,True,2_5,business_finance/public_contracts_ontology,,,
2_5_fht3wvff,"Given the following Description Logic expression from the Video Game Ontology, determine whether it is satisfiable (true of false).
≥2 employedBy.(DrivingSim) ⊓ ≤1 employedBy.(DrivingSim)",,False,2_5,arts_media_entertainment/videowl,,,
2_5_3cctrkpl,"Given the following Description Logic expression from the Movie Ontology, determine whether it is satisfiable (true of false).
~∃FOAF_modifiedmade.(~FOAF_modifiedacts.some(SpatialThing)) ⊓ ¬(~∃FOAF_modifiedmade.(~FOAF_modifiedacts.some(SpatialThing)))",,False,2_5,arts_media_entertainment/movie_ontology,,,
2_5_eivzvh91,"Given the following Description Logic expression from the Public Contracts Ontology, determine whether it is satisfiable (true of false).
∃awardCriterion.(Tender)",,True,2_5,business_finance/public_contracts_ontology,,,
2_5_g24x6mfm,"Given the following Description Logic expression from the Business Process Model and Notation, determine whether it is satisfiable (true of false).
≥3 has_reusable_sub_process_sub_output_maps.(BPMNOntology.script_task) ⊓ ≤1 has_reusable_sub_process_sub_output_maps.(BPMNOntology.script_task)",,False,2_5,business_finance/bpmn,,,
2_5_xueo3wst,"Given the following Description Logic expression from the Financial Industry Business Ontology, determine whether it is satisfiable (true of false).
∃hasMembership.(Membership) ⊓ =0 hasMembership.(Membership)",,False,2_5,business_finance/financial_industry_business_ontology,,,
2_5_lmmzz2ng,"Given the following Description Logic expression from the Public Contracts Ontology, determine whether it is satisfiable (true of false).
≥5 subsidy.(CriterionWeighting) ⊓ ≤1 subsidy.(CriterionWeighting)",,False,2_5,business_finance/public_contracts_ontology,,,
2_5_9b4yndpr,"Given the following Description Logic expression from the Financial Instruments Ontology, determine whether it is satisfiable (true of false).
∃hasCommodityValueAsOfExecutionDate.(PackagedFinancialProduct)",,True,2_5,business_finance/financial_instruments_ontology,,,
2_5_ixl7v463,"Given the following Description Logic expression from the Financial Industry Business Ontology, determine whether it is satisfiable (true of false).
∃authorizedCountry.(PortfolioManager) ⊓ =0 authorizedCountry.(PortfolioManager)",,False,2_5,business_finance/financial_industry_business_ontology,,,
2_5_ierkdvln,"Given the following Description Logic expression from the Geology Ontology, determine whether it is satisfiable (true of false).
∀BFO_0000197.(BFO_0000027)",,True,2_5,earth_environment/geocore_ontology,,,
2_5_s3nzcpwa,"Given the following Description Logic expression from the Financial Industry Business Ontology, determine whether it is satisfiable (true of false).
∀hasTrustee.(IrrevocableTrust)",,True,2_5,business_finance/financial_industry_business_ontology,,,
2_5_nin1wmq1,"In the ontology of Public Procurement Ontology, determine whether it is satisfiable (true of false).
 =1 criterionScore.(FrameworkAgreement) ⊓ =1 mainObject.(FrameworkAgreement) ⊓ ∃criterionScore.(∀mainObject.(¬(FrameworkAgreement)))",,True,2_5,human_society/public_procurement_ontologyy,,,
2_5_rf1ma18k,"Given the following Description Logic expression from the Extensible Observation Ontology, determine whether it is satisfiable (true of false).
≥3 hasMember.(SpecificVolume) ⊓ ≤1 hasMember.(SpecificVolume)",,False,2_5,earth_environment/extensible_observation_ontology,,,
2_5_mwa2m8uv,"Given the following Description Logic expression from the International Classification of Disease Ontology, determine whether it is satisfiable (true of false).
∃ICDO_0000031.(RO_0002017.some(ICDO_0000016)) ⊓ ¬(∃ICDO_0000031.(RO_0002017.some(ICDO_0000016)))",,False,2_5,health_medicine/international_classification_of_disease_ontology,,,
2_5_ezclogz5,"Given the following Description Logic expression from the Comic Book Ontology, determine whether it is satisfiable (true of false).
∃isPartOf.(Container) ⊓ ∀isPartOf.(¬(Container))",,True,2_5,arts_media_entertainment/comic_book_ontology,,,
2_5_bx6n4vh0,"Given the following Description Logic expression from the Extensible Observation Ontology, determine whether it is satisfiable (true of false).
∀usesProtocol.(KilogramPerLiter)",,True,2_5,earth_environment/extensible_observation_ontology,,,
2_5_p75770yr,"Given the following Description Logic expression from the CIDOC CRM ontology, determine whether it is satisfiable (true of false).
∃P95i_was_formed_by.(P127_has_broader_term.some(E4_Period)) ⊓ ¬(∃P95i_was_formed_by.(P127_has_broader_term.some(E4_Period)))",,False,2_5,arts_media_entertainment/cidoc_crm,,,
2_5_363p7irc,"Given the following Description Logic expression from the Comic Book Ontology, determine whether it is satisfiable (true of false).
∃seriesOf.(Costume) ⊓ =0 seriesOf.(Costume)",,False,2_5,arts_media_entertainment/comic_book_ontology,,,
2_5_bgzkwqou,"Given the following Description Logic expression from the Comic Book Ontology, determine whether it is satisfiable (true of false).
∃character.(PageType ⊓ Document)",,True,2_5,arts_media_entertainment/comic_book_ontology,,,
2_5_4lqq6mje,"Given the following Description Logic expression from the Financial Industry Business Ontology, determine whether it is satisfiable (true of false).
∃isBeneficialOwnerOf.(Shareholder ⊓ ∀isBeneficialOwnerOf.(¬(Shareholder)))",,True,2_5,business_finance/financial_industry_business_ontology,,,
2_5_twcp7y33,"Given the following Description Logic expression from the People Ontology, determine whether it is satisfiable (true of false).
≥3 part_of.(people.old_lady) ⊓ ≤1 part_of.(people.old_lady)",,False,2_5,human_society/people_ontology,,,
2_5_vqx1dqcq,"Given the following Description Logic expression from the Occupation Ontology, determine whether it is satisfiable (true of false).
∃RO_0000058.(OCCO_51309000)",,True,2_5,business_finance/occupation_ontology,,,
2_5_2tjqx3ul,"Given the following Description Logic expression from the Movie Ontology, determine whether it is satisfiable (true of false).
~≥2 FOAF_modifieddirects.(SpatialThing) ⊓ ~≤1 FOAF_modifieddirects.(SpatialThing)",,False,2_5,arts_media_entertainment/movie_ontology,,,
2_5_8vhs1zop,"Given the following Description Logic expression from the Financial Industry Business Ontology, determine whether it is satisfiable (true of false).
∃usesRatingParty.(RatingAssessmentEvent ⊓ RatingAgency)",,True,2_5,business_finance/financial_industry_business_ontology,,,
2_5_icque5jn,"Given the following Description Logic expression from the Financial Industry Business Ontology, determine whether it is satisfiable (true of false).
∃isConsolidatedBy.(RelationshipRecord) ⊓ ∀isConsolidatedBy.(¬(RelationshipRecord))",,True,2_5,business_finance/financial_industry_business_ontology,,,
2_5_bg1axw97,"Given the following Description Logic expression from the Organization Ontology, determine whether it is satisfiable (true of false).
≥5 role.(Membership) ⊓ ≤2 role.(Membership)",,False,2_5,business_finance/organization_ontology,,,
2_5_mwojufy5,"Given the following Description Logic expression from the Video Game Ontology, determine whether it is satisfiable (true of false).
=0 involvesCharacter.(Tutorial) ⊓ ∃involvesCharacter.(Tutorial)",,False,2_5,arts_media_entertainment/videogameontology,,,
2_5_y3w51uwo,"Given the following Description Logic expression from the Organization Ontology, determine whether it is satisfiable (true of false).
∃headOf.(org.changedBy.some(Post)) ⊓ ¬(∃headOf.(org.changedBy.some(Post)))",,False,2_5,business_finance/organization_ontology,,,
2_5_ndei7tiz,"Given the following Description Logic expression from the Financial Industry Business Ontology, determine whether it is satisfiable (true of false).
∃isSubmittedBy.(Reporting.isReportedTo.some(RequestActivity)) ⊓ ¬(∃isSubmittedBy.(Reporting.isReportedTo.some(RequestActivity)))",,False,2_5,business_finance/financial_industry_business_ontology,,,
2_5_gb86zgx7,"Given the following Description Logic expression from the Occupation Ontology, determine whether it is satisfiable (true of false).
=0 BFO_0000051.(OCCO_53702000) ⊓ ∃BFO_0000051.(OCCO_53702000)",,False,2_5,business_finance/occupation_ontology,,,
2_5_mr03z4pu,"Given the following Description Logic expression from the International Classification of Disease Ontology, determine whether it is satisfiable (true of false).
∃RO_0011014.(∀RO_0002352.(ICDO_0000616))",,True,2_5,health_medicine/international_classification_of_disease_ontology,,,
2_5_9g5nlen5,"Given the following Description Logic expression from the Semantic Web for Earth and Environmental Terminology, determine whether it is satisfiable (true of false).
∃overlapping.(Confluence ⊓ Fluorannite)",,True,2_5,earth_environment/sweet,,,
2_5_upzfsl47,"Given the following Description Logic expression from the Pizza Ontology, determine whether it is satisfiable (true of false).
∀hasTopping.(VegePizza01)",,True,2_5,food_agriculture/pizza_ontology,,,
2_5_em7d6lsp,"In the ontology of Public Procurement Ontology, determine whether it is satisfiable (true of false).
 ∀awardCriterion.(TenderMeeting)",,True,2_5,human_society/public_procurement_ontologyy,,,
2_5_rmvh3gnk,"Given the following Description Logic expression from the International Classification of Disease Ontology, determine whether it is satisfiable (true of false).
∃RO_0002427.(UBERON_0002488) ⊓ ∀RO_0002017.(¬(UBERON_0002488)) ⊓ ∃RO_0002427.(¬(UBERON_0002488))",,True,2_5,health_medicine/international_classification_of_disease_ontology,,,
2_5_srxiltbb,"Given the following Description Logic expression from the Wine Ontology, determine whether it is satisfiable (true of false).
wine#.∀locatedIn.(wine#.WineTaste)",,True,2_5,food_agriculture/wine_ontology,,,
2_5_8fj9g5pe,"Given the following Description Logic expression from the CIDOC CRM ontology, determine whether it is satisfiable (true of false).
∃P27_moved_from.(E33_E41_Linguistic_Appellation ⊓ E29_Design_or_Procedure)",,True,2_5,arts_media_entertainment/cidoc_crm,,,
2_5_d7hzt9lk,"Given the following Description Logic expression from the Video Game Ontology, determine whether it is satisfiable (true of false).
=0 employedBy.(Management) ⊓ ∃employedBy.(Management)",,False,2_5,arts_media_entertainment/videowl,,,
2_5_sqnnxr4q,"Given the following Description Logic expression from the Plant Ontology, determine whether it is satisfiable (true of false).
∃RO_0000057.(RO_0002202.some(PO_0007536)) ⊓ ¬(∃RO_0000057.(RO_0002202.some(PO_0007536)))",,False,2_5,food_agriculture/plant_ontology,,,
2_5_eol93cjn,"Given the following Description Logic expression from the Video Game Ontology, determine whether it is satisfiable (true of false).
∃isSessionInGame.(Virtuosity) ⊓ =0 isSessionInGame.(Virtuosity)",,False,2_5,arts_media_entertainment/videogameontology,,,
2_5_96jvq4s2,"Given the following Description Logic expression from the Plant Ontology, determine whether it is satisfiable (true of false).
∃RO_0002160.(RO_0000056.some(PO_0020101)) ⊓ ¬(∃RO_0002160.(RO_0000056.some(PO_0020101)))",,False,2_5,food_agriculture/plant_ontology,,,
2_5_x6xp9fqi,"Given the following Description Logic expression from the Financial Instruments Ontology, determine whether it is satisfiable (true of false).
∃hasUnderlier.(PromissoryNote)",,True,2_5,business_finance/financial_instruments_ontology,,,
2_5_4a3z8x1l,"In the ontology of European Legislation Identifier, determine whether it is satisfiable (true of false).
 ∃passed_by.(Expression) ⊓ =0 passed_by.(Expression)",,False,2_5,human_society/people_ontology,,,
2_5_e4tnylfc,"Given the following Description Logic expression from the People Ontology, determine whether it is satisfiable (true of false).
∃reads.(people.cat_owner) ⊓ =0 reads.(people.cat_owner)",,False,2_5,human_society/people_ontology,,,
2_5_jv4oxwzu,"Given the following Description Logic expression from the Financial Instruments Ontology, determine whether it is satisfiable (true of false).
∀hasBuyingCurrency.(FinancialInstrumentIdentifier)",,True,2_5,business_finance/financial_instruments_ontology,,,
2_5_8sdjn55h,"Given the following Description Logic expression from the People Ontology, determine whether it is satisfiable (true of false).
≥5 reads.(people.tree) ⊓ ≤2 reads.(people.tree)",,False,2_5,human_society/people_ontology,,,
2_5_lmoyl8vi,"In the ontology of European Legislation Identifier, determine whether it is satisfiable (true of false).
 ≥3 consolidates.(InForce) ⊓ ≤1 consolidates.(InForce)",,False,2_5,human_society/people_ontology,,,
2_5_17wikeil,"Given the following Description Logic expression from the People Ontology, determine whether it is satisfiable (true of false).
=0 reads.(people.grownup) ⊓ ∃reads.(people.grownup)",,False,2_5,human_society/people_ontology,,,
2_5_kpbrqgnc,"Given the following Description Logic expression from the CIDOC CRM ontology, determine whether it is satisfiable (true of false).
∃P12_occurred_in_the_presence_of.(E35_Title ⊓ ∀P12_occurred_in_the_presence_of.(¬(E35_Title)))",,True,2_5,arts_media_entertainment/cidoc_crm,,,
2_5_46fgsroc,"Given the following Description Logic expression from the International Classification of Disease Ontology, determine whether it is satisfiable (true of false).
∃RO_0002298.(ICDO_0000453)",,True,2_5,health_medicine/international_classification_of_disease_ontology,,,
2_5_qf4uf86x,"Given the following Description Logic expression from the Video Game Ontology, determine whether it is satisfiable (true of false).
∃includes.(POV) ⊓ ∀includes.(¬(POV))",,True,2_5,arts_media_entertainment/videowl,,,
2_5_d2pdoa89,"Given the following Description Logic expression from the Pizza Ontology, determine whether it is satisfiable (true of false).
∀hasMaterialState.(VegePizza08)",,True,2_5,food_agriculture/pizza_ontology,,,
2_5_ypib8rbh,"Given the following Description Logic expression from the International Classification of Disease Ontology, determine whether it is satisfiable (true of false).
∃RO_0011007.(RO_0011008.some(ICDO_0000403)) ⊓ ¬(∃RO_0011007.(RO_0011008.some(ICDO_0000403)))",,False,2_5,health_medicine/international_classification_of_disease_ontology,,,
2_5_9d9ym5s3,"Given the following Description Logic expression from the CIDOC CRM ontology, determine whether it is satisfiable (true of false).
=1 P187_has_production_plan.(E34_Inscription) ⊓ ≥2 P187_has_production_plan.(E34_Inscription)",,True,2_5,arts_media_entertainment/cidoc_crm,,,
2_5_49bjg3nx,"Given the following Description Logic expression from the Semantic Web for Earth and Environmental Terminology, determine whether it is satisfiable (true of false).
∃startOf.(Chubutite ⊓ Hiddenite)",,True,2_5,earth_environment/sweet,,,
2_5_etiqzti6,"Given the following Description Logic expression from the Video Game Ontology, determine whether it is satisfiable (true of false).
≥3 isCharacterInSession.(Virtuosity) ⊓ ≤2 isCharacterInSession.(Virtuosity)",,False,2_5,arts_media_entertainment/videogameontology,,,
2_5_y4colr3a,"In the ontology of Public Procurement Ontology, determine whether it is satisfiable (true of false).
 =1 tenderAdmissionMeeting.(MixedCapitalCompanyContract) ⊓ ≥2 tenderAdmissionMeeting.(MixedCapitalCompanyContract)",,True,2_5,human_society/public_procurement_ontologyy,,,
2_5_thh1goib,"Given the following Description Logic expression from the Video Game Ontology, determine whether it is satisfiable (true of false).
∀sequelOf.(SoftwareHouse)",,True,2_5,arts_media_entertainment/videowl,,,
2_5_vvt8rl03,"Given the following Description Logic expression from the African Wildlife Ontology, determine whether it is satisfiable (true of false).
=0 is_proper_part_of.(Twig) ⊓ ∃is_proper_part_of.(Twig)",,False,2_5,earth_environment/african_wildlife_ontology,,,
2_5_mfgu6zmw,"Given the following Description Logic expression from the Video Game Ontology, determine whether it is satisfiable (true of false).
∃ownsAchievement.(LoseEvent) ⊓ =0 ownsAchievement.(LoseEvent)",,False,2_5,arts_media_entertainment/videogameontology,,,
2_5_ba0lpc6p,"Given the following Description Logic expression from the Video Game Ontology, determine whether it is satisfiable (true of false).
∀sequelOf.(Stealth)",,True,2_5,arts_media_entertainment/videowl,,,
2_5_c37n0dax,"Given the following Description Logic expression from the Geology Ontology, determine whether it is satisfiable (true of false).
∃GEOCORE_0000014.(GEOCORE_0000010 ⊓ BFO_0000146)",,True,2_5,earth_environment/geocore_ontology,,,
2_5_60jri7wy,"Given the following Description Logic expression from the Public Contracts Ontology, determine whether it is satisfiable (true of false).
=0 contract.(Tender) ⊓ ∃contract.(Tender)",,False,2_5,business_finance/public_contracts_ontology,,,
2_5_rzql9qsc,"Given the following Description Logic expression from the Video Game Ontology, determine whether it is satisfiable (true of false).
≥4 involvesCharacter.(ProductOrService) ⊓ ≤2 involvesCharacter.(ProductOrService)",,False,2_5,arts_media_entertainment/videogameontology,,,
2_5_gjodegtf,"Given the following Description Logic expression from the Occupation Ontology, determine whether it is satisfiable (true of false).
∃RO_0004096.(OCCO_35901100) ⊓ ∀RO_0004096.(¬(OCCO_35901100))",,True,2_5,business_finance/occupation_ontology,,,
2_5_pt5yu8o7,"Given the following Description Logic expression from the Public Contracts Ontology, determine whether it is satisfiable (true of false).
∃awardedTender.(Contract)",,True,2_5,business_finance/public_contracts_ontology,,,
2_5_22mn9alv,"Given the following Description Logic expression from the Video Game Ontology, determine whether it is satisfiable (true of false).
=0 hasAchievement.(Genre) ⊓ ∃hasAchievement.(Genre)",,False,2_5,arts_media_entertainment/videogameontology,,,
2_5_tu3lkg28,"Given the following Description Logic expression from the Pizza Ontology, determine whether it is satisfiable (true of false).
∃hasMaterialState.(∀hasTopping.(VegetarianToppingsPizza_Open)) ⊓ ∀hasMaterialState.(∃hasTopping.(¬(VegetarianToppingsPizza_Open)))",,True,2_5,food_agriculture/pizza_ontology,,,
2_5_cgf9sbmn,"Given the following Description Logic expression from the Occupation Ontology, determine whether it is satisfiable (true of false).
∃RO_0001025.(OCCO_47213000 ⊓ BFO_0000003)",,True,2_5,business_finance/occupation_ontology,,,
2_5_0it2rwgr,"Given the following Description Logic expression from the Occupation Ontology, determine whether it is satisfiable (true of false).
∃BFO_0000051.(OCCO_51603000)",,True,2_5,business_finance/occupation_ontology,,,
2_5_h8ypfevc,"Given the following Description Logic expression from the People Ontology, determine whether it is satisfiable (true of false).
∃part_of.(people.has_child.some(people.animal_lover))",,True,2_5,human_society/people_ontology,,,
2_5_37jvpblh,"Given the following Description Logic expression from the Semantic Web for Earth and Environmental Terminology, determine whether it is satisfiable (true of false).
∃hasDirection.(Phenology)",,True,2_5,earth_environment/sweet,,,
2_5_7mlyjvsg,"Given the following Description Logic expression from the Organization Ontology, determine whether it is satisfiable (true of false).
=0 transitiveSubOrganizationOf.(Role) ⊓ ∃transitiveSubOrganizationOf.(Role)",,False,2_5,business_finance/organization_ontology,,,
2_5_9g5h8tet,"Given the following Description Logic expression from the Financial Industry Business Ontology, determine whether it is satisfiable (true of false).
=0 isConferredBy.(Referent) ⊓ ∃isConferredBy.(Referent)",,False,2_5,business_finance/financial_industry_business_ontology,,,
2_5_pbevmd57,"Given the following Description Logic expression from the Financial Industry Business Ontology, determine whether it is satisfiable (true of false).
≥5 hasRestriction.(QualifiedInvestorRestriction) ⊓ ≤3 hasRestriction.(QualifiedInvestorRestriction)",,False,2_5,business_finance/financial_industry_business_ontology,,,
2_5_ei5vom04,"Given the following Description Logic expression from the Wine Ontology, determine whether it is satisfiable (true of false).
wine#.∃adjacentRegion.(wine#.hasVintageYear.some(wine#.Semillon)) ⊓ ¬(wine#.∃adjacentRegion.(wine#.hasVintageYear.some(wine#.Semillon)))",,False,2_5,food_agriculture/wine_ontology,,,
2_5_3kbswmt7,"Given the following Description Logic expression from the Semantic Web for Earth and Environmental Terminology, determine whether it is satisfiable (true of false).
∃hasPrefix.(Lorettoite)",,True,2_5,earth_environment/sweet,,,
2_5_roxtmgdz,"Given the following Description Logic expression from the Financial Industry Business Ontology, determine whether it is satisfiable (true of false).
=0 isIndexTo.(ReassignableIdentifier) ⊓ ∃isIndexTo.(ReassignableIdentifier)",,False,2_5,business_finance/financial_industry_business_ontology,,,
2_5_2c2yntnt,"Given the following Description Logic expression from the Wine Ontology, determine whether it is satisfiable (true of false).
wine#.∃hasMaker.(wine#.Anjou) ⊓ wine#.=0 hasMaker.(wine#.Anjou)",,False,2_5,food_agriculture/wine_ontology,,,
2_5_yi5v7ejn,"Given the following Description Logic expression from the Financial Industry Business Ontology, determine whether it is satisfiable (true of false).
=1 hasTrustee.(IrrevocableTrust) ⊓ ≥2 hasTrustee.(IrrevocableTrust)",,True,2_5,business_finance/financial_industry_business_ontology,,,
2_5_zbdtt47j,"Given the following Description Logic expression from the Financial Industry Business Ontology, determine whether it is satisfiable (true of false).
∀subscribesTo.(IssuanceProcessParticipant)",,True,2_5,business_finance/financial_industry_business_ontology,,,
2_5_3kv052io,"Given the following Description Logic expression from the Financial Industry Business Ontology, determine whether it is satisfiable (true of false).
∀hasCommodityValueAsOfDate.(CommodityUnderlyingAsset)",,True,2_5,business_finance/financial_industry_business_ontology,,,
2_5_om6d6wnh,"Given the following Description Logic expression from the Business Process Model and Notation, determine whether it is satisfiable (true of false).
∃has_exclusive_gateway_exclusive_type.(BPMNOntology.has_pool_lanes.some(BPMNOntology.artifact_input)) ⊓ ¬(∃has_exclusive_gateway_exclusive_type.(BPMNOntology.has_pool_lanes.some(BPMNOntology.artifact_input)))",,False,2_5,business_finance/bpmn,,,
2_5_exygewog,"Given the following Description Logic expression from the Semantic Web for Earth and Environmental Terminology, determine whether it is satisfiable (true of false).
=1 coordinate_1.(Carnotite) ⊓ ≥2 coordinate_1.(Carnotite)",,True,2_5,earth_environment/sweet,,,
2_5_0zeelqw9,"Given the following Description Logic expression from the Financial Industry Business Ontology, determine whether it is satisfiable (true of false).
≥4 hasSubFund.(ManagedInvestment) ⊓ ≤2 hasSubFund.(ManagedInvestment)",,False,2_5,business_finance/financial_industry_business_ontology,,,
2_5_70ehkisx,"Given the following Description Logic expression from the Financial Instruments Ontology, determine whether it is satisfiable (true of false).
∃hasUnderlier.(Option) ⊓ ∀hasUnderlier.(¬(Option))",,True,2_5,business_finance/financial_instruments_ontology,,,
2_5_juaf6uu8,"Given the following Description Logic expression from the Semantic Web for Earth and Environmental Terminology, determine whether it is satisfiable (true of false).
∀originatesFrom.(Transport)",,True,2_5,earth_environment/sweet,,,
2_5_ndqyjwz9,"Given the following Description Logic expression from the Financial Instruments Ontology, determine whether it is satisfiable (true of false).
≥2 hasSellingCurrency.(Entitlement) ⊓ ≤1 hasSellingCurrency.(Entitlement)",,False,2_5,business_finance/financial_instruments_ontology,,,
2_5_letpkjyb,"Given the following Description Logic expression from the Financial Industry Business Ontology, determine whether it is satisfiable (true of false).
∃hasCreditCardNetwork.(CardVerificationValue2) ⊓ =0 hasCreditCardNetwork.(CardVerificationValue2)",,False,2_5,business_finance/financial_industry_business_ontology,,,
2_5_b7aoymy0,"Given the following Description Logic expression from the Financial Industry Business Ontology, determine whether it is satisfiable (true of false).
∃hasConvertibleDate.(∀hasFirstCallPrice.(BondPrincipalRepaymentTerms)) ⊓ ∀hasConvertibleDate.(∃hasFirstCallPrice.(¬(BondPrincipalRepaymentTerms)))",,True,2_5,business_finance/financial_industry_business_ontology,,,
2_5_vxkd9a23,"Given the following Description Logic expression from the Financial Industry Business Ontology, determine whether it is satisfiable (true of false).
∃administeredBy.(LenderRight ⊓ ∀administeredBy.(¬(LenderRight)))",,True,2_5,business_finance/financial_industry_business_ontology,,,
2_5_y0ucwqlg,"Given the following Description Logic expression from the Business Process Model and Notation, determine whether it is satisfiable (true of false).
=0 has_artifact_input_artifact_ref.(BPMN_element) ⊓ ∃has_artifact_input_artifact_ref.(BPMN_element)",,False,2_5,business_finance/bpmn,,,
2_5_w3wt9wsc,"Given the following Description Logic expression from the Semantic Web for Earth and Environmental Terminology, determine whether it is satisfiable (true of false).
≥5 below.(Stellerite) ⊓ ≤4 below.(Stellerite)",,False,2_5,earth_environment/sweet,,,
2_5_4ddbh845,"Given the following Description Logic expression from the Business Process Model and Notation, determine whether it is satisfiable (true of false).
≥1 has_activity_properties.(BPMNOntology.role) ⊓ ≤3 has_activity_properties.(BPMNOntology.role)",,True,2_5,business_finance/bpmn,,,
2_5_igbv54c5,"Given the following Description Logic expression from the Semantic Web for Earth and Environmental Terminology, determine whether it is satisfiable (true of false).
∃hasCoordinates.(Mottramite ⊓ Johnbaumite)",,True,2_5,earth_environment/sweet,,,
2_5_w05w4pdl,"Given the following Description Logic expression from the Pizza Ontology, determine whether it is satisfiable (true of false).
≥5 hasTopping.(MeatFishAndVegetarianPizza_Closed) ⊓ ≤4 hasTopping.(MeatFishAndVegetarianPizza_Closed)",,False,2_5,food_agriculture/pizza_ontology,,,
2_5_2ayo4or4,"In the ontology of Public Procurement Ontology, determine whether it is satisfiable (true of false).
 =2 contractModification.(ServicesContract) ⊓ ≥3 contractModification.(ServicesContract)",,True,2_5,human_society/public_procurement_ontologyy,,,
2_5_mdkadh6d,"Given the following Description Logic expression from the Occupation Ontology, determine whether it is satisfiable (true of false).
∃RO_0000081.(OCCO_49101100 ⊓ OCCO_29114103)",,True,2_5,business_finance/occupation_ontology,,,
2_5_o16a653h,"Given the following Description Logic expression from the Occupation Ontology, determine whether it is satisfiable (true of false).
∃RO_0000086.(BFO_0000051.some(OCCO_19403000)) ⊓ ¬(∃RO_0000086.(BFO_0000051.some(OCCO_19403000)))",,False,2_5,business_finance/occupation_ontology,,,
2_5_8flqt726,"Given the following Description Logic expression from the Extensible Observation Ontology, determine whether it is satisfiable (true of false).
≥4 hasBaseQualifier.(Power) ⊓ ≤1 hasBaseQualifier.(Power)",,False,2_5,earth_environment/extensible_observation_ontology,,,
2_5_ozif5gdl,"Given the following Description Logic expression from the Financial Industry Business Ontology, determine whether it is satisfiable (true of false).
∃hasBusinessDayConvention.(∀hasBusinessDayAdjustment.(Convention)) ⊓ ∀hasBusinessDayConvention.(∃hasBusinessDayAdjustment.(¬(Convention)))",,True,2_5,business_finance/financial_industry_business_ontology,,,
2_5_axis2wc9,"Given the following Description Logic expression from the Financial Industry Business Ontology, determine whether it is satisfiable (true of false).
∀isConstitutedBy.(StockCorporation)",,True,2_5,business_finance/financial_industry_business_ontology,,,
2_5_jo7lhuzf,"Given the following Description Logic expression from the Video Game Ontology, determine whether it is satisfiable (true of false).
≥3 hasItem.(MenuEvent) ⊓ ≤1 hasItem.(MenuEvent)",,False,2_5,arts_media_entertainment/videogameontology,,,
2_5_ukletx7u,"Given the following Description Logic expression from the Video Game Ontology, determine whether it is satisfiable (true of false).
∀gameplayOf.(Real)",,True,2_5,arts_media_entertainment/videowl,,,
2_5_epzg8o7v,"Given the following Description Logic expression from the Financial Industry Business Ontology, determine whether it is satisfiable (true of false).
∃hasOriginalIssueDiscount.(∀resultsIn.(RetailAssetPoolCreationProcess)) ⊓ ∀hasOriginalIssueDiscount.(∃resultsIn.(¬(RetailAssetPoolCreationProcess)))",,True,2_5,business_finance/financial_industry_business_ontology,,,
2_5_b18hh2b0,"Given the following Description Logic expression from the Wine Ontology, determine whether it is satisfiable (true of false).
wine#.∃hasWineDescriptor.(wine#.hasColor.some(wine#.VintageYear)) ⊓ ¬(wine#.∃hasWineDescriptor.(wine#.hasColor.some(wine#.VintageYear)))",,False,2_5,food_agriculture/wine_ontology,,,
2_5_7vtvln9w,"Given the following Description Logic expression from the Public Contracts Ontology, determine whether it is satisfiable (true of false).
∃contact.(∀authorityKind.(AwardCriteriaCombination))",,True,2_5,business_finance/public_contracts_ontology,,,
2_5_vjo1nzpu,"Given the following Description Logic expression from the Geology Ontology, determine whether it is satisfiable (true of false).
=1 BFO_0000194.(BFO_0000024) ⊓ =1 GEOCORE_0000016.(BFO_0000024) ⊓ ∃BFO_0000194.(∀GEOCORE_0000016.(¬(BFO_0000024)))",,True,2_5,earth_environment/geocore_ontology,,,
2_5_90jjaoth,"Given the following Description Logic expression from the Semantic Web for Earth and Environmental Terminology, determine whether it is satisfiable (true of false).
∀greaterRoleThan.(Lakargiite)",,True,2_5,earth_environment/sweet,,,
2_5_nax4uflv,"Given the following Description Logic expression from the Business Process Model and Notation, determine whether it is satisfiable (true of false).
≥3 has_process_graphical_elements.(BPMNOntology.business_process_diagram) ⊓ ≤1 has_process_graphical_elements.(BPMNOntology.business_process_diagram)",,False,2_5,business_finance/bpmn,,,
2_5_ye64x8yz,"Given the following Description Logic expression from the Financial Industry Business Ontology, determine whether it is satisfiable (true of false).
∃hasHomeCountrySupervisor.(ForeignBranchOfForeignBankManagedByUSOffice) ⊓ =0 hasHomeCountrySupervisor.(ForeignBranchOfForeignBankManagedByUSOffice)",,False,2_5,business_finance/financial_industry_business_ontology,,,
2_5_0nzp4lhk,"Given the following Description Logic expression from the Addiction Ontology, determine whether it is satisfiable (true of false).
≥5 BFO_0000050.(ADDICTO_0001236) ⊓ ≤3 BFO_0000050.(ADDICTO_0001236)",,False,2_5,health_medicine/addiction_ontology,,,
2_5_wp1qdq1r,"In the ontology of European Legislation Identifier, determine whether it is satisfiable (true of false).
 ∃R3_is_realised_in.(Organization)",,True,2_5,human_society/people_ontology,,,
2_5_138y33e0,"Given the following Description Logic expression from the Semantic Web for Earth and Environmental Terminology, determine whether it is satisfiable (true of false).
≥3 hasInterval.(Damiaoite) ⊓ ≤2 hasInterval.(Damiaoite)",,False,2_5,earth_environment/sweet,,,
2_5_q8wed3c6,"Given the following Description Logic expression from the CIDOC CRM ontology, determine whether it is satisfiable (true of false).
∃P55i_currently_holds.(E92_Spacetime_Volume ⊓ ∀P55i_currently_holds.(¬(E92_Spacetime_Volume)))",,True,2_5,arts_media_entertainment/cidoc_crm,,,
2_5_xglj61ia,"In the ontology of European Legislation Identifier, determine whether it is satisfiable (true of false).
 ∃has_another_publication.(F10_Person) ⊓ ∀has_another_publication.(¬(F10_Person))",,True,2_5,human_society/people_ontology,,,
2_5_kpi4ke8l,"Given the following Description Logic expression from the People Ontology, determine whether it is satisfiable (true of false).
≥3 has_part.(people.adult) ⊓ ≤1 has_part.(people.adult)",,False,2_5,human_society/people_ontology,,,
2_5_fm1fodlq,"Given the following Description Logic expression from the Financial Industry Business Ontology, determine whether it is satisfiable (true of false).
∃consideration.(MarketTransactionPaymentTerms) ⊓ ∀paymentTerms.(¬(MarketTransactionPaymentTerms)) ⊓ ∃consideration.(¬(MarketTransactionPaymentTerms))",,True,2_5,business_finance/financial_industry_business_ontology,,,
2_5_d979fk42,"Given the following Description Logic expression from the Wine Ontology, determine whether it is satisfiable (true of false).
wine#.∃hasWineDescriptor.(wine#.SemillonOrSauvignonBlanc)",,True,2_5,food_agriculture/wine_ontology,,,
2_5_yhsihm5f,"Given the following Description Logic expression from the Financial Instruments Ontology, determine whether it is satisfiable (true of false).
=0 holdsSharesIn.(ExemptSecurity) ⊓ ∃holdsSharesIn.(ExemptSecurity)",,False,2_5,business_finance/financial_instruments_ontology,,,
2_5_b32e965o,"Given the following Description Logic expression from the Extensible Observation Ontology, determine whether it is satisfiable (true of false).
∃ofCharacteristic.(oboe_core.hasSourceUnit.some(Power)) ⊓ ¬(∃ofCharacteristic.(oboe_core.hasSourceUnit.some(Power)))",,False,2_5,earth_environment/extensible_observation_ontology,,,
2_5_zxp9rg98,"Given the following Description Logic expression from the Financial Industry Business Ontology, determine whether it is satisfiable (true of false).
∃hasRequestDate.(Reporting.isSubmittedTo.some(RequestActivity)) ⊓ ¬(∃hasRequestDate.(Reporting.isSubmittedTo.some(RequestActivity)))",,False,2_5,business_finance/financial_industry_business_ontology,,,
2_5_6qcx4b9f,"In the ontology of Public Procurement Ontology, determine whether it is satisfiable (true of false).
 ∃briefing.(ContractBodies) ⊓ =0 briefing.(ContractBodies)",,False,2_5,human_society/public_procurement_ontologyy,,,
2_5_9ypha167,"Given the following Description Logic expression from the Geology Ontology, determine whether it is satisfiable (true of false).
∃BFO_0000194.(GEOCORE_0000007) ⊓ ∀BFO_0000057.(¬(GEOCORE_0000007)) ⊓ ∃BFO_0000194.(¬(GEOCORE_0000007))",,True,2_5,earth_environment/geocore_ontology,,,
2_5_llmz6n03,"Given the following Description Logic expression from the Public Contracts Ontology, determine whether it is satisfiable (true of false).
≥3 frameworkAgreement.(CriterionWeighting)",,True,2_5,business_finance/public_contracts_ontology,,,
2_5_dvyft7np,"Given the following Description Logic expression from the Geology Ontology, determine whether it is satisfiable (true of false).
=0 GEOCORE_0000016.(BFO_0000006) ⊓ ∃GEOCORE_0000016.(BFO_0000006)",,False,2_5,earth_environment/geocore_ontology,,,
2_5_lq2jqq6b,"Given the following Description Logic expression from the Public Contracts Ontology, determine whether it is satisfiable (true of false).
∃lot.(TendersOpening) ⊓ ∀attachment.(¬(TendersOpening)) ⊓ ∃lot.(¬(TendersOpening))",,True,2_5,business_finance/public_contracts_ontology,,,
2_5_74kjjp7k,"Given the following Description Logic expression from the Video Game Ontology, determine whether it is satisfiable (true of false).
∃creator.(Leaderboard) ⊓ =0 creator.(Leaderboard)",,False,2_5,arts_media_entertainment/videogameontology,,,
2_5_bwzshwv5,"In the ontology of Public Procurement Ontology, determine whether it is satisfiable (true of false).
 ≥3 estimatedValue.(ElectronicAuction) ⊓ ≤2 estimatedValue.(ElectronicAuction)",,False,2_5,human_society/public_procurement_ontologyy,,,
2_5_08ge1vbj,"Given the following Description Logic expression from the People Ontology, determine whether it is satisfiable (true of false).
∃has_father.(people.has_part.some(people.duck)) ⊓ ¬(∃has_father.(people.has_part.some(people.duck)))",,False,2_5,human_society/people_ontology,,,
2_5_90f9iuc2,"Given the following Description Logic expression from the Movie Ontology, determine whether it is satisfiable (true of false).
~∃FOAF_modifiedisActedBy.(Class) ⊓ ~=0 FOAF_modifiedisActedBy.(Class)",,False,2_5,arts_media_entertainment/movie_ontology,,,
2_5_5kjrbaqz,"Given the following Description Logic expression from the Plant Ontology, determine whether it is satisfiable (true of false).
∃RO_0002202.(PO_0007067 ⊓ PO_0006008)",,True,2_5,food_agriculture/plant_ontology,,,
2_5_8oyd1x7t,"Given the following Description Logic expression from the International Classification of Disease Ontology, determine whether it is satisfiable (true of false).
∀ICDO_0000053.(ICDO_0000453)",,True,2_5,health_medicine/international_classification_of_disease_ontology,,,
2_5_d5tfgla0,"Given the following Description Logic expression from the Pizza Ontology, determine whether it is satisfiable (true of false).
∃hasTopping.(VegetarianToppingsPizza_Closed) ⊓ =0 hasTopping.(VegetarianToppingsPizza_Closed)",,False,2_5,food_agriculture/pizza_ontology,,,
2_5_bj0twshw,"Given the following Description Logic expression from the Financial Industry Business Ontology, determine whether it is satisfiable (true of false).
∃identifies.(PassThroughMBSFinalProspectus ⊓ ∀identifies.(¬(PassThroughMBSFinalProspectus)))",,True,2_5,business_finance/financial_industry_business_ontology,,,
2_5_wigidjjc,"Given the following Description Logic expression from the Pizza Ontology, determine whether it is satisfiable (true of false).
=1 hasMaterialState.(VegePizza03) ⊓ =1 hasTopping.(VegePizza03) ⊓ ∃hasMaterialState.(∀hasTopping.(¬(VegePizza03)))",,True,2_5,food_agriculture/pizza_ontology,,,
2_5_pmosssuo,"Given the following Description Logic expression from the Occupation Ontology, determine whether it is satisfiable (true of false).
∃RO_0001025.(OCCO_25105400)",,True,2_5,business_finance/occupation_ontology,,,
2_5_vli9t7hx,"Given the following Description Logic expression from the Semantic Web for Earth and Environmental Terminology, determine whether it is satisfiable (true of false).
=1 hasSpatialScale.(SmartGrid) ⊓ =1 hasTemporalReference.(SmartGrid) ⊓ ∃hasSpatialScale.(∀hasTemporalReference.(¬(SmartGrid)))",,True,2_5,earth_environment/sweet,,,
2_5_awg2clfq,"Given the following Description Logic expression from the Occupation Ontology, determine whether it is satisfiable (true of false).
∃BFO_0000067.(OCCO_11312100 ⊓ ∀BFO_0000067.(¬(OCCO_11312100)))",,True,2_5,business_finance/occupation_ontology,,,
2_5_dzr4975k,"Given the following Description Logic expression from the Financial Industry Business Ontology, determine whether it is satisfiable (true of false).
∃hasOffering.(TradeIdentifier) ⊓ ∀hasOffering.(¬(TradeIdentifier))",,True,2_5,business_finance/financial_industry_business_ontology,,,
2_5_rvdvmv9m,"Given the following Description Logic expression from the Financial Industry Business Ontology, determine whether it is satisfiable (true of false).
∀hasExerciseWindow.(AmericanExerciseTerms ⊔ EuropeanExerciseTerms)",,True,2_5,business_finance/financial_industry_business_ontology,,,
2_5_kk5q4l28,"Given the following Description Logic expression from the International Classification of Disease Ontology, determine whether it is satisfiable (true of false).
∃RO_0011023.(ICDO_0000025) ⊓ =0 RO_0011023.(ICDO_0000025)",,False,2_5,health_medicine/international_classification_of_disease_ontology,,,
2_5_4rdwc8zr,"Given the following Description Logic expression from the Wine Ontology, determine whether it is satisfiable (true of false).
wine#.∃hasWineDescriptor.(wine#.Merlot)",,True,2_5,food_agriculture/wine_ontology,,,
2_5_1vll3820,"Given the following Description Logic expression from the Financial Industry Business Ontology, determine whether it is satisfiable (true of false).
=1 provisions.(ProductIdentifier) ⊓ =1 sells.(ProductIdentifier) ⊓ ∃provisions.(∀sells.(¬(ProductIdentifier)))",,True,2_5,business_finance/financial_industry_business_ontology,,,
2_5_zv4yp2xg,"Given the following Description Logic expression from the Public Contracts Ontology, determine whether it is satisfiable (true of false).
≥2 specification.(FrameworkAgreement) ⊓ ≤1 specification.(FrameworkAgreement)",,False,2_5,business_finance/public_contracts_ontology,,,
2_5_yfmgwvel,"Given the following Description Logic expression from the People Ontology, determine whether it is satisfiable (true of false).
∃has_child.(people.animal) ⊓ =0 has_child.(people.animal)",,False,2_5,human_society/people_ontology,,,
2_5_cnd8jh85,"Given the following Description Logic expression from the Comic Book Ontology, determine whether it is satisfiable (true of false).
∀hasPart.(Item)",,True,2_5,arts_media_entertainment/comic_book_ontology,,,
2_5_0l4b1153,"Given the following Description Logic expression from the Video Game Ontology, determine whether it is satisfiable (true of false).
∃platformOf.(Free) ⊓ ∀narrationOf.(¬(Free)) ⊓ ∃platformOf.(¬(Free))",,True,2_5,arts_media_entertainment/videowl,,,
2_5_pgjy24sw,"Given the following Description Logic expression from the Organization Ontology, determine whether it is satisfiable (true of false).
≥2 role.(Role) ⊓ ≤1 role.(Role)",,False,2_5,business_finance/organization_ontology,,,
2_5_p8ox6t86,"Given the following Description Logic expression from the CIDOC CRM ontology, determine whether it is satisfiable (true of false).
∀P186_produced_thing_of_product_type.(E36_Visual_Item)",,True,2_5,arts_media_entertainment/cidoc_crm,,,
2_5_eanfs8ut,"Given the following Description Logic expression from the Occupation Ontology, determine whether it is satisfiable (true of false).
∃OCCO_00000010.(OCCO_47214200) ⊓ =0 OCCO_00000010.(OCCO_47214200)",,False,2_5,business_finance/occupation_ontology,,,
2_5_17ar1kry,"Given the following Description Logic expression from the Movie Ontology, determine whether it is satisfiable (true of false).
~∃FOAF_modifieddepicts.(~FOAF_modifiedPerson) ⊓ ~∀FOAF_modifiedisActedBy.(¬(~FOAF_modifiedPerson)) ⊓ ~∃FOAF_modifieddepicts.(¬(~FOAF_modifiedPerson))",,True,2_5,arts_media_entertainment/movie_ontology,,,
2_5_kpcomudz,"Given the following Description Logic expression from the Financial Industry Business Ontology, determine whether it is satisfiable (true of false).
∃hasDefaultAmount.(CollateralValuation) ⊓ =0 hasDefaultAmount.(CollateralValuation)",,False,2_5,business_finance/financial_industry_business_ontology,,,
2_5_9mmifg5p,"Given the following Description Logic expression from the People Ontology, determine whether it is satisfiable (true of false).
∃eats.(people.broadsheet) ⊓ =0 eats.(people.broadsheet)",,False,2_5,human_society/people_ontology,,,
2_5_cqvz1ona,"Given the following Description Logic expression from the People Ontology, determine whether it is satisfiable (true of false).
≥2 works_for.(people.male) ⊓ ≤1 works_for.(people.male)",,False,2_5,human_society/people_ontology,,,
2_5_ah7ajqmo,"Given the following Description Logic expression from the Financial Industry Business Ontology, determine whether it is satisfiable (true of false).
≥5 modifiedDurationValue.(ModifiedDurationAnalytic) ⊓ ≤2 modifiedDurationValue.(ModifiedDurationAnalytic)",,False,2_5,business_finance/financial_industry_business_ontology,,,
2_5_d29wgjt9,"Given the following Description Logic expression from the Financial Industry Business Ontology, determine whether it is satisfiable (true of false).
∀isControllingAffiliateOf.(Affiliation)",,True,2_5,business_finance/financial_industry_business_ontology,,,
2_5_xfg3q7oh,"Given the following Description Logic expression from the People Ontology, determine whether it is satisfiable (true of false).
∃has_part.(∀works_for.(people.haulage_worker))",,True,2_5,human_society/people_ontology,,,
2_5_9njg56wd,"Given the following Description Logic expression from the Financial Industry Business Ontology, determine whether it is satisfiable (true of false).
∀isPortfolioCompanyOf.(MonetaryAuthority)",,True,2_5,business_finance/financial_industry_business_ontology,,,
2_5_u8od14er,"Given the following Description Logic expression from the Movie Ontology, determine whether it is satisfiable (true of false).
~∃FOAF_modifiedknows.(~FOAF_modifiedacts.some(~FOAF_modifiedMovie)) ⊓ ¬(~∃FOAF_modifiedknows.(~FOAF_modifiedacts.some(~FOAF_modifiedMovie)))",,False,2_5,arts_media_entertainment/movie_ontology,,,
2_5_dyf8fivf,"Given the following Description Logic expression from the Financial Industry Business Ontology, determine whether it is satisfiable (true of false).
∀isHeldBy.(ContextualName)",,True,2_5,business_finance/financial_industry_business_ontology,,,
2_5_bvkct7o9,"Given the following Description Logic expression from the Financial Instruments Ontology, determine whether it is satisfiable (true of false).
∃hasSellingCurrency.(SpotContract) ⊓ =0 hasSellingCurrency.(SpotContract)",,False,2_5,business_finance/financial_instruments_ontology,,,
2_5_r2ohgkh6,"Given the following Description Logic expression from the CIDOC CRM ontology, determine whether it is satisfiable (true of false).
∃P183i_starts_after_the_end_of.(E35_Title) ⊓ ∀P138_represents.(¬(E35_Title)) ⊓ ∃P183i_starts_after_the_end_of.(¬(E35_Title))",,True,2_5,arts_media_entertainment/cidoc_crm,,,
2_5_6pai455t,"Given the following Description Logic expression from the African Wildlife Ontology, determine whether it is satisfiable (true of false).
∃inhabits.(Zeal) ⊓ ∀eats.(¬(Zeal)) ⊓ ∃inhabits.(¬(Zeal))",,True,2_5,earth_environment/african_wildlife_ontology,,,
2_5_p86toi4x,"Given the following Description Logic expression from the Video Game Ontology, determine whether it is satisfiable (true of false).
∃involvesCharacter.(GameOntologyv3.hasCharacter.some(Player)) ⊓ ¬(∃involvesCharacter.(GameOntologyv3.hasCharacter.some(Player)))",,False,2_5,arts_media_entertainment/videogameontology,,,
2_5_o19cpjmk,"Given the following Description Logic expression from the Comic Book Ontology, determine whether it is satisfiable (true of false).
≥3 universeOf.(PublicationVolume) ⊓ ≤1 universeOf.(PublicationVolume)",,False,2_5,arts_media_entertainment/comic_book_ontology,,,
2_5_i0sfsq38,"In the ontology of Public Procurement Ontology, determine whether it is satisfiable (true of false).
 ∃websiteWithInformation.(HarmonizedContract ⊓ ∀websiteWithInformation.(¬(HarmonizedContract)))",,True,2_5,human_society/public_procurement_ontologyy,,,
2_5_szbjnuiz,"Given the following Description Logic expression from the Public Contracts Ontology, determine whether it is satisfiable (true of false).
∃item.(AwardCriteriaCombination) ⊓ =0 item.(AwardCriteriaCombination)",,False,2_5,business_finance/public_contracts_ontology,,,
2_5_rly535ht,"Given the following Description Logic expression from the Occupation Ontology, determine whether it is satisfiable (true of false).
∀RO_0004096.(OCCO_29115000)",,True,2_5,business_finance/occupation_ontology,,,
2_5_4u3x462u,"Given the following Description Logic expression from the Public Contracts Ontology, determine whether it is satisfiable (true of false).
∃contractPrice.(CriterionWeighting ⊓ ∀contractPrice.(¬(CriterionWeighting)))",,True,2_5,business_finance/public_contracts_ontology,,,
2_5_t22gm8c4,"Given the following Description Logic expression from the Geology Ontology, determine whether it is satisfiable (true of false).
≥5 GEOCORE_0000014.(GEOCORE_0000003) ⊓ ≤1 GEOCORE_0000014.(GEOCORE_0000003)",,False,2_5,earth_environment/geocore_ontology,,,
2_5_m0g0belq,"Given the following Description Logic expression from the Movie Ontology, determine whether it is satisfiable (true of false).
~∃FOAF_modifiedacts.(Class) ⊓ ~=0 FOAF_modifiedacts.(Class)",,False,2_5,arts_media_entertainment/movie_ontology,,,
2_5_kcj1ffct,"Given the following Description Logic expression from the International Classification of Disease Ontology, determine whether it is satisfiable (true of false).
∃ICDO_0000081.(RO_0002450.some(ICDO_0000662)) ⊓ ¬(∃ICDO_0000081.(RO_0002450.some(ICDO_0000662)))",,False,2_5,health_medicine/international_classification_of_disease_ontology,,,
2_5_vf825lao,"Given the following Description Logic expression from the Addiction Ontology, determine whether it is satisfiable (true of false).
∀BFO_0000117.(ADDICTO_0000966)",,True,2_5,health_medicine/addiction_ontology,,,
2_5_al7qrksb,"Given the following Description Logic expression from the People Ontology, determine whether it is satisfiable (true of false).
∃has_child.(people.pet_owner) ⊓ ∃reads.(people.pet_owner)",,True,2_5,human_society/people_ontology,,,
2_5_l0i6a4dr,"Given the following Description Logic expression from the Plant Ontology, determine whether it is satisfiable (true of false).
∃RO_0002160.(PO_0009055) ⊓ =0 RO_0002160.(PO_0009055)",,False,2_5,food_agriculture/plant_ontology,,,
2_5_uz6djvwx,"Given the following Description Logic expression from the Financial Industry Business Ontology, determine whether it is satisfiable (true of false).
∀isEmployedIn.(FormalOrganization)",,True,2_5,business_finance/financial_industry_business_ontology,,,
2_5_x1pmwfa8,"Given the following Description Logic expression from the Comic Book Ontology, determine whether it is satisfiable (true of false).
=0 preview.(Location) ⊓ ∃preview.(Location)",,False,2_5,arts_media_entertainment/comic_book_ontology,,,
2_5_cwmkhfdp,"Given the following Description Logic expression from the Video Game Ontology, determine whether it is satisfiable (true of false).
=1 hasLeaderboard.(ProductOrService) ⊓ ≥2 hasLeaderboard.(ProductOrService)",,True,2_5,arts_media_entertainment/videogameontology,,,
2_5_lohz26bn,"In the ontology of European Legislation Identifier, determine whether it is satisfiable (true of false).
 =0 cited_by.(F1_Work) ⊓ ∃cited_by.(F1_Work)",,False,2_5,human_society/people_ontology,,,
2_5_cb17gi5i,"Given the following Description Logic expression from the Semantic Web for Earth and Environmental Terminology, determine whether it is satisfiable (true of false).
∃inNH.(Cannonite) ⊓ ∀adjacentTo.(¬(Cannonite)) ⊓ ∃inNH.(¬(Cannonite))",,True,2_5,earth_environment/sweet,,,
2_5_zocchz8s,"Given the following Description Logic expression from the Addiction Ontology, determine whether it is satisfiable (true of false).
∀RO_0000086.(CHEBI_50269)",,True,2_5,health_medicine/addiction_ontology,,,
2_5_awcoodmu,"Given the following Description Logic expression from the CIDOC CRM ontology, determine whether it is satisfiable (true of false).
≥5 P38_deassigned.(E36_Visual_Item) ⊓ ≤3 P38_deassigned.(E36_Visual_Item)",,False,2_5,arts_media_entertainment/cidoc_crm,,,
2_5_igez7wad,"Given the following Description Logic expression from the Semantic Web for Earth and Environmental Terminology, determine whether it is satisfiable (true of false).
∃withRespectTo.(Nefedovite) ⊓ =0 withRespectTo.(Nefedovite)",,False,2_5,earth_environment/sweet,,,
2_5_umi7a8ev,"Given the following Description Logic expression from the Addiction Ontology, determine whether it is satisfiable (true of false).
∃BFO_0000054.(ADDICTO_0001241)",,True,2_5,health_medicine/addiction_ontology,,,
2_5_8hh41uv9,"Given the following Description Logic expression from the Occupation Ontology, determine whether it is satisfiable (true of false).
∃OCCO_00000130.(RO_0002351.some(BFO_0000015)) ⊓ ¬(∃OCCO_00000130.(RO_0002351.some(BFO_0000015)))",,False,2_5,business_finance/occupation_ontology,,,
2_5_cvgz556n,"Given the following Description Logic expression from the Geology Ontology, determine whether it is satisfiable (true of false).
=2 BFO_0000084.(BFO_0000001) ⊓ ≥3 BFO_0000084.(BFO_0000001)",,True,2_5,earth_environment/geocore_ontology,,,
2_5_a07dfmfb,"In the ontology of European Legislation Identifier, determine whether it is satisfiable (true of false).
 ∃cited_by_case_law.(SubdivisionType ⊓ ∀cited_by_case_law.(¬(SubdivisionType)))",,True,2_5,human_society/people_ontology,,,
2_5_jo6rdaml,"Given the following Description Logic expression from the CIDOC CRM ontology, determine whether it is satisfiable (true of false).
∀P8i_witnessed.(E90_Symbolic_Object)",,True,2_5,arts_media_entertainment/cidoc_crm,,,
2_5_21zerica,"Given the following Description Logic expression from the Addiction Ontology, determine whether it is satisfiable (true of false).
≥4 BFO_0000117.(ADDICTO_0000253) ⊓ ≤3 BFO_0000117.(ADDICTO_0000253)",,False,2_5,health_medicine/addiction_ontology,,,
2_5_w50rdmqv,"In the ontology of European Legislation Identifier, determine whether it is satisfiable (true of false).
 ∃has_derivative.(Work) ⊓ =0 has_derivative.(Work)",,False,2_5,human_society/people_ontology,,,
2_5_u7jc0lcs,"Given the following Description Logic expression from the Financial Instruments Ontology, determine whether it is satisfiable (true of false).
≥2 isLegallyRecordedIn.(EquityInstrument) ⊓ ≤1 isLegallyRecordedIn.(EquityInstrument)",,False,2_5,business_finance/financial_instruments_ontology,,,
2_5_jb95ne3j,"Given the following Description Logic expression from the Extensible Observation Ontology, determine whether it is satisfiable (true of false).
∃hasQualifier.(Second) ⊓ =0 hasQualifier.(Second)",,False,2_5,earth_environment/extensible_observation_ontology,,,
2_5_p9jf22ky,"In the ontology of European Legislation Identifier, determine whether it is satisfiable (true of false).
 ∃work_type.(SubdivisionType) ⊓ ∀related_to.(¬(SubdivisionType)) ⊓ ∃work_type.(¬(SubdivisionType))",,True,2_5,human_society/people_ontology,,,
2_5_q02za09u,"Given the following Description Logic expression from the People Ontology, determine whether it is satisfiable (true of false).
∃has_parent.(people.white_thing ⊓ people.bone)",,True,2_5,human_society/people_ontology,,,
2_5_u8jqcv2e,"Given the following Description Logic expression from the Addiction Ontology, determine whether it is satisfiable (true of false).
≥3 RO_0002353.(ADDICTO_0001027) ⊓ ≤1 RO_0002353.(ADDICTO_0001027)",,False,2_5,health_medicine/addiction_ontology,,,
2_5_zkvc2gly,"Given the following Description Logic expression from the Financial Industry Business Ontology, determine whether it is satisfiable (true of false).
∃hasOfferingAmount.(∀hasGeneratingEntity.(BreachOfContract)) ⊓ ∀hasOfferingAmount.(∃hasGeneratingEntity.(¬(BreachOfContract)))",,True,2_5,business_finance/financial_industry_business_ontology,,,
2_5_19hi7rzs,"Given the following Description Logic expression from the Financial Industry Business Ontology, determine whether it is satisfiable (true of false).
∃hasInput.(RelativeDate ⊓ ScheduleStub)",,True,2_5,business_finance/financial_industry_business_ontology,,,
2_5_pgg5l7jl,"Given the following Description Logic expression from the Public Contracts Ontology, determine whether it is satisfiable (true of false).
∃documentationPrice.(CriterionWeighting ⊓ Tender)",,True,2_5,business_finance/public_contracts_ontology,,,
2_5_q3rulcz2,"Given the following Description Logic expression from the Plant Ontology, determine whether it is satisfiable (true of false).
∃PO_0040001.(PO_0007605) ⊓ ∀PO_0040001.(¬(PO_0007605))",,True,2_5,food_agriculture/plant_ontology,,,
2_5_9pd23aiw,"Given the following Description Logic expression from the Occupation Ontology, determine whether it is satisfiable (true of false).
≥3 RO_0004096.(OCCO_55301200) ⊓ ≤1 RO_0004096.(OCCO_55301200)",,False,2_5,business_finance/occupation_ontology,,,
2_5_k7tt5mav,"Given the following Description Logic expression from the Wine Ontology, determine whether it is satisfiable (true of false).
wine#.≥2 hasMaker.(wine#.IceWine) ⊓ wine#.≤1 hasMaker.(wine#.IceWine)",,False,2_5,food_agriculture/wine_ontology,,,
2_5_zuij985o,"Given the following Description Logic expression from the Comic Book Ontology, determine whether it is satisfiable (true of false).
∀colorist.(Product ⊔ ComicIssue)",,True,2_5,arts_media_entertainment/comic_book_ontology,,,
2_5_ow1byl5l,"Given the following Description Logic expression from the Financial Instruments Ontology, determine whether it is satisfiable (true of false).
∃hasRedemptionProvision.(SecuritiesTransaction) ⊓ ∀isDenominatedIn.(¬(SecuritiesTransaction)) ⊓ ∃hasRedemptionProvision.(¬(SecuritiesTransaction))",,True,2_5,business_finance/financial_instruments_ontology,,,
2_5_cz4eiiij,"Given the following Description Logic expression from the Occupation Ontology, determine whether it is satisfiable (true of false).
≥2 RO_0000085.(OCCO_47509900) ⊓ ≤1 RO_0000085.(OCCO_47509900)",,False,2_5,business_finance/occupation_ontology,,,
2_5_ujv6rylg,"Given the following Description Logic expression from the Wine Ontology, determine whether it is satisfiable (true of false).
wine#.∃adjacentRegion.(wine#.∀hasColor.(wine#.IceWine)) ⊓ wine#.∀adjacentRegion.(wine#.∃hasColor.(¬(wine#.IceWine)))",,True,2_5,food_agriculture/wine_ontology,,,
2_5_vs6cg3fg,"Given the following Description Logic expression from the Business Process Model and Notation, determine whether it is satisfiable (true of false).
∃has_timer_event_time_cycle.(∀has_participant_role_ref.(BPMNOntology.group)) ⊓ ∀has_timer_event_time_cycle.(∃has_participant_role_ref.(¬(BPMNOntology.group)))",,True,2_5,business_finance/bpmn,,,
2_5_pwfebf1w,"Given the following Description Logic expression from the People Ontology, determine whether it is satisfiable (true of false).
∃drives.(people.haulage_company) ⊓ =0 drives.(people.haulage_company)",,False,2_5,human_society/people_ontology,,,
2_5_1ipu7fif,"In the ontology of Public Procurement Ontology, determine whether it is satisfiable (true of false).
 ∃item.(pproc_1.0.0.tenderInformationProvider.some(Remedy)) ⊓ ¬(∃item.(pproc_1.0.0.tenderInformationProvider.some(Remedy)))",,False,2_5,human_society/public_procurement_ontologyy,,,
2_5_z50wf3u3,"Given the following Description Logic expression from the Video Game Ontology, determine whether it is satisfiable (true of false).
∃deuteragonistOf.(Agent) ⊓ =0 deuteragonistOf.(Agent)",,False,2_5,arts_media_entertainment/videowl,,,
2_5_s1smpup3,"Given the following Description Logic expression from the Addiction Ontology, determine whether it is satisfiable (true of false).
∃RO_0001019.(ADDICTO_0000355) ⊓ =0 RO_0001019.(ADDICTO_0000355)",,False,2_5,health_medicine/addiction_ontology,,,
2_5_i6jllgvr,"In the ontology of Public Procurement Ontology, determine whether it is satisfiable (true of false).
 ∃delegatingAuthority.(Briefing) ⊓ =0 delegatingAuthority.(Briefing)",,False,2_5,human_society/public_procurement_ontologyy,,,
2_5_naod8jsn,"Given the following Description Logic expression from the Financial Industry Business Ontology, determine whether it is satisfiable (true of false).
∃mayBe.(EquitiesIPOIssuance.shareUnderwriter.some(FilingDetails)) ⊓ ¬(∃mayBe.(EquitiesIPOIssuance.shareUnderwriter.some(FilingDetails)))",,False,2_5,business_finance/financial_industry_business_ontology,,,
2_5_o3zf4ek8,"Given the following Description Logic expression from the Semantic Web for Earth and Environmental Terminology, determine whether it is satisfiable (true of false).
≥4 hasTime.(Goergeyite) ⊓ ≤3 hasTime.(Goergeyite)",,False,2_5,earth_environment/sweet,,,
2_5_v0knzxtj,"Given the following Description Logic expression from the Occupation Ontology, determine whether it is satisfiable (true of false).
=2 RO_0000059.(OCCO_47205100) ⊓ ≥3 RO_0000059.(OCCO_47205100)",,True,2_5,business_finance/occupation_ontology,,,
2_5_ickahmr1,"Given the following Description Logic expression from the Geology Ontology, determine whether it is satisfiable (true of false).
=0 BFO_0000057.(BFO_0000024) ⊓ ∃BFO_0000057.(BFO_0000024)",,False,2_5,earth_environment/geocore_ontology,,,
2_5_5pzyws7j,"Given the following Description Logic expression from the Financial Industry Business Ontology, determine whether it is satisfiable (true of false).
∃hasRequestDate.(Request ⊓ ∀hasRequestDate.(¬(Request)))",,True,2_5,business_finance/financial_industry_business_ontology,,,
2_5_ed3nibfm,"Given the following Description Logic expression from the Plant Ontology, determine whether it is satisfiable (true of false).
≥4 RO_0002160.(PO_0001000) ⊓ ≤3 RO_0002160.(PO_0001000)",,False,2_5,food_agriculture/plant_ontology,,,
2_5_k3tgfqa2,"Given the following Description Logic expression from the Business Process Model and Notation, determine whether it is satisfiable (true of false).
∃has_gate_outgoing_sequence_flow_ref.(BPMNOntology.lane ⊓ BPMNOntology.embedded_sub_process)",,True,2_5,business_finance/bpmn,,,
2_5_sik5wjhd,"Given the following Description Logic expression from the International Classification of Disease Ontology, determine whether it is satisfiable (true of false).
∃RO_0002584.(∀RO_0004033.(ICDO_0000590))",,True,2_5,health_medicine/international_classification_of_disease_ontology,,,
2_5_efl6etul,"Given the following Description Logic expression from the Extensible Observation Ontology, determine whether it is satisfiable (true of false).
=0 hasNextQualifier.(MilligramPerMeterCubed) ⊓ ∃hasNextQualifier.(MilligramPerMeterCubed)",,False,2_5,earth_environment/extensible_observation_ontology,,,
2_5_gtfb4cda,"Given the following Description Logic expression from the Video Game Ontology, determine whether it is satisfiable (true of false).
∃narrationOf.(TPSRealistic ⊓ Game)",,True,2_5,arts_media_entertainment/videowl,,,
2_5_v8myg086,"Given the following Description Logic expression from the Financial Industry Business Ontology, determine whether it is satisfiable (true of false).
∃hasEntityStatus.(BusinessRegistries.hasValidationLevel.some(ValueAddedTaxIdentificationNumber)) ⊓ ¬(∃hasEntityStatus.(BusinessRegistries.hasValidationLevel.some(ValueAddedTaxIdentificationNumber)))",,False,2_5,business_finance/financial_industry_business_ontology,,,
2_5_72yapgwm,"Given the following Description Logic expression from the Financial Instruments Ontology, determine whether it is satisfiable (true of false).
∃hasPrincipalExecutiveOfficeAddress.(FinancialInstruments.holdsSharesIn.some(NegotiableSecurity)) ⊓ ¬(∃hasPrincipalExecutiveOfficeAddress.(FinancialInstruments.holdsSharesIn.some(NegotiableSecurity)))",,False,2_5,business_finance/financial_instruments_ontology,,,
2_5_nihkfh65,"Given the following Description Logic expression from the Organization Ontology, determine whether it is satisfiable (true of false).
∃siteAddress.(org.role.some(Post)) ⊓ ¬(∃siteAddress.(org.role.some(Post)))",,False,2_5,business_finance/organization_ontology,,,
2_5_deyend7m,"Given the following Description Logic expression from the Financial Industry Business Ontology, determine whether it is satisfiable (true of false).
=0 hasBeneficialOwner.(BeneficialOwnership) ⊓ ∃hasBeneficialOwner.(BeneficialOwnership)",,False,2_5,business_finance/financial_industry_business_ontology,,,
2_5_vvmlq7ue,"Given the following Description Logic expression from the African Wildlife Ontology, determine whether it is satisfiable (true of false).
=0 inhabits.(Troop) ⊓ ∃inhabits.(Troop)",,False,2_5,earth_environment/african_wildlife_ontology,,,
2_5_jxxaqg7e,"Given the following Description Logic expression from the Video Game Ontology, determine whether it is satisfiable (true of false).
∀protagonistOf.(Choice)",,True,2_5,arts_media_entertainment/videowl,,,
2_5_glapdjv0,"Given the following Description Logic expression from the African Wildlife Ontology, determine whether it is satisfiable (true of false).
≥4 inhabits.(Phloem) ⊓ ≤1 inhabits.(Phloem)",,False,2_5,earth_environment/african_wildlife_ontology,,,
2_5_gecr93nk,"Given the following Description Logic expression from the CIDOC CRM ontology, determine whether it is satisfiable (true of false).
∃P99_dissolved.(E10_Transfer_of_Custody)",,True,2_5,arts_media_entertainment/cidoc_crm,,,
2_5_4bpyjcvd,"Given the following Description Logic expression from the Pizza Ontology, determine whether it is satisfiable (true of false).
∃hasTopping.(Pizza ⊓ MeatTopping)",,True,2_5,food_agriculture/pizza_ontology,,,
2_5_r4wr49u2,"In the ontology of Public Procurement Ontology, determine whether it is satisfiable (true of false).
 ∃budgetPrice.(v1.hasPriceSpecification.some(ContractEconomicConditions)) ⊓ ¬(∃budgetPrice.(v1.hasPriceSpecification.some(ContractEconomicConditions)))",,False,2_5,human_society/public_procurement_ontologyy,,,
2_5_7xmxenbb,"Given the following Description Logic expression from the Organization Ontology, determine whether it is satisfiable (true of false).
=1 memberDuring.(Organization) ⊓ =1 siteAddress.(Organization) ⊓ ∃memberDuring.(∀siteAddress.(¬(Organization)))",,True,2_5,business_finance/organization_ontology,,,
2_5_eqyvy9yd,"In the ontology of European Legislation Identifier, determine whether it is satisfiable (true of false).
 =0 is_annex_of.(Version) ⊓ ∃is_annex_of.(Version)",,False,2_5,human_society/people_ontology,,,
2_5_sj757s6t,"Given the following Description Logic expression from the Movie Ontology, determine whether it is satisfiable (true of false).
~∃FOAF_modifiedacts.(Class) ⊓ ~∀FOAF_modifiedacts.(¬(Class))",,True,2_5,arts_media_entertainment/movie_ontology,,,
2_5_0ruy9fjh,"Given the following Description Logic expression from the Plant Ontology, determine whether it is satisfiable (true of false).
∃BFO_0000062.(PO_0004502) ⊓ ∀BFO_0000062.(¬(PO_0004502))",,True,2_5,food_agriculture/plant_ontology,,,
2_5_nknrs5l6,"Given the following Description Logic expression from the Video Game Ontology, determine whether it is satisfiable (true of false).
∃employedBy.(∀hasNarrative.(Survival)) ⊓ ∀employedBy.(∃hasNarrative.(¬(Survival)))",,True,2_5,arts_media_entertainment/videowl,,,
2_5_ib2nkhjn,"Given the following Description Logic expression from the People Ontology, determine whether it is satisfiable (true of false).
≥2 reads.(people.man) ⊓ ≤1 reads.(people.man)",,False,2_5,human_society/people_ontology,,,
2_5_7y4yrijw,"Given the following Description Logic expression from the People Ontology, determine whether it is satisfiable (true of false).
∃likes.(people.male ⊓ ∀likes.(¬(people.male)))",,True,2_5,human_society/people_ontology,,,
2_5_i3pecr3i,"Given the following Description Logic expression from the Financial Industry Business Ontology, determine whether it is satisfiable (true of false).
∃involvesControlledThing.(ControllingParty) ⊓ =0 involvesControlledThing.(ControllingParty)",,False,2_5,business_finance/financial_industry_business_ontology,,,
2_5_xdl6j1ju,"Given the following Description Logic expression from the Video Game Ontology, determine whether it is satisfiable (true of false).
∃hasAchievement.(GameOntologyv3.involvesAchievement.some(Session)) ⊓ ¬(∃hasAchievement.(GameOntologyv3.involvesAchievement.some(Session)))",,False,2_5,arts_media_entertainment/videogameontology,,,
2_5_7s537yh1,"Given the following Description Logic expression from the Semantic Web for Earth and Environmental Terminology, determine whether it is satisfiable (true of false).
∃hasComponent.(relaSpace.interior.some(Laforetite)) ⊓ ¬(∃hasComponent.(relaSpace.interior.some(Laforetite)))",,False,2_5,earth_environment/sweet,,,
2_5_ykn2sbwh,"Given the following Description Logic expression from the Financial Industry Business Ontology, determine whether it is satisfiable (true of false).
≥5 hasElectronicMailAddress.(TelephoneNumber) ⊓ ≤2 hasElectronicMailAddress.(TelephoneNumber)",,False,2_5,business_finance/financial_industry_business_ontology,,,
2_5_5zx5bskf,"Given the following Description Logic expression from the Wine Ontology, determine whether it is satisfiable (true of false).
wine#.∃madeFromGrape.(wine#.adjacentRegion.some(wine#.SweetWine))",,True,2_5,food_agriculture/wine_ontology,,,
2_5_gphlx73k,"Given the following Description Logic expression from the Video Game Ontology, determine whether it is satisfiable (true of false).
∃ownsAchievement.(GameOntologyv3.isEventInGame.some(Genre)) ⊓ ¬(∃ownsAchievement.(GameOntologyv3.isEventInGame.some(Genre)))",,False,2_5,arts_media_entertainment/videogameontology,,,
2_5_id82zonu,"Given the following Description Logic expression from the Financial Industry Business Ontology, determine whether it is satisfiable (true of false).
∃identifiesAssetTypesBy.(CollectiveInvestmentVehicles.definesAllocations.some(NoteFundUnit)) ⊓ ¬(∃identifiesAssetTypesBy.(CollectiveInvestmentVehicles.definesAllocations.some(NoteFundUnit)))",,False,2_5,business_finance/financial_industry_business_ontology,,,
2_5_76y8vb65,"Given the following Description Logic expression from the CIDOC CRM ontology, determine whether it is satisfiable (true of false).
∃P42i_was_assigned_by.(P46i_forms_part_of.some(E55_Type)) ⊓ ¬(∃P42i_was_assigned_by.(P46i_forms_part_of.some(E55_Type)))",,False,2_5,arts_media_entertainment/cidoc_crm,,,
2_5_sc7bol6n,"Given the following Description Logic expression from the Movie Ontology, determine whether it is satisfiable (true of false).
~≥4 FOAF_modifiedmaker.(~FOAF_modifiedPerson) ⊓ ~≤3 FOAF_modifiedmaker.(~FOAF_modifiedPerson)",,False,2_5,arts_media_entertainment/movie_ontology,,,
2_5_491megmp,"Given the following Description Logic expression from the Addiction Ontology, determine whether it is satisfiable (true of false).
∃RO_0001025.(CHEBI_33572) ⊓ =0 RO_0001025.(CHEBI_33572)",,False,2_5,health_medicine/addiction_ontology,,,
2_5_3jvcfkwn,"Given the following Description Logic expression from the People Ontology, determine whether it is satisfiable (true of false).
=0 has_parent.(people.tree) ⊓ ∃has_parent.(people.tree)",,False,2_5,human_society/people_ontology,,,
2_5_744iivj8,"Given the following Description Logic expression from the Addiction Ontology, determine whether it is satisfiable (true of false).
∃RO_0001000.(ADDICTO_0000884) ⊓ =0 RO_0001000.(ADDICTO_0000884)",,False,2_5,health_medicine/addiction_ontology,,,
2_5_2k84i23c,"Given the following Description Logic expression from the Semantic Web for Earth and Environmental Terminology, determine whether it is satisfiable (true of false).
∃decline.(Embankment) ⊓ ∀decline.(¬(Embankment))",,True,2_5,earth_environment/sweet,,,
2_5_o0i2x5id,"Given the following Description Logic expression from the Financial Industry Business Ontology, determine whether it is satisfiable (true of false).
∃isIssuedBy.(Referent) ⊓ =0 isIssuedBy.(Referent)",,False,2_5,business_finance/financial_industry_business_ontology,,,
2_5_n1uh2e1k,"Given the following Description Logic expression from the Pizza Ontology, determine whether it is satisfiable (true of false).
∃hasMaterialState.(PizzaDomainConcept ⊓ VegetarianToppingsPizza_Closed)",,True,2_5,food_agriculture/pizza_ontology,,,
2_5_cpkq44qy,"Given the following Description Logic expression from the Comic Book Ontology, determine whether it is satisfiable (true of false).
=0 ownerOf.(PublicationIssue) ⊓ ∃ownerOf.(PublicationIssue)",,False,2_5,arts_media_entertainment/comic_book_ontology,,,
2_5_ymwzo4kl,"Given the following Description Logic expression from the Video Game Ontology, determine whether it is satisfiable (true of false).
∃narrationOf.(Real) ⊓ =0 narrationOf.(Real)",,False,2_5,arts_media_entertainment/videowl,,,
2_5_i26hgm7l,"Given the following Description Logic expression from the Comic Book Ontology, determine whether it is satisfiable (true of false).
∃item.(cbo.copyOf.some(ComicAge)) ⊓ ¬(∃item.(cbo.copyOf.some(ComicAge)))",,False,2_5,arts_media_entertainment/comic_book_ontology,,,
2_5_hujk5rkd,"Given the following Description Logic expression from the Plant Ontology, determine whether it is satisfiable (true of false).
=1 RO_0000056.(PO_0006390) ⊓ ≥2 RO_0000056.(PO_0006390)",,True,2_5,food_agriculture/plant_ontology,,,
2_5_dle2bfp7,"Given the following Description Logic expression from the Plant Ontology, determine whether it is satisfiable (true of false).
∀RO_0001025.(PO_0003014)",,True,2_5,food_agriculture/plant_ontology,,,
2_5_80lxn48l,"Given the following Description Logic expression from the Financial Industry Business Ontology, determine whether it is satisfiable (true of false).
=0 lead.(RegistrationStatementDocument) ⊓ ∃lead.(RegistrationStatementDocument)",,False,2_5,business_finance/financial_industry_business_ontology,,,
2_5_i62v9yam,"Given the following Description Logic expression from the Extensible Observation Ontology, determine whether it is satisfiable (true of false).
∃hasQualifier.(oboe_core.characteristicFor.some(Luminosity))",,True,2_5,earth_environment/extensible_observation_ontology,,,
2_5_3qhbahf2,"Given the following Description Logic expression from the Wine Ontology, determine whether it is satisfiable (true of false).
wine#.∃locatedIn.(wine#.Merlot) ⊓ wine#.∀adjacentRegion.(¬(wine#.Merlot)) ⊓ wine#.∃locatedIn.(¬(wine#.Merlot))",,True,2_5,food_agriculture/wine_ontology,,,
2_5_o3zqtc6i,"Given the following Description Logic expression from the Extensible Observation Ontology, determine whether it is satisfiable (true of false).
∃entityRelated.(CompositeUnit) ⊓ ∀entityRelated.(¬(CompositeUnit))",,True,2_5,earth_environment/extensible_observation_ontology,,,
2_5_8tj0w6id,"Given the following Description Logic expression from the Financial Industry Business Ontology, determine whether it is satisfiable (true of false).
=0 hasOriginalIssueDiscountAmount.(MunicipalNote) ⊓ ∃hasOriginalIssueDiscountAmount.(MunicipalNote)",,False,2_5,business_finance/financial_industry_business_ontology,,,
2_5_xcxzm5ku,"In the ontology of Public Procurement Ontology, determine whether it is satisfiable (true of false).
 ∀procedureResignation.(PriorInformationNotice)",,True,2_5,human_society/public_procurement_ontologyy,,,
2_5_wlj90rwp,"Given the following Description Logic expression from the African Wildlife Ontology, determine whether it is satisfiable (true of false).
∃eaten_by.(∀eats.(Palmtree)) ⊓ ∀eaten_by.(∃eats.(¬(Palmtree)))",,True,2_5,earth_environment/african_wildlife_ontology,,,
2_5_i8zw597k,"Given the following Description Logic expression from the Geology Ontology, determine whether it is satisfiable (true of false).
=1 BFO_0000196.(BFO_0000035) ⊓ =1 BFO_0000101.(BFO_0000035) ⊓ ∃BFO_0000196.(∀BFO_0000101.(¬(BFO_0000035)))",,True,2_5,earth_environment/geocore_ontology,,,
2_5_1xrvz0fj,"Given the following Description Logic expression from the Financial Industry Business Ontology, determine whether it is satisfiable (true of false).
∃isControllingAffiliateOf.(Affiliation)",,True,2_5,business_finance/financial_industry_business_ontology,,,
2_5_j0ouookq,"In the ontology of European Legislation Identifier, determine whether it is satisfiable (true of false).
 ∃amended_by.(eli.realizes.some(SubdivisionType)) ⊓ ¬(∃amended_by.(eli.realizes.some(SubdivisionType)))",,False,2_5,human_society/people_ontology,,,
2_5_h7glwbzl,"Given the following Description Logic expression from the Plant Ontology, determine whether it is satisfiable (true of false).
∀RO_0002202.(PO_0025088)",,True,2_5,food_agriculture/plant_ontology,,,
2_5_dg5wpguv,"Given the following Description Logic expression from the Financial Industry Business Ontology, determine whether it is satisfiable (true of false).
∃1.(MuniIssuance.facilitatesTransfer.some(IssuanceAgent)) ⊓ ¬(∃1.(MuniIssuance.facilitatesTransfer.some(IssuanceAgent)))",,False,2_5,business_finance/financial_industry_business_ontology,,,
2_5_y9hkdmo3,"Given the following Description Logic expression from the CIDOC CRM ontology, determine whether it is satisfiable (true of false).
∃P22_transferred_title_to.(E15_Identifier_Assignment) ⊓ =0 P22_transferred_title_to.(E15_Identifier_Assignment)",,False,2_5,arts_media_entertainment/cidoc_crm,,,
2_5_2elk7g6e,"Given the following Description Logic expression from the Financial Instruments Ontology, determine whether it is satisfiable (true of false).
∀hasCommodityValueAsOfExecutionDate.(PromissoryNote)",,True,2_5,business_finance/financial_instruments_ontology,,,
2_5_izdk4jwb,"Given the following Description Logic expression from the Occupation Ontology, determine whether it is satisfiable (true of false).
≥5 OCCO_00000130.(IAO_8000012) ⊓ ≤4 OCCO_00000130.(IAO_8000012)",,False,2_5,business_finance/occupation_ontology,,,
2_5_f59enjrt,"Given the following Description Logic expression from the Addiction Ontology, determine whether it is satisfiable (true of false).
∃RO_0001025.(BCIO_050354)",,True,2_5,health_medicine/addiction_ontology,,,
2_5_vrz2cavn,"Given the following Description Logic expression from the Plant Ontology, determine whether it is satisfiable (true of false).
∃RO_0002202.(PO_0025523) ⊓ =0 RO_0002202.(PO_0025523)",,False,2_5,food_agriculture/plant_ontology,,,
2_5_wjys8p8k,"In the ontology of European Legislation Identifier, determine whether it is satisfiable (true of false).
 ∃basis_for.(Format ⊓ ∀basis_for.(AdministrativeArea))",,True,2_5,human_society/people_ontology,,,
2_5_brprv2qb,"Given the following Description Logic expression from the CIDOC CRM ontology, determine whether it is satisfiable (true of false).
∃P45i_is_incorporated_in.(E33_E41_Linguistic_Appellation) ⊓ ∀P45i_is_incorporated_in.(¬(E33_E41_Linguistic_Appellation))",,True,2_5,arts_media_entertainment/cidoc_crm,,,
2_5_hqubd3fk,"Given the following Description Logic expression from the Addiction Ontology, determine whether it is satisfiable (true of false).
∃BFO_0000055.(ADDICTO_0000697) ⊓ =0 BFO_0000055.(ADDICTO_0000697)",,False,2_5,health_medicine/addiction_ontology,,,
2_5_0d3o1368,"Given the following Description Logic expression from the Public Contracts Ontology, determine whether it is satisfiable (true of false).
≥5 expectedNumberOfOperators.(CriterionWeighting) ⊓ ≤2 expectedNumberOfOperators.(CriterionWeighting)",,False,2_5,business_finance/public_contracts_ontology,,,
2_5_jviou5aj,"Given the following Description Logic expression from the Public Contracts Ontology, determine whether it is satisfiable (true of false).
∃contract.(public_contracts.mainObject.some(FrameworkAgreement)) ⊓ ¬(∃contract.(public_contracts.mainObject.some(FrameworkAgreement)))",,False,2_5,business_finance/public_contracts_ontology,,,
2_5_5mffyu18,"Given the following Description Logic expression from the Financial Industry Business Ontology, determine whether it is satisfiable (true of false).
=0 hasGracePeriod.(WriteDown) ⊓ ∃hasGracePeriod.(WriteDown)",,False,2_5,business_finance/financial_industry_business_ontology,,,
2_5_8flbya8v,"Given the following Description Logic expression from the Financial Instruments Ontology, determine whether it is satisfiable (true of false).
∀hasCommodityValueAsOfExecutionDate.(CreditFacility)",,True,2_5,business_finance/financial_instruments_ontology,,,
2_5_nvjirdvt,"Given the following Description Logic expression from the Addiction Ontology, determine whether it is satisfiable (true of false).
=0 RO_0000086.(ADDICTO_0001038) ⊓ ∃RO_0000086.(ADDICTO_0001038)",,False,2_5,health_medicine/addiction_ontology,,,
2_5_rcitqvi7,"Given the following Description Logic expression from the Financial Industry Business Ontology, determine whether it is satisfiable (true of false).
∀hasOutput.(RegularSchedule)",,True,2_5,business_finance/financial_industry_business_ontology,,,
2_5_rajba1ma,"Given the following Description Logic expression from the Extensible Observation Ontology, determine whether it is satisfiable (true of false).
∃hasMember.(KilogramPerMeterSquaredPerDay ⊓ ∀hasMember.(¬(KilogramPerMeterSquaredPerDay)))",,True,2_5,earth_environment/extensible_observation_ontology,,,
2_5_b3jyiyon,"Given the following Description Logic expression from the Pizza Ontology, determine whether it is satisfiable (true of false).
∃hasTopping.(∀hasMaterialState.(VegePizza11)) ⊓ ∀hasTopping.(∃hasMaterialState.(¬(VegePizza11)))",,True,2_5,food_agriculture/pizza_ontology,,,
2_5_r3u104oh,"Given the following Description Logic expression from the Video Game Ontology, determine whether it is satisfiable (true of false).
≥5 playableOf.(Educational) ⊓ ≤4 playableOf.(Educational)",,False,2_5,arts_media_entertainment/videowl,,,
2_5_1fa9zo9w,"Given the following Description Logic expression from the Pizza Ontology, determine whether it is satisfiable (true of false).
=0 hasTopping.(VegePizza07) ⊓ ∃hasTopping.(VegePizza07)",,False,2_5,food_agriculture/pizza_ontology,,,
2_5_sqhxzpqm,"Given the following Description Logic expression from the International Classification of Disease Ontology, determine whether it is satisfiable (true of false).
∃RO_0009501.(RO_0002323.some(ICDO_0000142)) ⊓ ¬(∃RO_0009501.(RO_0002323.some(ICDO_0000142)))",,False,2_5,health_medicine/international_classification_of_disease_ontology,,,
2_5_tur3en2i,"In the ontology of European Legislation Identifier, determine whether it is satisfiable (true of false).
 ∃relevant_for.(Language) ⊓ =0 relevant_for.(Language)",,False,2_5,human_society/people_ontology,,,
2_5_48vtxvs3,"Given the following Description Logic expression from the Pizza Ontology, determine whether it is satisfiable (true of false).
∀hasMaterialState.(VegePizza07)",,True,2_5,food_agriculture/pizza_ontology,,,
2_5_cuergkjk,"Given the following Description Logic expression from the Video Game Ontology, determine whether it is satisfiable (true of false).
∃gameplayOf.(Genre ⊓ Shooting)",,True,2_5,arts_media_entertainment/videowl,,,
2_5_hyr6jlz7,"Given the following Description Logic expression from the Financial Industry Business Ontology, determine whether it is satisfiable (true of false).
≥5 isLifecycleOf.(MaturityLevel) ⊓ ≤3 isLifecycleOf.(MaturityLevel)",,False,2_5,business_finance/financial_industry_business_ontology,,,
2_5_ufani6xm,"Given the following Description Logic expression from the African Wildlife Ontology, determine whether it is satisfiable (true of false).
≥3 has_part.(Role) ⊓ ≤1 has_part.(Role)",,False,2_5,earth_environment/african_wildlife_ontology,,,
2_5_9gieusy2,"Given the following Description Logic expression from the International Classification of Disease Ontology, determine whether it is satisfiable (true of false).
∃RO_0002019.(RO_0002213.some(BFO_0000024)) ⊓ ¬(∃RO_0002019.(RO_0002213.some(BFO_0000024)))",,False,2_5,health_medicine/international_classification_of_disease_ontology,,,
2_5_24hh4edk,"Given the following Description Logic expression from the Extensible Observation Ontology, determine whether it is satisfiable (true of false).
=2 measuresCharacteristic.(MegameterToMeter) ⊓ ≥3 measuresCharacteristic.(MegameterToMeter)",,True,2_5,earth_environment/extensible_observation_ontology,,,
2_5_9qui8fhc,"Given the following Description Logic expression from the Addiction Ontology, determine whether it is satisfiable (true of false).
≥2 BFO_0000119.(ADDICTO_0000749) ⊓ ≤1 BFO_0000119.(ADDICTO_0000749)",,False,2_5,health_medicine/addiction_ontology,,,
2_5_z5xrf7jj,"Given the following Description Logic expression from the Financial Industry Business Ontology, determine whether it is satisfiable (true of false).
∃hasFirstNotionalStepDate.(∀hasFloatingRateCap.(PlainVanillaInterestRateSwap))",,True,2_5,business_finance/financial_industry_business_ontology,,,
2_5_4ecul5ug,"Given the following Description Logic expression from the Addiction Ontology, determine whether it is satisfiable (true of false).
∃BFO_0000117.(∀RO_0002328.(ADDICTO_0001006)) ⊓ ∀BFO_0000117.(∃RO_0002328.(¬(ADDICTO_0001006)))",,True,2_5,health_medicine/addiction_ontology,,,
2_5_hh5c07ka,"In the ontology of Public Procurement Ontology, determine whether it is satisfiable (true of false).
 ∃resolutionDocumentReference.(MixedContract ⊓ ContractObject)",,True,2_5,human_society/public_procurement_ontologyy,,,
2_5_nnqowxhw,"Given the following Description Logic expression from the International Classification of Disease Ontology, determine whether it is satisfiable (true of false).
=0 RO_0002630.(UBERON_0000020) ⊓ ∃RO_0002630.(UBERON_0000020)",,False,2_5,health_medicine/international_classification_of_disease_ontology,,,
2_5_omdex0m6,"Given the following Description Logic expression from the People Ontology, determine whether it is satisfiable (true of false).
∃eats.(people.van) ⊓ =0 eats.(people.van)",,False,2_5,human_society/people_ontology,,,
2_5_cps78kku,"Given the following Description Logic expression from the Video Game Ontology, determine whether it is satisfiable (true of false).
∃isLeaderboardInGame.(Minigame ⊓ PopulatedPlace)",,True,2_5,arts_media_entertainment/videogameontology,,,
2_5_8jkbt5w0,"Given the following Description Logic expression from the Financial Industry Business Ontology, determine whether it is satisfiable (true of false).
∃hasRestriction.(SecuritiesRestrictions.hasHoldingPeriod.some(QualifiedInvestorRestriction)) ⊓ ¬(∃hasRestriction.(SecuritiesRestrictions.hasHoldingPeriod.some(QualifiedInvestorRestriction)))",,False,2_5,business_finance/financial_industry_business_ontology,,,
2_5_d968w5xl,"Given the following Description Logic expression from the Business Process Model and Notation, determine whether it is satisfiable (true of false).
=1 has_multi_instance_loop_activity_complex_MI_flow_condition.(BPMNOntology.data_based_exclusive_gateway) ⊓ =1 has_sub_process_sub_transaction_ref.(BPMNOntology.data_based_exclusive_gateway) ⊓ ∃has_multi_instance_loop_activity_complex_MI_flow_condition.(∀has_sub_process_sub_transaction_ref.(¬(BPMNOntology.data_based_exclusive_gateway)))",,True,2_5,business_finance/bpmn,,,
2_5_ytb6fc7z,"Given the following Description Logic expression from the Movie Ontology, determine whether it is satisfiable (true of false).
~≥4 FOAF_modifiedisDirectedBy.(~FOAF_modifiedActor) ⊓ ~≤1 FOAF_modifiedisDirectedBy.(~FOAF_modifiedActor)",,False,2_5,arts_media_entertainment/movie_ontology,,,
2_5_9809vy0m,"Given the following Description Logic expression from the CIDOC CRM ontology, determine whether it is satisfiable (true of false).
=1 P160_has_temporal_projection.(E21_Person) ⊓ =1 P121_overlaps_with.(E21_Person) ⊓ ∃P160_has_temporal_projection.(∀P121_overlaps_with.(¬(E21_Person)))",,True,2_5,arts_media_entertainment/cidoc_crm,,,
2_5_pn0hacye,"Given the following Description Logic expression from the Wine Ontology, determine whether it is satisfiable (true of false).
wine#.∃hasVintageYear.(wine#.RedBordeaux)",,True,2_5,food_agriculture/wine_ontology,,,
2_5_h5ppypjg,"Given the following Description Logic expression from the Wine Ontology, determine whether it is satisfiable (true of false).
wine#.∃locatedIn.(wine#.DryWine) ⊓ wine#.∀locatedIn.(¬(wine#.DryWine))",,True,2_5,food_agriculture/wine_ontology,,,
2_5_v9rf0gyw,"Given the following Description Logic expression from the African Wildlife Ontology, determine whether it is satisfiable (true of false).
=1 eats.(Grass) ⊓ =1 inheres_in.(Grass) ⊓ ∃eats.(∀inheres_in.(¬(Grass)))",,True,2_5,earth_environment/african_wildlife_ontology,,,
2_5_ky17m0e0,"Given the following Description Logic expression from the Pizza Ontology, determine whether it is satisfiable (true of false).
∀hasTopping.(MeatAndFishPizza_Open)",,True,2_5,food_agriculture/pizza_ontology,,,
2_5_ino6bkui,"Given the following Description Logic expression from the Movie Ontology, determine whether it is satisfiable (true of false).
~∀FOAF_modifiedisDirectedBy.(~FOAF_modifiedDirector)",,True,2_5,arts_media_entertainment/movie_ontology,,,
2_5_7y9katwd,"Given the following Description Logic expression from the Financial Industry Business Ontology, determine whether it is satisfiable (true of false).
∀isRegulatedBy.(RegulatoryService)",,True,2_5,business_finance/financial_industry_business_ontology,,,
2_5_temb42xd,"Given the following Description Logic expression from the Wine Ontology, determine whether it is satisfiable (true of false).
wine#.≥1 madeFromGrape.(wine#.SweetWine) ⊓ wine#.≤3 madeFromGrape.(wine#.SweetWine)",,True,2_5,food_agriculture/wine_ontology,,,
2_5_g4us5tbu,"Given the following Description Logic expression from the Financial Instruments Ontology, determine whether it is satisfiable (true of false).
∃isDenominatedIn.(∀holdsSharesIn.(NegotiableSecurity))",,True,2_5,business_finance/financial_instruments_ontology,,,
2_5_ie8eeloi,"Given the following Description Logic expression from the Movie Ontology, determine whether it is satisfiable (true of false).
~=0 FOAF_modifieddepicts.(~FOAF_modifiedMovie) ⊓ ~∃FOAF_modifieddepicts.(~FOAF_modifiedMovie)",,False,2_5,arts_media_entertainment/movie_ontology,,,
2_5_kk7ohetw,"Given the following Description Logic expression from the Financial Industry Business Ontology, determine whether it is satisfiable (true of false).
∃hasRelativePriceAtRedemption.(PutWindow) ⊓ ∀hasRelativePriceAtRedemption.(¬(PutWindow))",,True,2_5,business_finance/financial_industry_business_ontology,,,
2_5_mj7ol7h4,"Given the following Description Logic expression from the Financial Industry Business Ontology, determine whether it is satisfiable (true of false).
∃hasWac.(DebtAnalytics.hasDefaultRate.some(DebtYieldToNextCall)) ⊓ ¬(∃hasWac.(DebtAnalytics.hasDefaultRate.some(DebtYieldToNextCall)))",,False,2_5,business_finance/financial_industry_business_ontology,,,
2_5_79lbvb3r,"In the ontology of Public Procurement Ontology, determine whether it is satisfiable (true of false).
 ∃procedureWaive.(AgreementContract)",,True,2_5,human_society/public_procurement_ontologyy,,,
2_5_uuybjaxz,"Given the following Description Logic expression from the Business Process Model and Notation, determine whether it is satisfiable (true of false).
=0 has_signal_event_signal_ref.(BPMNOntology.exclusive_types) ⊓ ∃has_signal_event_signal_ref.(BPMNOntology.exclusive_types)",,False,2_5,business_finance/bpmn,,,
2_5_h0ickw4c,"Given the following Description Logic expression from the Financial Industry Business Ontology, determine whether it is satisfiable (true of false).
∃trackingError.(FundCashDistributionPolicy) ⊓ =0 trackingError.(FundCashDistributionPolicy)",,False,2_5,business_finance/financial_industry_business_ontology,,,
2_5_vkwgem7i,"Given the following Description Logic expression from the Comic Book Ontology, determine whether it is satisfiable (true of false).
∃language.(cbo.storyOf.some(Agent)) ⊓ ¬(∃language.(cbo.storyOf.some(Agent)))",,False,2_5,arts_media_entertainment/comic_book_ontology,,,
2_5_2mayooiv,"Given the following Description Logic expression from the International Classification of Disease Ontology, determine whether it is satisfiable (true of false).
∃RO_0002331.(ICDO_0000052) ⊓ ∀BFO_0000063.(¬(ICDO_0000052)) ⊓ ∃RO_0002331.(¬(ICDO_0000052))",,True,2_5,health_medicine/international_classification_of_disease_ontology,,,
2_5_61yymqxj,"Given the following Description Logic expression from the Financial Instruments Ontology, determine whether it is satisfiable (true of false).
≥4 hasValueExpressedIn.(RedemptionProvision) ⊓ ≤1 hasValueExpressedIn.(RedemptionProvision)",,False,2_5,business_finance/financial_instruments_ontology,,,
2_5_z6lhc63z,"Given the following Description Logic expression from the Financial Industry Business Ontology, determine whether it is satisfiable (true of false).
≥5 holds.(SyntheticCDOPortfolio) ⊓ ≤1 holds.(SyntheticCDOPortfolio)",,False,2_5,business_finance/financial_industry_business_ontology,,,
2_5_n421pq9l,"Given the following Description Logic expression from the Financial Industry Business Ontology, determine whether it is satisfiable (true of false).
=0 hasSwapIdentifier.(UniqueSwapIdentifier) ⊓ ∃hasSwapIdentifier.(UniqueSwapIdentifier)",,False,2_5,business_finance/financial_industry_business_ontology,,,
2_5_fwealkgh,"Given the following Description Logic expression from the Financial Industry Business Ontology, determine whether it is satisfiable (true of false).
≥3 isOwedTo.(InterestPayment) ⊓ ≤1 isOwedTo.(InterestPayment)",,False,2_5,business_finance/financial_industry_business_ontology,,,
2_5_ozd66vih,"Given the following Description Logic expression from the Financial Industry Business Ontology, determine whether it is satisfiable (true of false).
∃usesCurrency.(IssuingFinancialInstitution) ⊓ =0 usesCurrency.(IssuingFinancialInstitution)",,False,2_5,business_finance/financial_industry_business_ontology,,,
2_5_bd9nxmvk,"Given the following Description Logic expression from the Organization Ontology, determine whether it is satisfiable (true of false).
∃organization.(Post) ⊓ =0 organization.(Post)",,False,2_5,business_finance/organization_ontology,,,
2_5_q6cnfdxs,"Given the following Description Logic expression from the CIDOC CRM ontology, determine whether it is satisfiable (true of false).
∃P151_was_formed_from.(P4i_is_time_span_of.some(E86_Leaving)) ⊓ ¬(∃P151_was_formed_from.(P4i_is_time_span_of.some(E86_Leaving)))",,False,2_5,arts_media_entertainment/cidoc_crm,,,
2_5_hsor1957,"Given the following Description Logic expression from the Organization Ontology, determine whether it is satisfiable (true of false).
∃hasSite.(OrganizationalUnit)",,True,2_5,business_finance/organization_ontology,,,
2_5_8wc8c0fn,"Given the following Description Logic expression from the Comic Book Ontology, determine whether it is satisfiable (true of false).
≥3 letterer.(Publisher) ⊓ ≤2 letterer.(Publisher)",,False,2_5,arts_media_entertainment/comic_book_ontology,,,
2_5_bdvzjvei,"Given the following Description Logic expression from the Addiction Ontology, determine whether it is satisfiable (true of false).
≥2 RO_0000056.(ADDICTO_0000886) ⊓ ≤1 RO_0000056.(ADDICTO_0000886)",,False,2_5,health_medicine/addiction_ontology,,,
2_5_yg2hat4h,"Given the following Description Logic expression from the Public Contracts Ontology, determine whether it is satisfiable (true of false).
∃agreedPrice.(Contract)",,True,2_5,business_finance/public_contracts_ontology,,,
2_5_0ebsv4j3,"Given the following Description Logic expression from the Financial Industry Business Ontology, determine whether it is satisfiable (true of false).
∃hasSharePaymentStatus.(PartiallyPaidShare) ⊓ =0 hasSharePaymentStatus.(PartiallyPaidShare)",,False,2_5,business_finance/financial_industry_business_ontology,,,
2_5_213ltqkw,"Given the following Description Logic expression from the Plant Ontology, determine whether it is satisfiable (true of false).
∃RO_0002202.(PO_0020118) ⊓ =0 RO_0002202.(PO_0020118)",,False,2_5,food_agriculture/plant_ontology,,,
2_5_e0fxjzln,"Given the following Description Logic expression from the Financial Industry Business Ontology, determine whether it is satisfiable (true of false).
∃hasMarketCapitalizationValue.(BasketIndices.hasMarketCapitalization.some(BasketOfCreditRisks)) ⊓ ¬(∃hasMarketCapitalizationValue.(BasketIndices.hasMarketCapitalization.some(BasketOfCreditRisks)))",,False,2_5,business_finance/financial_industry_business_ontology,,,
2_5_7vdcmhve,"Given the following Description Logic expression from the Semantic Web for Earth and Environmental Terminology, determine whether it is satisfiable (true of false).
∀atomicMass.(Amazonstone)",,True,2_5,earth_environment/sweet,,,
2_5_wzf2ry9i,"Given the following Description Logic expression from the Video Game Ontology, determine whether it is satisfiable (true of false).
∃developedBy.(Real ⊓ Framed)",,True,2_5,arts_media_entertainment/videowl,,,
2_5_1k5ggquf,"Given the following Description Logic expression from the Financial Industry Business Ontology, determine whether it is satisfiable (true of false).
∃designatesSignatory.(Executives.hasVestedInIt.some(Bylaws)) ⊓ ¬(∃designatesSignatory.(Executives.hasVestedInIt.some(Bylaws)))",,False,2_5,business_finance/financial_industry_business_ontology,,,
2_5_fu3mxvhc,"Given the following Description Logic expression from the Financial Industry Business Ontology, determine whether it is satisfiable (true of false).
∃hasRateResetTimeOfDay.(InterestRateAuthority) ⊓ =0 hasRateResetTimeOfDay.(InterestRateAuthority)",,False,2_5,business_finance/financial_industry_business_ontology,,,
2_5_3y8s85ex,"Given the following Description Logic expression from the Extensible Observation Ontology, determine whether it is satisfiable (true of false).
≥4 measurementFor.(Energy) ⊓ ≤1 measurementFor.(Energy)",,False,2_5,earth_environment/extensible_observation_ontology,,,
2_5_92q3cf1u,"Given the following Description Logic expression from the Organization Ontology, determine whether it is satisfiable (true of false).
∀changedBy.(Membership)",,True,2_5,business_finance/organization_ontology,,,
2_5_srg5ryog,"Given the following Description Logic expression from the Financial Industry Business Ontology, determine whether it is satisfiable (true of false).
=0 isControllingMemberOf.(ContractualControl) ⊓ ∃isControllingMemberOf.(ContractualControl)",,False,2_5,business_finance/financial_industry_business_ontology,,,
2_5_f6m6om3f,"Given the following Description Logic expression from the International Classification of Disease Ontology, determine whether it is satisfiable (true of false).
∃RO_0002010.(CARO_0000006 ⊓ ∀RO_0002010.(¬(CARO_0000006)))",,True,2_5,health_medicine/international_classification_of_disease_ontology,,,
2_5_kex6hczq,"Given the following Description Logic expression from the Wine Ontology, determine whether it is satisfiable (true of false).
wine#.∃producesWine.(wine#.hasFlavor.some(wine#.Wine)) ⊓ ¬(wine#.∃producesWine.(wine#.hasFlavor.some(wine#.Wine)))",,False,2_5,food_agriculture/wine_ontology,,,
2_5_sbe4vsl7,"Given the following Description Logic expression from the Semantic Web for Earth and Environmental Terminology, determine whether it is satisfiable (true of false).
=0 hasAverageAnnualTemperature.(Geothermal) ⊓ ∃hasAverageAnnualTemperature.(Geothermal)",,False,2_5,earth_environment/sweet,,,
2_5_kxlcejs1,"Given the following Description Logic expression from the Financial Industry Business Ontology, determine whether it is satisfiable (true of false).
∀hasOwningParty.(Asset)",,True,2_5,business_finance/financial_industry_business_ontology,,,
2_5_yreuyeax,"Given the following Description Logic expression from the Financial Instruments Ontology, determine whether it is satisfiable (true of false).
≥3 hasUnderlier.(FinancialInstrumentIdentifier) ⊓ ≤2 hasUnderlier.(FinancialInstrumentIdentifier)",,False,2_5,business_finance/financial_instruments_ontology,,,
2_5_wj1hgv9v,"Given the following Description Logic expression from the Geology Ontology, determine whether it is satisfiable (true of false).
∃GEOCORE_0000017.(BFO_0000040 ⊓ ∀GEOCORE_0000017.(¬(BFO_0000040)))",,True,2_5,earth_environment/geocore_ontology,,,
2_5_rqebc5nx,"Given the following Description Logic expression from the African Wildlife Ontology, determine whether it is satisfiable (true of false).
≥2 inheres_in.(Twig) ⊓ ≤1 inheres_in.(Twig)",,False,2_5,earth_environment/african_wildlife_ontology,,,
2_5_ds77axgo,"Given the following Description Logic expression from the Financial Industry Business Ontology, determine whether it is satisfiable (true of false).
=1 hasCalculatedMarketValue.(CallOption) ⊓ =1 hasSettlementDateOffset.(CallOption) ⊓ ∃hasCalculatedMarketValue.(∀hasSettlementDateOffset.(¬(CallOption)))",,True,2_5,business_finance/financial_industry_business_ontology,,,
2_5_nu9ux1kv,"Given the following Description Logic expression from the Pizza Ontology, determine whether it is satisfiable (true of false).
∀hasTopping.(VegePizza03)",,True,2_5,food_agriculture/pizza_ontology,,,
2_5_vbai1esw,"Given the following Description Logic expression from the International Classification of Disease Ontology, determine whether it is satisfiable (true of false).
≥5 BFO_0000062.(UBERON_0000465) ⊓ ≤3 BFO_0000062.(UBERON_0000465)",,False,2_5,health_medicine/international_classification_of_disease_ontology,,,
2_5_4473ah8z,"In the ontology of Public Procurement Ontology, determine whether it is satisfiable (true of false).
 =0 procedureType.(Lot) ⊓ ∃procedureType.(Lot)",,False,2_5,human_society/public_procurement_ontologyy,,,
2_5_3al5kbu9,"Given the following Description Logic expression from the CIDOC CRM ontology, determine whether it is satisfiable (true of false).
∀P164i_temporally_specifies.(E6_Destruction)",,True,2_5,arts_media_entertainment/cidoc_crm,,,
2_5_uykyvd9s,"Given the following Description Logic expression from the African Wildlife Ontology, determine whether it is satisfiable (true of false).
≥2 has_member.(Tree) ⊓ ≤4 has_member.(Tree)",,True,2_5,earth_environment/african_wildlife_ontology,,,
2_5_c9u4m2qb,"Given the following Description Logic expression from the Extensible Observation Ontology, determine whether it is satisfiable (true of false).
∃standardFor.(MagneticFieldStrength ⊓ ∀standardFor.(Inch))",,True,2_5,earth_environment/extensible_observation_ontology,,,
2_5_rxud05q5,"Given the following Description Logic expression from the Addiction Ontology, determine whether it is satisfiable (true of false).
∃RO_0000087.(BFO_0000055.some(ADDICTO_0000780))",,True,2_5,health_medicine/addiction_ontology,,,
2_5_h9bxf3x6,"Given the following Description Logic expression from the Financial Instruments Ontology, determine whether it is satisfiable (true of false).
∃holdsSharesIn.(FinancialInstruments.hasValueExpressedIn.some(SpotContract)) ⊓ ¬(∃holdsSharesIn.(FinancialInstruments.hasValueExpressedIn.some(SpotContract)))",,False,2_5,business_finance/financial_instruments_ontology,,,
2_5_v0dlf81a,"Given the following Description Logic expression from the Movie Ontology, determine whether it is satisfiable (true of false).
~∃FOAF_modifiedisDirectedBy.(Class) ⊓ ~=0 FOAF_modifiedisDirectedBy.(Class)",,False,2_5,arts_media_entertainment/movie_ontology,,,
2_5_cwr0ng3u,"Given the following Description Logic expression from the Plant Ontology, determine whether it is satisfiable (true of false).
=0 BFO_0000062.(PO_0006207) ⊓ ∃BFO_0000062.(PO_0006207)",,False,2_5,food_agriculture/plant_ontology,,,
2_5_8k46lk0h,"Given the following Description Logic expression from the Plant Ontology, determine whether it is satisfiable (true of false).
∀PO_0040002.(PO_0008004)",,True,2_5,food_agriculture/plant_ontology,,,
2_5_ps2j3eyc,"Given the following Description Logic expression from the CIDOC CRM ontology, determine whether it is satisfiable (true of false).
∃P127_has_broader_term.(P62i_is_depicted_by.some(E71_Human_Made_Thing)) ⊓ ¬(∃P127_has_broader_term.(P62i_is_depicted_by.some(E71_Human_Made_Thing)))",,False,2_5,arts_media_entertainment/cidoc_crm,,,
2_5_2pga4pxk,"Given the following Description Logic expression from the Financial Industry Business Ontology, determine whether it is satisfiable (true of false).
∃hasPremium.(BasketOfCreditRisks) ⊓ =0 hasPremium.(BasketOfCreditRisks)",,False,2_5,business_finance/financial_industry_business_ontology,,,
2_5_4sijn3ad,"Given the following Description Logic expression from the Organization Ontology, determine whether it is satisfiable (true of false).
∃hasSite.(Site) ⊓ =0 hasSite.(Site)",,False,2_5,business_finance/organization_ontology,,,
2_5_2w1332hv,"Given the following Description Logic expression from the Financial Industry Business Ontology, determine whether it is satisfiable (true of false).
=0 hasOriginalNotionalValue.(ReferenceIndex) ⊓ ∃hasOriginalNotionalValue.(ReferenceIndex)",,False,2_5,business_finance/financial_industry_business_ontology,,,
2_5_5ckfr3qu,"Given the following Description Logic expression from the CIDOC CRM ontology, determine whether it is satisfiable (true of false).
∃P54i_is_current_permanent_location_of.(E68_Dissolution) ⊓ =0 P54i_is_current_permanent_location_of.(E68_Dissolution)",,False,2_5,arts_media_entertainment/cidoc_crm,,,
2_5_vvsgues1,"Given the following Description Logic expression from the Financial Industry Business Ontology, determine whether it is satisfiable (true of false).
∃hasGeneralPartner.(LimitedPartner) ⊓ =0 hasGeneralPartner.(LimitedPartner)",,False,2_5,business_finance/financial_industry_business_ontology,,,
2_5_a0zaz3rg,"Given the following Description Logic expression from the Geology Ontology, determine whether it is satisfiable (true of false).
=0 GEOCORE_0000014.(GEOCORE_0000003) ⊓ ∃GEOCORE_0000014.(GEOCORE_0000003)",,False,2_5,earth_environment/geocore_ontology,,,
2_5_5jiyz7jq,"Given the following Description Logic expression from the International Classification of Disease Ontology, determine whether it is satisfiable (true of false).
≥3 RO_0002586.(ICDO_0000237) ⊓ ≤2 RO_0002586.(ICDO_0000237)",,False,2_5,health_medicine/international_classification_of_disease_ontology,,,
2_5_rn8c751s,"Given the following Description Logic expression from the People Ontology, determine whether it is satisfiable (true of false).
∃has_part.(people.drives.some(people.tabloid)) ⊓ ¬(∃has_part.(people.drives.some(people.tabloid)))",,False,2_5,human_society/people_ontology,,,
2_5_5nstpdun,"Given the following Description Logic expression from the Financial Industry Business Ontology, determine whether it is satisfiable (true of false).
≥4 hasAssessmentBoundary.(SustainabilityKeyPerformanceIndicatorIdentifier) ⊓ ≤1 hasAssessmentBoundary.(SustainabilityKeyPerformanceIndicatorIdentifier)",,False,2_5,business_finance/financial_industry_business_ontology,,,
2_5_5jj1aeab,"Given the following Description Logic expression from the Financial Industry Business Ontology, determine whether it is satisfiable (true of false).
=0 hasLegalForm.(OrganizationName) ⊓ ∃hasLegalForm.(OrganizationName)",,False,2_5,business_finance/financial_industry_business_ontology,,,
2_5_icgj45vu,"In the ontology of Public Procurement Ontology, determine whether it is satisfiable (true of false).
 =0 contractResolution.(AwardedTender) ⊓ ∃contractResolution.(AwardedTender)",,False,2_5,human_society/public_procurement_ontologyy,,,
2_5_tv969xtn,"Given the following Description Logic expression from the Extensible Observation Ontology, determine whether it is satisfiable (true of false).
=1 characteristicFor.(Megahertz) ⊓ =1 standardFor.(Megahertz) ⊓ ∃characteristicFor.(∀standardFor.(¬(Megahertz)))",,True,2_5,earth_environment/extensible_observation_ontology,,,
2_5_8ng7mxbo,"Given the following Description Logic expression from the Movie Ontology, determine whether it is satisfiable (true of false).
~∃FOAF_modifiedisActedBy.(Class) ⊓ ~∀FOAF_modifiedisActedBy.(¬(Class))",,True,2_5,arts_media_entertainment/movie_ontology,,,
2_5_xhbkrtqq,"Given the following Description Logic expression from the Public Contracts Ontology, determine whether it is satisfiable (true of false).
=0 frameworkAgreement.(CriterionWeighting) ⊓ ∃frameworkAgreement.(CriterionWeighting)",,False,2_5,business_finance/public_contracts_ontology,,,
2_5_18014k6a,"Given the following Description Logic expression from the Wine Ontology, determine whether it is satisfiable (true of false).
wine#.∃adjacentRegion.(wine#.FullBodiedWine)",,True,2_5,food_agriculture/wine_ontology,,,
2_5_jj1vsyl9,"In the ontology of European Legislation Identifier, determine whether it is satisfiable (true of false).
 ∃R3_is_realised_in.(AdministrativeArea) ⊓ =0 R3_is_realised_in.(AdministrativeArea)",,False,2_5,human_society/people_ontology,,,
2_5_4jdvk6go,"Given the following Description Logic expression from the Financial Instruments Ontology, determine whether it is satisfiable (true of false).
=1 hasSellingCurrency.(CreditFacility) ⊓ =1 isLegallyRecordedIn.(CreditFacility) ⊓ ∃hasSellingCurrency.(∀isLegallyRecordedIn.(¬(CreditFacility)))",,True,2_5,business_finance/financial_instruments_ontology,,,
2_5_ur5sh9xk,"Given the following Description Logic expression from the Extensible Observation Ontology, determine whether it is satisfiable (true of false).
≥4 entityRelated.(MilligramPerMeterCubed) ⊓ ≤2 entityRelated.(MilligramPerMeterCubed)",,False,2_5,earth_environment/extensible_observation_ontology,,,
2_5_yj52udw2,"Given the following Description Logic expression from the Financial Industry Business Ontology, determine whether it is satisfiable (true of false).
∃hasOptionTypeElectionDate.(FixedLookbackStrikeExpression)",,True,2_5,business_finance/financial_industry_business_ontology,,,
2_5_p1qjf3h1,"Given the following Description Logic expression from the Movie Ontology, determine whether it is satisfiable (true of false).
~=0 FOAF_modifiedmaker.(~FOAF_modifiedMovie) ⊓ ~∃FOAF_modifiedmaker.(~FOAF_modifiedMovie)",,False,2_5,arts_media_entertainment/movie_ontology,,,
2_5_qthdb31s,"Given the following Description Logic expression from the Occupation Ontology, determine whether it is satisfiable (true of false).
≥2 BFO_0000051.(OCCO_47502200) ⊓ ≤1 BFO_0000051.(OCCO_47502200)",,False,2_5,business_finance/occupation_ontology,,,
2_5_mkjtc78y,"Given the following Description Logic expression from the Pizza Ontology, determine whether it is satisfiable (true of false).
=0 hasTopping.(VegePizza10) ⊓ ∃hasTopping.(VegePizza10)",,False,2_5,food_agriculture/pizza_ontology,,,
2_5_3dzudo8x,"Given the following Description Logic expression from the Comic Book Ontology, determine whether it is satisfiable (true of false).
≥3 language.(Vehicle) ⊓ ≤2 language.(Vehicle)",,False,2_5,arts_media_entertainment/comic_book_ontology,,,
2_5_06yi34rf,"Given the following Description Logic expression from the Occupation Ontology, determine whether it is satisfiable (true of false).
∃OCCO_00000130.(OCCO_53603100) ⊓ ∀RO_0000058.(¬(OCCO_53603100)) ⊓ ∃OCCO_00000130.(¬(OCCO_53603100))",,True,2_5,business_finance/occupation_ontology,,,
2_5_vhg3hz56,"Given the following Description Logic expression from the Financial Industry Business Ontology, determine whether it is satisfiable (true of false).
≥5 holds.(PartyRoleIdentifier) ⊓ ≤3 holds.(PartyRoleIdentifier)",,False,2_5,business_finance/financial_industry_business_ontology,,,
2_5_ve9z20kd,"Given the following Description Logic expression from the CIDOC CRM ontology, determine whether it is satisfiable (true of false).
∃P112_diminished.(E67_Birth)",,True,2_5,arts_media_entertainment/cidoc_crm,,,
2_5_3z460l84,"Given the following Description Logic expression from the Business Process Model and Notation, determine whether it is satisfiable (true of false).
∃has_reusable_sub_process_sub_diagram_ref.(BPMNOntology.has_connecting_object_target_ref_inv.some(BPMNOntology.sub_process)) ⊓ ¬(∃has_reusable_sub_process_sub_diagram_ref.(BPMNOntology.has_connecting_object_target_ref_inv.some(BPMNOntology.sub_process)))",,False,2_5,business_finance/bpmn,,,
2_5_akhhpq35,"In the ontology of Public Procurement Ontology, determine whether it is satisfiable (true of false).
 ≥2 documentReference.(CorrectionNotice) ⊓ ≤1 documentReference.(CorrectionNotice)",,False,2_5,human_society/public_procurement_ontologyy,,,
2_5_s7ggc17i,"Given the following Description Logic expression from the Financial Industry Business Ontology, determine whether it is satisfiable (true of false).
≥2 hasQuotedExchangeRate.(ExchangeRateVolatility) ⊓ ≤1 hasQuotedExchangeRate.(ExchangeRateVolatility)",,False,2_5,business_finance/financial_industry_business_ontology,,,
2_5_xuwtdz6o,"Given the following Description Logic expression from the African Wildlife Ontology, determine whether it is satisfiable (true of false).
∃inheres_in.(Palm) ⊓ =0 inheres_in.(Palm)",,False,2_5,earth_environment/african_wildlife_ontology,,,
2_5_024k8duu,"Given the following Description Logic expression from the CIDOC CRM ontology, determine whether it is satisfiable (true of false).
≥3 P104_is_subject_to.(E54_Dimension) ⊓ ≤1 P104_is_subject_to.(E54_Dimension)",,False,2_5,arts_media_entertainment/cidoc_crm,,,
2_5_hsz1sf9p,"Given the following Description Logic expression from the Organization Ontology, determine whether it is satisfiable (true of false).
∃hasUnit.(OrganizationalCollaboration) ⊓ ∀hasUnit.(¬(OrganizationalCollaboration))",,True,2_5,business_finance/organization_ontology,,,
2_5_0j5z9ezv,"Given the following Description Logic expression from the Extensible Observation Ontology, determine whether it is satisfiable (true of false).
∃measuresUsingProtocol.(Hectogram ⊓ Charge)",,True,2_5,earth_environment/extensible_observation_ontology,,,
2_5_mcgyov0b,"Given the following Description Logic expression from the African Wildlife Ontology, determine whether it is satisfiable (true of false).
∃inheres_in.(Cloud ⊓ Herd)",,True,2_5,earth_environment/african_wildlife_ontology,,,
2_5_ssluhwsm,"Given the following Description Logic expression from the Pizza Ontology, determine whether it is satisfiable (true of false).
≥3 hasMaterialState.(MeatFishAndVegetarianPizza_Open) ⊓ ≤2 hasMaterialState.(MeatFishAndVegetarianPizza_Open)",,False,2_5,food_agriculture/pizza_ontology,,,
2_5_fk9vktq1,"Given the following Description Logic expression from the Occupation Ontology, determine whether it is satisfiable (true of false).
=1 RO_0002350.(OCCO_35303000) ⊓ =1 RO_0000052.(OCCO_35303000) ⊓ ∃RO_0002350.(∀RO_0000052.(¬(OCCO_35303000)))",,True,2_5,business_finance/occupation_ontology,,,
2_5_7f32sshw,"Given the following Description Logic expression from the Pizza Ontology, determine whether it is satisfiable (true of false).
∃hasTopping.(FishPizza_Open)",,True,2_5,food_agriculture/pizza_ontology,,,
2_5_fzc0893s,"Given the following Description Logic expression from the Financial Industry Business Ontology, determine whether it is satisfiable (true of false).
∃hasSelectingParty.(FinancialProductsAndServices.hasTradeDate.some(TradeLifecycleEvent)) ⊓ ¬(∃hasSelectingParty.(FinancialProductsAndServices.hasTradeDate.some(TradeLifecycleEvent)))",,False,2_5,business_finance/financial_industry_business_ontology,,,
2_5_e5n4tts7,"Given the following Description Logic expression from the Comic Book Ontology, determine whether it is satisfiable (true of false).
≥4 plotter.(Publisher) ⊓ ≤2 plotter.(Publisher)",,False,2_5,arts_media_entertainment/comic_book_ontology,,,
2_5_bujkx9l8,"Given the following Description Logic expression from the Movie Ontology, determine whether it is satisfiable (true of false).
~≥4 FOAF_modifiedacts.(~FOAF_modifiedAgent) ⊓ ~≤3 FOAF_modifiedacts.(~FOAF_modifiedAgent)",,False,2_5,arts_media_entertainment/movie_ontology,,,
2_5_et8gtcf9,"Given the following Description Logic expression from the Occupation Ontology, determine whether it is satisfiable (true of false).
=0 RO_0000053.(OCCO_19109900) ⊓ ∃RO_0000053.(OCCO_19109900)",,False,2_5,business_finance/occupation_ontology,,,
2_5_ua0prpmi,"Given the following Description Logic expression from the Occupation Ontology, determine whether it is satisfiable (true of false).
≥2 RO_0000053.(OCCO_17211100) ⊓ ≤1 RO_0000053.(OCCO_17211100)",,False,2_5,business_finance/occupation_ontology,,,
2_5_94h7kbx2,"Given the following Description Logic expression from the Pizza Ontology, determine whether it is satisfiable (true of false).
∃hasMaterialState.(pizza.hasTopping.some(MeatAndFishPizza_Closed)) ⊓ ¬(∃hasMaterialState.(pizza.hasTopping.some(MeatAndFishPizza_Closed)))",,False,2_5,food_agriculture/pizza_ontology,,,
2_5_nvttb3wu,"In the ontology of Public Procurement Ontology, determine whether it is satisfiable (true of false).
 ∃price.(core.narrower.some(ContractProcedureSpecifications)) ⊓ ¬(∃price.(core.narrower.some(ContractProcedureSpecifications)))",,False,2_5,human_society/public_procurement_ontologyy,,,
2_5_pd4yc7qc,"Given the following Description Logic expression from the Movie Ontology, determine whether it is satisfiable (true of false).
~∃FOAF_modifiedisDirectedBy.(~FOAF_modifiedPerson) ⊓ ~∀FOAF_modifiedisDirectedBy.(¬(~FOAF_modifiedPerson))",,True,2_5,arts_media_entertainment/movie_ontology,,,
2_5_06a3lkn4,"Given the following Description Logic expression from the Organization Ontology, determine whether it is satisfiable (true of false).
≥2 hasMembership.(OrganizationalUnit) ⊓ ≤1 hasMembership.(OrganizationalUnit)",,False,2_5,business_finance/organization_ontology,,,
2_5_qc298jlj,"In the ontology of Public Procurement Ontology, determine whether it is satisfiable (true of false).
 ∃contractEconomicConditions.(ContractAdditionalObligations) ⊓ =0 contractEconomicConditions.(ContractAdditionalObligations)",,False,2_5,human_society/public_procurement_ontologyy,,,
2_5_9y3f60g9,"Given the following Description Logic expression from the Video Game Ontology, determine whether it is satisfiable (true of false).
∃sequelOf.(OpenWorld)",,True,2_5,arts_media_entertainment/videowl,,,
2_5_5crw7pih,"Given the following Description Logic expression from the Semantic Web for Earth and Environmental Terminology, determine whether it is satisfiable (true of false).
∃hasEnd.(Calzirtite) ⊓ =0 hasEnd.(Calzirtite)",,False,2_5,earth_environment/sweet,,,
2_5_8tk715vq,"Given the following Description Logic expression from the Financial Instruments Ontology, determine whether it is satisfiable (true of false).
∃hasValueExpressedIn.(PromissoryNote) ⊓ ∀hasValueExpressedIn.(¬(PromissoryNote))",,True,2_5,business_finance/financial_instruments_ontology,,,
2_5_dnx4ovxs,"Given the following Description Logic expression from the African Wildlife Ontology, determine whether it is satisfiable (true of false).
=1 eaten_by.(Root) ⊓ =1 inheres_in.(Root) ⊓ ∃eaten_by.(∀inheres_in.(¬(Root)))",,True,2_5,earth_environment/african_wildlife_ontology,,,
2_5_z4xncszl,"Given the following Description Logic expression from the Financial Industry Business Ontology, determine whether it is satisfiable (true of false).
∀hasTradedShare.(AmericanDepositaryReceipt)",,True,2_5,business_finance/financial_industry_business_ontology,,,
2_5_fllhiqde,"Given the following Description Logic expression from the Pizza Ontology, determine whether it is satisfiable (true of false).
∀hasMaterialState.(OneToppingPizza)",,True,2_5,food_agriculture/pizza_ontology,,,
2_5_3hoficey,"Given the following Description Logic expression from the Plant Ontology, determine whether it is satisfiable (true of false).
∃RO_0002202.(PO_0020137 ⊓ PO_0020088)",,True,2_5,food_agriculture/plant_ontology,,,
2_5_95q2ueim,"Given the following Description Logic expression from the Extensible Observation Ontology, determine whether it is satisfiable (true of false).
≥4 hasNextQualifier.(Centigram) ⊓ ≤2 hasNextQualifier.(Centigram)",,False,2_5,earth_environment/extensible_observation_ontology,,,
2_5_81x07n5s,"Given the following Description Logic expression from the Financial Industry Business Ontology, determine whether it is satisfiable (true of false).
∃isConferredBy.(∀confers.(Referent)) ⊓ ∀isConferredBy.(∃confers.(¬(Referent)))",,True,2_5,business_finance/financial_industry_business_ontology,,,
2_5_cx8419zg,"Given the following Description Logic expression from the Video Game Ontology, determine whether it is satisfiable (true of false).
=0 colleagueOf.(Exclusive) ⊓ ∃colleagueOf.(Exclusive)",,False,2_5,arts_media_entertainment/videowl,,,
2_5_gser8q3n,"Given the following Description Logic expression from the International Classification of Disease Ontology, determine whether it is satisfiable (true of false).
∃RO_0002327.(UBERON_0000475)",,True,2_5,health_medicine/international_classification_of_disease_ontology,,,
2_5_jgksqxxi,"Given the following Description Logic expression from the African Wildlife Ontology, determine whether it is satisfiable (true of false).
∃has_part.(Bask ⊓ Troop)",,True,2_5,earth_environment/african_wildlife_ontology,,,
2_5_rkoobf3r,"Given the following Description Logic expression from the Financial Industry Business Ontology, determine whether it is satisfiable (true of false).
∃hasClosingPriceDeterminationMethod.(DerivedPrice ⊓ OfficialClosingPrice)",,True,2_5,business_finance/financial_industry_business_ontology,,,
2_5_1qaji9he,"Given the following Description Logic expression from the Business Process Model and Notation, determine whether it is satisfiable (true of false).
∃has_reusable_sub_process_sub_process_ref.(BPMNOntology.terminate_event_detail) ⊓ =0 has_reusable_sub_process_sub_process_ref.(BPMNOntology.terminate_event_detail)",,False,2_5,business_finance/bpmn,,,
2_5_71t7dfi4,"Given the following Description Logic expression from the Business Process Model and Notation, determine whether it is satisfiable (true of false).
∃has_signal_event_signal_ref.(BPMNOntology.flow_object ⊓ ∀has_signal_event_signal_ref.(BPMNOntology.error_intermediate_event))",,True,2_5,business_finance/bpmn,,,
2_5_77ptr4u7,"Given the following Description Logic expression from the African Wildlife Ontology, determine whether it is satisfiable (true of false).
∃is_proper_part_of.(AfricanWildlifeOntology1.eats.some(FruitingBody)) ⊓ ¬(∃is_proper_part_of.(AfricanWildlifeOntology1.eats.some(FruitingBody)))",,False,2_5,earth_environment/african_wildlife_ontology,,,
2_5_kajvx2o0,"Given the following Description Logic expression from the International Classification of Disease Ontology, determine whether it is satisfiable (true of false).
≥3 RO_0011002.(ICDO_0000372) ⊓ ≤2 RO_0011002.(ICDO_0000372)",,False,2_5,health_medicine/international_classification_of_disease_ontology,,,
2_5_pf9bv5q4,"In the ontology of Public Procurement Ontology, determine whether it is satisfiable (true of false).
 ∀contractProcedureSpecifications.(AwardCriteriaCombination)",,True,2_5,human_society/public_procurement_ontologyy,,,
2_5_txh5z0ck,"Given the following Description Logic expression from the Financial Industry Business Ontology, determine whether it is satisfiable (true of false).
∃hasMinimumRedemptionPrice.(FixedRateDividend)",,True,2_5,business_finance/financial_industry_business_ontology,,,
2_5_wrx9ftrv,"Given the following Description Logic expression from the People Ontology, determine whether it is satisfiable (true of false).
∃has_mother.(people.likes.some(people.giraffe)) ⊓ ¬(∃has_mother.(people.likes.some(people.giraffe)))",,False,2_5,human_society/people_ontology,,,
2_5_1sjkjscf,"Given the following Description Logic expression from the Plant Ontology, determine whether it is satisfiable (true of false).
∃PO_0040002.(RO_0002220.some(PO_0001050)) ⊓ ¬(∃PO_0040002.(RO_0002220.some(PO_0001050)))",,False,2_5,food_agriculture/plant_ontology,,,
2_5_34lmi2ac,"Given the following Description Logic expression from the Extensible Observation Ontology, determine whether it is satisfiable (true of false).
=2 hasNextQualifier.(Pound) ⊓ ≥3 hasNextQualifier.(Pound)",,True,2_5,earth_environment/extensible_observation_ontology,,,
2_5_gq1apeyi,"In the ontology of Public Procurement Ontology, determine whether it is satisfiable (true of false).
 ∃estimatedValue.(BundlePriceSpecification) ⊓ =0 estimatedValue.(BundlePriceSpecification)",,False,2_5,human_society/public_procurement_ontologyy,,,
2_5_qp3xeloi,"Given the following Description Logic expression from the Addiction Ontology, determine whether it is satisfiable (true of false).
=0 RO_0000086.(ADDICTO_0000629) ⊓ ∃RO_0000086.(ADDICTO_0000629)",,False,2_5,health_medicine/addiction_ontology,,,
2_5_sdrraird,"Given the following Description Logic expression from the Video Game Ontology, determine whether it is satisfiable (true of false).
∃isItemInGame.(∀unlocksAchievement.(Virtuosity)) ⊓ ∀isItemInGame.(∃unlocksAchievement.(¬(Virtuosity)))",,True,2_5,arts_media_entertainment/videogameontology,,,
2_5_ebomahif,"In the ontology of Public Procurement Ontology, determine whether it is satisfiable (true of false).
 =1 estimatedValue.(PriorInformationNotice) ⊓ =1 location.(PriorInformationNotice) ⊓ ∃estimatedValue.(∀location.(¬(PriorInformationNotice)))",,True,2_5,human_society/public_procurement_ontologyy,,,
2_5_1chhxj2m,"Given the following Description Logic expression from the Financial Industry Business Ontology, determine whether it is satisfiable (true of false).
=3 isConstitutedBy.(InstrumentOfIncorporation) ⊓ ≥4 isConstitutedBy.(InstrumentOfIncorporation)",,True,2_5,business_finance/financial_industry_business_ontology,,,
2_5_iw3643up,"In the ontology of Public Procurement Ontology, determine whether it is satisfiable (true of false).
 ∃procedureResignation.(ContractEconomicConditions ⊓ AgreementContract)",,True,2_5,human_society/public_procurement_ontologyy,,,
2_5_1zkedo9q,"Given the following Description Logic expression from the Video Game Ontology, determine whether it is satisfiable (true of false).
∃purchasesGameOffering.(GameOntologyv3.involvesPlayer.some(Game)) ⊓ ¬(∃purchasesGameOffering.(GameOntologyv3.involvesPlayer.some(Game)))",,False,2_5,arts_media_entertainment/videogameontology,,,
2_5_rqrffc1u,"Given the following Description Logic expression from the Movie Ontology, determine whether it is satisfiable (true of false).
~=3 FOAF_modifiedmade.(~FOAF_modifiedMovie) ⊓ ~≥4 FOAF_modifiedmade.(~FOAF_modifiedMovie)",,True,2_5,arts_media_entertainment/movie_ontology,,,
2_5_2ppmvu0a,"Given the following Description Logic expression from the Video Game Ontology, determine whether it is satisfiable (true of false).
∀isEventTriggeredByCharacter.(Minigame)",,True,2_5,arts_media_entertainment/videogameontology,,,
2_5_9q6nkqmh,"Given the following Description Logic expression from the Wine Ontology, determine whether it is satisfiable (true of false).
wine#.∃adjacentRegion.(wine#.locatedIn.some(wine#.TexasWine)) ⊓ ¬(wine#.∃adjacentRegion.(wine#.locatedIn.some(wine#.TexasWine)))",,False,2_5,food_agriculture/wine_ontology,,,
2_5_uow4nmty,"Given the following Description Logic expression from the Addiction Ontology, determine whether it is satisfiable (true of false).
∃BFO_0000117.(ADDICTO_0000735)",,True,2_5,health_medicine/addiction_ontology,,,
2_5_a3si1dcx,"Given the following Description Logic expression from the Comic Book Ontology, determine whether it is satisfiable (true of false).
∃contributor.(Museum) ⊓ ∀contributor.(¬(Museum))",,True,2_5,arts_media_entertainment/comic_book_ontology,,,
2_5_o4f0do0j,"Given the following Description Logic expression from the International Classification of Disease Ontology, determine whether it is satisfiable (true of false).
=1 RO_0001021.(ICDO_0000215) ⊓ =1 RO_0040036.(ICDO_0000215) ⊓ ∃RO_0001021.(∀RO_0040036.(¬(ICDO_0000215)))",,True,2_5,health_medicine/international_classification_of_disease_ontology,,,
2_5_qb5ii2kf,"Given the following Description Logic expression from the Comic Book Ontology, determine whether it is satisfiable (true of false).
=0 variant.(ComicStory) ⊓ ∃variant.(ComicStory)",,False,2_5,arts_media_entertainment/comic_book_ontology,,,
2_5_6czgk0fh,"Given the following Description Logic expression from the Public Contracts Ontology, determine whether it is satisfiable (true of false).
≥3 attachment.(AwardCriteriaCombination) ⊓ ≤2 attachment.(AwardCriteriaCombination)",,False,2_5,business_finance/public_contracts_ontology,,,
2_5_075u4qa0,"In the ontology of Public Procurement Ontology, determine whether it is satisfiable (true of false).
 ∃criterionScore.(SubjectiveAwardCriterion) ⊓ =0 criterionScore.(SubjectiveAwardCriterion)",,False,2_5,human_society/public_procurement_ontologyy,,,
2_5_qcu5ce8m,"Given the following Description Logic expression from the Semantic Web for Earth and Environmental Terminology, determine whether it is satisfiable (true of false).
∃hasLandUse.(Yegorovite)",,True,2_5,earth_environment/sweet,,,
2_5_6in14bww,"Given the following Description Logic expression from the CIDOC CRM ontology, determine whether it is satisfiable (true of false).
≥4 P38i_was_deassigned_by.(E80_Part_Removal) ⊓ ≤2 P38i_was_deassigned_by.(E80_Part_Removal)",,False,2_5,arts_media_entertainment/cidoc_crm,,,
2_5_lw63ozub,"Given the following Description Logic expression from the Plant Ontology, determine whether it is satisfiable (true of false).
∃RO_0000056.(PO_0030111) ⊓ ∀RO_0000056.(¬(PO_0030111))",,True,2_5,food_agriculture/plant_ontology,,,
2_5_cewi138a,"Given the following Description Logic expression from the CIDOC CRM ontology, determine whether it is satisfiable (true of false).
∃P191_had_duration.(E58_Measurement_Unit) ⊓ =0 P191_had_duration.(E58_Measurement_Unit)",,False,2_5,arts_media_entertainment/cidoc_crm,,,
2_5_wbc0ssyn,"Given the following Description Logic expression from the International Classification of Disease Ontology, determine whether it is satisfiable (true of false).
≥2 RO_0000091.(ICDO_0000511) ⊓ ≤1 RO_0000091.(ICDO_0000511)",,False,2_5,health_medicine/international_classification_of_disease_ontology,,,
2_5_db2sf4o7,"Given the following Description Logic expression from the Wine Ontology, determine whether it is satisfiable (true of false).
wine#.∃madeIntoWine.(wine#.WhiteNonSweetWine) ⊓ wine#.=0 madeIntoWine.(wine#.WhiteNonSweetWine)",,False,2_5,food_agriculture/wine_ontology,,,
2_5_exsouwmx,"Given the following Description Logic expression from the Comic Book Ontology, determine whether it is satisfiable (true of false).
∃contributor.(terms.hasVersion.some(Page)) ⊓ ¬(∃contributor.(terms.hasVersion.some(Page)))",,False,2_5,arts_media_entertainment/comic_book_ontology,,,
2_5_46ck9v21,"Given the following Description Logic expression from the Financial Industry Business Ontology, determine whether it is satisfiable (true of false).
∃hasCountry.(Municipality ⊓ FederalCapitalArea)",,True,2_5,business_finance/financial_industry_business_ontology,,,
2_5_ng10c55a,"Given the following Description Logic expression from the Financial Instruments Ontology, determine whether it is satisfiable (true of false).
∀isLegallyRecordedIn.(Entitlement)",,True,2_5,business_finance/financial_instruments_ontology,,,
2_5_s1kosk0f,"Given the following Description Logic expression from the Video Game Ontology, determine whether it is satisfiable (true of false).
∃hasContext.(Gameplay ⊓ ∀hasContext.(¬(Gameplay)))",,True,2_5,arts_media_entertainment/videowl,,,
2_5_h0tlrexs,"Given the following Description Logic expression from the International Classification of Disease Ontology, determine whether it is satisfiable (true of false).
=0 RO_0002017.(ICDO_0000538) ⊓ ∃RO_0002017.(ICDO_0000538)",,False,2_5,health_medicine/international_classification_of_disease_ontology,,,
2_5_q46phzrl,"Given the following Description Logic expression from the Financial Industry Business Ontology, determine whether it is satisfiable (true of false).
∃hasFirstBarrierPrice.(ExoticOptions.hasSecondBarrierPrice.some(RainbowOption)) ⊓ ¬(∃hasFirstBarrierPrice.(ExoticOptions.hasSecondBarrierPrice.some(RainbowOption)))",,False,2_5,business_finance/financial_industry_business_ontology,,,
2_5_u1guk39r,"Given the following Description Logic expression from the Extensible Observation Ontology, determine whether it is satisfiable (true of false).
≥2 entityRelated.(Tonne) ⊓ ≤4 entityRelated.(Tonne)",,True,2_5,earth_environment/extensible_observation_ontology,,,
2_5_wx3x2qwn,"Given the following Description Logic expression from the CIDOC CRM ontology, determine whether it is satisfiable (true of false).
∃P55i_currently_holds.(E80_Part_Removal) ⊓ =0 P55i_currently_holds.(E80_Part_Removal)",,False,2_5,arts_media_entertainment/cidoc_crm,,,
2_5_6tsnz3k7,"In the ontology of Public Procurement Ontology, determine whether it is satisfiable (true of false).
 =0 briefing.(OrdinaryAdministrativeRemedy) ⊓ ∃briefing.(OrdinaryAdministrativeRemedy)",,False,2_5,human_society/public_procurement_ontologyy,,,
2_5_a4txd37z,"Given the following Description Logic expression from the Video Game Ontology, determine whether it is satisfiable (true of false).
∃purchasesGameOffering.(Luck) ⊓ =0 purchasesGameOffering.(Luck)",,False,2_5,arts_media_entertainment/videogameontology,,,
2_5_pq3wxvcg,"In the ontology of Public Procurement Ontology, determine whether it is satisfiable (true of false).
 ∃delegatingAuthority.(Lot) ⊓ ∀websiteWithInformation.(¬(Lot)) ⊓ ∃delegatingAuthority.(¬(Lot))",,True,2_5,human_society/public_procurement_ontologyy,,,
2_5_r3hvw8tf,"Given the following Description Logic expression from the CIDOC CRM ontology, determine whether it is satisfiable (true of false).
∃P98i_was_born.(E31_Document) ⊓ =0 P98i_was_born.(E31_Document)",,False,2_5,arts_media_entertainment/cidoc_crm,,,
2_5_u5lw4coy,"Given the following Description Logic expression from the Semantic Web for Earth and Environmental Terminology, determine whether it is satisfiable (true of false).
=1 hasAverageAnnualPrecipitation.(Calumetite) ⊓ ≥2 hasAverageAnnualPrecipitation.(Calumetite)",,True,2_5,earth_environment/sweet,,,
2_5_zwcucrmd,"Given the following Description Logic expression from the Video Game Ontology, determine whether it is satisfiable (true of false).
∀hasContext.(Lore)",,True,2_5,arts_media_entertainment/videowl,,,
2_5_tvgwqmcm,"Given the following Description Logic expression from the Video Game Ontology, determine whether it is satisfiable (true of false).
∃isAchievementInGame.(Minigame) ⊓ =0 isAchievementInGame.(Minigame)",,False,2_5,arts_media_entertainment/videogameontology,,,
2_5_ebwnpa87,"Given the following Description Logic expression from the Public Contracts Ontology, determine whether it is satisfiable (true of false).
≥3 attachment.(AwardCriteriaCombination) ⊓ ≤1 attachment.(AwardCriteriaCombination)",,False,2_5,business_finance/public_contracts_ontology,,,
2_5_5wjwy3gp,"Given the following Description Logic expression from the Video Game Ontology, determine whether it is satisfiable (true of false).
∃developerOf.(Familiar) ⊓ ∃partOf.(Familiar)",,True,2_5,arts_media_entertainment/videowl,,,
2_5_4z6fjww1,"Given the following Description Logic expression from the Financial Instruments Ontology, determine whether it is satisfiable (true of false).
=1 hasNominalValue.(ExemptSecurity) ⊓ =1 hasBuyingCurrency.(ExemptSecurity) ⊓ ∃hasNominalValue.(∀hasBuyingCurrency.(¬(ExemptSecurity)))",,True,2_5,business_finance/financial_instruments_ontology,,,
2_5_5te6esqv,"Given the following Description Logic expression from the Financial Industry Business Ontology, determine whether it is satisfiable (true of false).
∀hasAccountingInformation.(FundUnit)",,True,2_5,business_finance/financial_industry_business_ontology,,,
2_5_9s7bk6xl,"Given the following Description Logic expression from the Financial Industry Business Ontology, determine whether it is satisfiable (true of false).
≥4 hasTrustee.(TrustFundManager) ⊓ ≤1 hasTrustee.(TrustFundManager)",,False,2_5,business_finance/financial_industry_business_ontology,,,
2_5_m6f3nlqi,"Given the following Description Logic expression from the Extensible Observation Ontology, determine whether it is satisfiable (true of false).
=0 hasSourceUnit.(Liter) ⊓ ∃hasSourceUnit.(Liter)",,False,2_5,earth_environment/extensible_observation_ontology,,,
2_5_lrt3tzcd,"Given the following Description Logic expression from the Financial Industry Business Ontology, determine whether it is satisfiable (true of false).
∃convertsTo.(TradingStatusMessage ⊓ ∀convertsTo.(¬(TradingStatusMessage)))",,True,2_5,business_finance/financial_industry_business_ontology,,,
2_5_02h2bzcg,"Given the following Description Logic expression from the Business Process Model and Notation, determine whether it is satisfiable (true of false).
∃has_user_task_out_message_ref.(BPMNOntology.inclusive_gateway) ⊓ =0 has_user_task_out_message_ref.(BPMNOntology.inclusive_gateway)",,False,2_5,business_finance/bpmn,,,
2_5_6x0ybten,"In the ontology of European Legislation Identifier, determine whether it is satisfiable (true of false).
 =1 publishes.(Work) ⊓ =1 has_member.(Work) ⊓ ∃publishes.(∀has_member.(¬(Work)))",,True,2_5,human_society/people_ontology,,,
2_5_erlpk96r,"Given the following Description Logic expression from the Video Game Ontology, determine whether it is satisfiable (true of false).
∃includes.(Single) ⊓ ∀developerOf.(¬(Single)) ⊓ ∃includes.(¬(Single))",,True,2_5,arts_media_entertainment/videowl,,,
2_5_yufve5yl,"Given the following Description Logic expression from the Video Game Ontology, determine whether it is satisfiable (true of false).
∃hasLeaderboard.(Paragon) ⊓ ∀hasLeaderboard.(¬(Paragon))",,True,2_5,arts_media_entertainment/videogameontology,,,
2_5_qrub5x5k,"Given the following Description Logic expression from the Addiction Ontology, determine whether it is satisfiable (true of false).
∃RO_0000057.(RO_0002234.some(ADDICTO_0000444)) ⊓ ¬(∃RO_0000057.(RO_0002234.some(ADDICTO_0000444)))",,False,2_5,health_medicine/addiction_ontology,,,
2_5_cxfuz8m6,"Given the following Description Logic expression from the Financial Industry Business Ontology, determine whether it is satisfiable (true of false).
∀isRetirementOf.(ShortSaleLocate)",,True,2_5,business_finance/financial_industry_business_ontology,,,
2_5_cxgc687m,"Given the following Description Logic expression from the Pizza Ontology, determine whether it is satisfiable (true of false).
≥4 hasMaterialState.(ClosedPizza) ⊓ ≤1 hasMaterialState.(ClosedPizza)",,False,2_5,food_agriculture/pizza_ontology,,,
2_5_v1crnmlk,"Given the following Description Logic expression from the CIDOC CRM ontology, determine whether it is satisfiable (true of false).
∀P106i_forms_part_of.(E66_Formation)",,True,2_5,arts_media_entertainment/cidoc_crm,,,
2_5_tonweet0,"Given the following Description Logic expression from the Financial Industry Business Ontology, determine whether it is satisfiable (true of false).
≥1 isRetirementOf.(InvestmentManagement) ⊓ ≤3 isRetirementOf.(InvestmentManagement)",,True,2_5,business_finance/financial_industry_business_ontology,,,
2_5_rx033l8j,"In the ontology of Public Procurement Ontology, determine whether it is satisfiable (true of false).
 ∀contractEconomicConditions.(Committee)",,True,2_5,human_society/public_procurement_ontologyy,,,
2_5_ak52c61w,"Given the following Description Logic expression from the Business Process Model and Notation, determine whether it is satisfiable (true of false).
=0 has_message_flow_source_ref.(BPMNOntology.send_task) ⊓ ∃has_message_flow_source_ref.(BPMNOntology.send_task)",,False,2_5,business_finance/bpmn,,,
2_5_3g17knsc,"In the ontology of Public Procurement Ontology, determine whether it is satisfiable (true of false).
 ∀procedureResignation.(ContractActivities)",,True,2_5,human_society/public_procurement_ontologyy,,,
2_5_fkr52q4k,"In the ontology of Public Procurement Ontology, determine whether it is satisfiable (true of false).
 ∀electronicAuctionWeb.(Notice)",,True,2_5,human_society/public_procurement_ontologyy,,,
2_5_ypf7dsvu,"Given the following Description Logic expression from the Financial Industry Business Ontology, determine whether it is satisfiable (true of false).
∀hasUnitCost.(LoanMarketCategory)",,True,2_5,business_finance/financial_industry_business_ontology,,,
2_5_ydymfdvy,"Given the following Description Logic expression from the Addiction Ontology, determine whether it is satisfiable (true of false).
=0 RO_0000087.(ADDICTO_0000260) ⊓ ∃RO_0000087.(ADDICTO_0000260)",,False,2_5,health_medicine/addiction_ontology,,,
2_5_iehilljt,"Given the following Description Logic expression from the Organization Ontology, determine whether it is satisfiable (true of false).
≥3 hasPrimarySite.(FormalOrganization) ⊓ ≤2 hasPrimarySite.(FormalOrganization)",,False,2_5,business_finance/organization_ontology,,,
2_5_q94hprhq,"Given the following Description Logic expression from the Video Game Ontology, determine whether it is satisfiable (true of false).
∃hasGameGenre.(GameOntologyv3.ownsCharacter.some(Collection)) ⊓ ¬(∃hasGameGenre.(GameOntologyv3.ownsCharacter.some(Collection)))",,False,2_5,arts_media_entertainment/videogameontology,,,
2_5_gtf0lied,"Given the following Description Logic expression from the Occupation Ontology, determine whether it is satisfiable (true of false).
≥2 RO_0004096.(OCCO_29112300) ⊓ ≤1 RO_0004096.(OCCO_29112300)",,False,2_5,business_finance/occupation_ontology,,,
2_5_nxclkh79,"Given the following Description Logic expression from the Financial Industry Business Ontology, determine whether it is satisfiable (true of false).
∃hasFloatingRateFloor.(IRSwaps.hasFirstNotionalStepDate.some(InflationLeg)) ⊓ ¬(∃hasFloatingRateFloor.(IRSwaps.hasFirstNotionalStepDate.some(InflationLeg)))",,False,2_5,business_finance/financial_industry_business_ontology,,,
2_5_00k3kz04,"Given the following Description Logic expression from the Financial Industry Business Ontology, determine whether it is satisfiable (true of false).
∃isSituatedAt.(Facilities.situates.some(Capability)) ⊓ ¬(∃isSituatedAt.(Facilities.situates.some(Capability)))",,False,2_5,business_finance/financial_industry_business_ontology,,,
2_5_zs9o81po,"Given the following Description Logic expression from the Financial Industry Business Ontology, determine whether it is satisfiable (true of false).
≥5 hasNote.(MortgageBackedSecurityOfferingProspectus) ⊓ ≤1 hasNote.(MortgageBackedSecurityOfferingProspectus)",,False,2_5,business_finance/financial_industry_business_ontology,,,
2_5_1hf989bl,"Given the following Description Logic expression from the Organization Ontology, determine whether it is satisfiable (true of false).
∀hasMember.(Site)",,True,2_5,business_finance/organization_ontology,,,
2_5_hqghsbme,"Given the following Description Logic expression from the Movie Ontology, determine whether it is satisfiable (true of false).
~=0 FOAF_modifiedknows.(Class) ⊓ ~∃FOAF_modifiedknows.(Class)",,False,2_5,arts_media_entertainment/movie_ontology,,,
2_5_iclr1q6m,"In the ontology of European Legislation Identifier, determine whether it is satisfiable (true of false).
 ∃transposes.(eli.transposed_by.some(Agent)) ⊓ ¬(∃transposes.(eli.transposed_by.some(Agent)))",,False,2_5,human_society/people_ontology,,,
2_5_zsw9qo4z,"Given the following Description Logic expression from the Movie Ontology, determine whether it is satisfiable (true of false).
~∃FOAF_modifiedacts.(~FOAF_modifieddirects.some(~FOAF_modifiedPerson)) ⊓ ¬(~∃FOAF_modifiedacts.(~FOAF_modifieddirects.some(~FOAF_modifiedPerson)))",,False,2_5,arts_media_entertainment/movie_ontology,,,
2_5_2ozi9hai,"Given the following Description Logic expression from the Financial Industry Business Ontology, determine whether it is satisfiable (true of false).
∃hasDealtCurrency.(UnitOfAccountIdentifier ⊓ CurrencyBasket)",,True,2_5,business_finance/financial_industry_business_ontology,,,
2_5_p6misg2b,"Given the following Description Logic expression from the Video Game Ontology, determine whether it is satisfiable (true of false).
=0 includes.(RPG) ⊓ ∃includes.(RPG)",,False,2_5,arts_media_entertainment/videowl,,,
2_5_ubj8dm96,"Given the following Description Logic expression from the Financial Industry Business Ontology, determine whether it is satisfiable (true of false).
=0 isGuarantorOf.(LetterOfCredit) ⊓ ∃isGuarantorOf.(LetterOfCredit)",,False,2_5,business_finance/financial_industry_business_ontology,,,
2_5_7ql818re,"Given the following Description Logic expression from the Pizza Ontology, determine whether it is satisfiable (true of false).
∃hasMaterialState.(IceCream) ⊓ =0 hasMaterialState.(IceCream)",,False,2_5,food_agriculture/pizza_ontology,,,
2_5_k6m6hl7u,"Given the following Description Logic expression from the Extensible Observation Ontology, determine whether it is satisfiable (true of false).
≥4 hasTargetUnit.(Milliliter) ⊓ ≤2 hasTargetUnit.(Milliliter)",,False,2_5,earth_environment/extensible_observation_ontology,,,
2_5_t2kvriow,"Given the following Description Logic expression from the Financial Industry Business Ontology, determine whether it is satisfiable (true of false).
=0 isExemplifiedBy.(Referent) ⊓ ∃isExemplifiedBy.(Referent)",,False,2_5,business_finance/financial_industry_business_ontology,,,
2_5_7svvwjnm,"Given the following Description Logic expression from the Public Contracts Ontology, determine whether it is satisfiable (true of false).
∃awardCriteriaCombination.(AwardCriteriaCombination) ⊓ ∀procedureType.(¬(AwardCriteriaCombination)) ⊓ ∃awardCriteriaCombination.(¬(AwardCriteriaCombination))",,True,2_5,business_finance/public_contracts_ontology,,,
2_5_y94igqa3,"Given the following Description Logic expression from the Video Game Ontology, determine whether it is satisfiable (true of false).
≥5 hasNarrative.(Strategy) ⊓ ≤1 hasNarrative.(Strategy)",,False,2_5,arts_media_entertainment/videowl,,,
2_5_2kipdooz,"Given the following Description Logic expression from the Pizza Ontology, determine whether it is satisfiable (true of false).
∃hasTopping.(VegePizza02) ⊓ =0 hasTopping.(VegePizza02)",,False,2_5,food_agriculture/pizza_ontology,,,
2_5_kn7xoygh,"Given the following Description Logic expression from the Financial Industry Business Ontology, determine whether it is satisfiable (true of false).
=0 hasRelativePriceAtMaturity.(PrescriptiveEvent) ⊓ ∃hasRelativePriceAtMaturity.(PrescriptiveEvent)",,False,2_5,business_finance/financial_industry_business_ontology,,,
2_5_p0914g19,"Given the following Description Logic expression from the Financial Industry Business Ontology, determine whether it is satisfiable (true of false).
∃isLimitedPartnerOf.(LimitedLiabilityLimitedPartnership) ⊓ ∀isLimitedPartnerOf.(¬(LimitedLiabilityLimitedPartnership))",,True,2_5,business_finance/financial_industry_business_ontology,,,
2_5_rfxeidmy,"Given the following Description Logic expression from the Addiction Ontology, determine whether it is satisfiable (true of false).
∃RO_0000053.(∀BFO_0000050.(ADDICTO_0000322)) ⊓ ∀RO_0000053.(∃BFO_0000050.(¬(ADDICTO_0000322)))",,True,2_5,health_medicine/addiction_ontology,,,
2_5_cg7ivwun,"Given the following Description Logic expression from the Semantic Web for Earth and Environmental Terminology, determine whether it is satisfiable (true of false).
∃youngerThan.(Crookesite) ⊓ ∀hasRock.(¬(Crookesite)) ⊓ ∃youngerThan.(¬(Crookesite))",,True,2_5,earth_environment/sweet,,,
2_5_iz32m1kd,"Given the following Description Logic expression from the Plant Ontology, determine whether it is satisfiable (true of false).
∃RO_0001025.(BFO_0000062.some(PO_0007064)) ⊓ ¬(∃RO_0001025.(BFO_0000062.some(PO_0007064)))",,False,2_5,food_agriculture/plant_ontology,,,
2_5_8vh8tosr,"Given the following Description Logic expression from the Extensible Observation Ontology, determine whether it is satisfiable (true of false).
=1 hasBaseQualifier.(DekagramToKilogram)",,True,2_5,earth_environment/extensible_observation_ontology,,,
2_5_zmib3j6f,"Given the following Description Logic expression from the Organization Ontology, determine whether it is satisfiable (true of false).
∃linkedTo.(OrganizationalCollaboration)",,True,2_5,business_finance/organization_ontology,,,
2_5_yl21qsnp,"In the ontology of Public Procurement Ontology, determine whether it is satisfiable (true of false).
 ∃tenderMeeting.(Tender ⊓ SuppliesContract)",,True,2_5,human_society/public_procurement_ontologyy,,,
2_5_z453dsw5,"Given the following Description Logic expression from the Financial Industry Business Ontology, determine whether it is satisfiable (true of false).
∃isHeldBy.(∀governs.(Referent))",,True,2_5,business_finance/financial_industry_business_ontology,,,
2_5_is71ddux,"Given the following Description Logic expression from the Wine Ontology, determine whether it is satisfiable (true of false).
wine#.=0 hasBody.(wine#.ItalianWine) ⊓ wine#.∃hasBody.(wine#.ItalianWine)",,False,2_5,food_agriculture/wine_ontology,,,
2_5_o0oiw8w5,"Given the following Description Logic expression from the Financial Industry Business Ontology, determine whether it is satisfiable (true of false).
∀hasSeriesOrigin.(EmployedPopulationTemporarilyNotAtWork)",,True,2_5,business_finance/financial_industry_business_ontology,,,
2_5_gppsmpvd,"Given the following Description Logic expression from the Extensible Observation Ontology, determine whether it is satisfiable (true of false).
∃standardFor.(NominalDayToSecond) ⊓ =0 standardFor.(NominalDayToSecond)",,False,2_5,earth_environment/extensible_observation_ontology,,,
2_5_p2fbjgj1,"Given the following Description Logic expression from the Video Game Ontology, determine whether it is satisfiable (true of false).
∀employeeOf.(ActionRPG)",,True,2_5,arts_media_entertainment/videowl,,,
2_5_ib6nlg1y,"In the ontology of Public Procurement Ontology, determine whether it is satisfiable (true of false).
 =0 mainObject.(ContractAdditionalObligations) ⊓ ∃mainObject.(ContractAdditionalObligations)",,False,2_5,human_society/public_procurement_ontologyy,,,
2_5_fvu9o1q1,"Given the following Description Logic expression from the Comic Book Ontology, determine whether it is satisfiable (true of false).
∃country.(Collection) ⊓ ∀country.(¬(Collection))",,True,2_5,arts_media_entertainment/comic_book_ontology,,,
2_5_cpsxauyc,"Given the following Description Logic expression from the Financial Industry Business Ontology, determine whether it is satisfiable (true of false).
=0 isFacilitatedBy.(LicensedAgent) ⊓ ∃isFacilitatedBy.(LicensedAgent)",,False,2_5,business_finance/financial_industry_business_ontology,,,
2_5_m4qqxjue,"Given the following Description Logic expression from the Geology Ontology, determine whether it is satisfiable (true of false).
∀GEOCORE_0000014.(BFO_0000001)",,True,2_5,earth_environment/geocore_ontology,,,
2_5_uk10lp2y,"Given the following Description Logic expression from the Video Game Ontology, determine whether it is satisfiable (true of false).
=0 isSessionInGame.(Collection) ⊓ ∃isSessionInGame.(Collection)",,False,2_5,arts_media_entertainment/videogameontology,,,
2_5_45meup44,"Given the following Description Logic expression from the International Classification of Disease Ontology, determine whether it is satisfiable (true of false).
∃RO_0002020.(∀RO_0002406.(ICDO_0000155)) ⊓ ∀RO_0002020.(∃RO_0002406.(¬(ICDO_0000155)))",,True,2_5,health_medicine/international_classification_of_disease_ontology,,,
2_5_c6vru5p1,"Given the following Description Logic expression from the Geology Ontology, determine whether it is satisfiable (true of false).
∃GEOCORE_0000015.(BFO_0000146)",,True,2_5,earth_environment/geocore_ontology,,,
2_5_z9lpe5rz,"Given the following Description Logic expression from the Business Process Model and Notation, determine whether it is satisfiable (true of false).
∃has_pool_lanes.(BPMN_element ⊓ BPMNOntology.connecting_object)",,True,2_5,business_finance/bpmn,,,
2_5_tqs587zx,"Given the following Description Logic expression from the Video Game Ontology, determine whether it is satisfiable (true of false).
≥2 playsGame.(Feature) ⊓ ≤1 playsGame.(Feature)",,False,2_5,arts_media_entertainment/videogameontology,,,
2_5_8149mr3k,"Given the following Description Logic expression from the Business Process Model and Notation, determine whether it is satisfiable (true of false).
=1 has_assignment_to.(BPMNOntology.artifact_output) ⊓ =1 has_complex_gateway_outgoing_condition.(BPMNOntology.artifact_output) ⊓ ∃has_assignment_to.(∀has_complex_gateway_outgoing_condition.(¬(BPMNOntology.artifact_output)))",,True,2_5,business_finance/bpmn,,,
2_5_dzs8x5xy,"Given the following Description Logic expression from the Financial Industry Business Ontology, determine whether it is satisfiable (true of false).
∀isMembershipPartyIn.(MemberBearingOrganization)",,True,2_5,business_finance/financial_industry_business_ontology,,,
2_5_enunnijv,"Given the following Description Logic expression from the Financial Industry Business Ontology, determine whether it is satisfiable (true of false).
≥4 hasDateOfIncorporation.(ReligiousCorporation) ⊓ ≤1 hasDateOfIncorporation.(ReligiousCorporation)",,False,2_5,business_finance/financial_industry_business_ontology,,,
2_5_vzbw96gz,"Given the following Description Logic expression from the Financial Industry Business Ontology, determine whether it is satisfiable (true of false).
∀isDomiciledIn.(Employee)",,True,2_5,business_finance/financial_industry_business_ontology,,,
2_5_mk9g8ygn,"Given the following Description Logic expression from the Geology Ontology, determine whether it is satisfiable (true of false).
∃BFO_0000199.(BFO_0000004) ⊓ =0 BFO_0000199.(BFO_0000004)",,False,2_5,earth_environment/geocore_ontology,,,
2_5_0anq93wg,"Given the following Description Logic expression from the African Wildlife Ontology, determine whether it is satisfiable (true of false).
∃is_proper_part_of.(Root) ⊓ ∀is_proper_part_of.(¬(Root))",,True,2_5,earth_environment/african_wildlife_ontology,,,
2_5_elzq1rx0,"Given the following Description Logic expression from the Semantic Web for Earth and Environmental Terminology, determine whether it is satisfiable (true of false).
≥5 hasGeometricalObject.(Donathite) ⊓ ≤4 hasGeometricalObject.(Donathite)",,False,2_5,earth_environment/sweet,,,
2_5_3ekooq5c,"Given the following Description Logic expression from the CIDOC CRM ontology, determine whether it is satisfiable (true of false).
∃P20i_was_purpose_of.(E78_Curated_Holding ⊓ E71_Human_Made_Thing)",,True,2_5,arts_media_entertainment/cidoc_crm,,,
2_5_yk6ifqhe,"Given the following Description Logic expression from the Pizza Ontology, determine whether it is satisfiable (true of false).
∃hasMaterialState.(∀hasTopping.(VegePizza05))",,True,2_5,food_agriculture/pizza_ontology,,,
2_5_86a377fi,"Given the following Description Logic expression from the Financial Industry Business Ontology, determine whether it is satisfiable (true of false).
=3 hasCardVerificationCode.(CreditCardProduct) ⊓ ≥4 hasCardVerificationCode.(CreditCardProduct)",,True,2_5,business_finance/financial_industry_business_ontology,,,
2_5_v0q1v8o0,"Given the following Description Logic expression from the People Ontology, determine whether it is satisfiable (true of false).
=0 has_part.(people.tree) ⊓ ∃has_part.(people.tree)",,False,2_5,human_society/people_ontology,,,
2_5_wb0rr3ed,"Given the following Description Logic expression from the Video Game Ontology, determine whether it is satisfiable (true of false).
∃colleagueOf.(Real ⊓ ∀colleagueOf.(¬(Real)))",,True,2_5,arts_media_entertainment/videowl,,,
2_5_qj5n4da1,"Given the following Description Logic expression from the Financial Industry Business Ontology, determine whether it is satisfiable (true of false).
∀hasMarketCapitalizationValue.(BasketOfEquities)",,True,2_5,business_finance/financial_industry_business_ontology,,,
