identifier,question,options,answer,task_label,task_id,task_name,capability,question_type,metric,domain,ontology,source_file,source_index,label,iri,depth,answer_text,gold_classes,gold_properties,gold_triples,metadata
L4_Arts_Media_Entertainment_Arts_Media_Entertainment_CIDOC_CRM_property_CIDOC_CRM_v7_1_3_00001,"In the CIDOC CRM ontology, given the following set of classes and properties, construct only object- and data-property relationships. Do not output subClassOf triples. Output only triples in the form (subject, predicate, object).

Classes:
- E11 Modification
- E12 Production
- E13 Attribute Assignment
- E4 Period
- E5 Event
- E64 End of Existence
- E65 Creation
- E7 Activity
- E79 Part Addition
- E80 Part Removal

Object Properties:
- P134 continued
- P134i was continued by
- P20 had specific purpose
- P20i was purpose of
- P9 consists of
- P9i forms part of

Data Properties:
None",,"(E4 Period, P9 consists of, E4 Period)
(E4 Period, P9i forms part of, E4 Period)
(E5 Event, P20i was purpose of, E7 Activity)
(E7 Activity, P134 continued, E7 Activity)
(E7 Activity, P134i was continued by, E7 Activity)
(E7 Activity, P20 had specific purpose, E5 Event)",3_4,L4,Property Relation Construction,Learning,Generation,triple_f1,Arts_Media_Entertainment,Arts_Media_Entertainment/CIDOC_CRM,bench_3_4/Arts_Media_Entertainment/CIDOC_CRM/CIDOC_CRM_v7.1.3/property_CIDOC_CRM_v7.1.3.json,0,,,,"(E4 Period, P9 consists of, E4 Period)
(E4 Period, P9i forms part of, E4 Period)
(E5 Event, P20i was purpose of, E7 Activity)
(E7 Activity, P134 continued, E7 Activity)
(E7 Activity, P134i was continued by, E7 Activity)
(E7 Activity, P20 had specific purpose, E5 Event)","[""E11 Modification"", ""E12 Production"", ""E13 Attribute Assignment"", ""E4 Period"", ""E5 Event"", ""E64 End of Existence"", ""E65 Creation"", ""E7 Activity"", ""E79 Part Addition"", ""E80 Part Removal""]","[""P134 continued"", ""P134i was continued by"", ""P20 had specific purpose"", ""P20i was purpose of"", ""P9 consists of"", ""P9i forms part of""]","[{""characteristics"": [], ""meta"": {""object_iri"": ""http://www.cidoc-crm.org/cidoc-crm/E4_Period"", ""predicate_iri"": ""http://www.cidoc-crm.org/cidoc-crm/P9_consists_of"", ""predicate_type"": ""object"", ""subject_iri"": ""http://www.cidoc-crm.org/cidoc-crm/E4_Period""}, ""text"": ""E4 Period P9 consists of E4 Period."", ""triple"": [""E4 Period"", ""P9 consists of"", ""E4 Period""]}, {""characteristics"": [], ""meta"": {""object_iri"": ""http://www.cidoc-crm.org/cidoc-crm/E4_Period"", ""predicate_iri"": ""http://www.cidoc-crm.org/cidoc-crm/P9i_forms_part_of"", ""predicate_type"": ""object"", ""subject_iri"": ""http://www.cidoc-crm.org/cidoc-crm/E4_Period""}, ""text"": ""E4 Period P9i forms part of E4 Period."", ""triple"": [""E4 Period"", ""P9i forms part of"", ""E4 Period""]}, {""characteristics"": [], ""meta"": {""object_iri"": ""http://www.cidoc-crm.org/cidoc-crm/E7_Activity"", ""predicate_iri"": ""http://www.cidoc-crm.org/cidoc-crm/P20i_was_purpose_of"", ""predicate_type"": ""object"", ""subject_iri"": ""http://www.cidoc-crm.org/cidoc-crm/E5_Event""}, ""text"": ""E5 Event P20i was purpose of E7 Activity."", ""triple"": [""E5 Event"", ""P20i was purpose of"", ""E7 Activity""]}, {""characteristics"": [], ""meta"": {""object_iri"": ""http://www.cidoc-crm.org/cidoc-crm/E7_Activity"", ""predicate_iri"": ""http://www.cidoc-crm.org/cidoc-crm/P134_continued"", ""predicate_type"": ""object"", ""subject_iri"": ""http://www.cidoc-crm.org/cidoc-crm/E7_Activity""}, ""text"": ""E7 Activity P134 continued E7 Activity."", ""triple"": [""E7 Activity"", ""P134 continued"", ""E7 Activity""]}, {""characteristics"": [], ""meta"": {""object_iri"": ""http://www.cidoc-crm.org/cidoc-crm/E7_Activity"", ""predicate_iri"": ""http://www.cidoc-crm.org/cidoc-crm/P134i_was_continued_by"", ""predicate_type"": ""object"", ""subject_iri"": ""http://www.cidoc-crm.org/cidoc-crm/E7_Activity""}, ""text"": ""E7 Activity P134i was continued by E7 Activity."", ""triple"": [""E7 Activity"", ""P134i was continued by"", ""E7 Activity""]}, {""characteristics"": [], ""meta"": {""object_iri"": ""http://www.cidoc-crm.org/cidoc-crm/E5_Event"", ""predicate_iri"": ""http://www.cidoc-crm.org/cidoc-crm/P20_had_specific_purpose"", ""predicate_type"": ""object"", ""subject_iri"": ""http://www.cidoc-crm.org/cidoc-crm/E7_Activity""}, ""text"": ""E7 Activity P20 had specific purpose E5 Event."", ""triple"": [""E7 Activity"", ""P20 had specific purpose"", ""E5 Event""]}]",{}
L4_Arts_Media_Entertainment_Arts_Media_Entertainment_CIDOC_CRM_property_CIDOC_CRM_v7_1_3_00002,"In the CIDOC CRM ontology, given the following set of classes and properties, construct only object- and data-property relationships. Do not output subClassOf triples. Output only triples in the form (subject, predicate, object).

Classes:
- E1 CRM Entity
- E16 Measurement
- E2 Temporal Entity
- E3 Condition State
- E4 Period
- E52 Time-Span
- E54 Dimension
- E77 Persistent Item
- E92 Spacetime Volume
- E97 Monetary Amount

Object Properties:
- P132 spatiotemporally overlaps with
- P133 is spatiotemporally separated from
- P160 has temporal projection
- P160i is temporal projection of
- P174 starts before the end of
- P176 starts before the start of
- P176i starts after the start of
- P191i was duration of
- P40 observed dimension
- P40i was observed in
- P5 consists of
- P5i forms part of
- P86 falls within
- P86i contains
- P9 consists of
- P9i forms part of

Data Properties:
None",,"(E16 Measurement, P40 observed dimension, E54 Dimension)
(E2 Temporal Entity, P174 starts before the end of, E2 Temporal Entity)
(E2 Temporal Entity, P176 starts before the start of, E2 Temporal Entity)
(E2 Temporal Entity, P176i starts after the start of, E2 Temporal Entity)
(E3 Condition State, P5 consists of, E3 Condition State)
(E3 Condition State, P5i forms part of, E3 Condition State)
(E4 Period, P9 consists of, E4 Period)
(E4 Period, P9i forms part of, E4 Period)
(E52 Time-Span, P160i is temporal projection of, E92 Spacetime Volume)
(E52 Time-Span, P86 falls within, E52 Time-Span)
(E52 Time-Span, P86i contains, E52 Time-Span)
(E54 Dimension, P191i was duration of, E52 Time-Span)
(E54 Dimension, P40i was observed in, E16 Measurement)
(E92 Spacetime Volume, P132 spatiotemporally overlaps with, E92 Spacetime Volume)
(E92 Spacetime Volume, P133 is spatiotemporally separated from, E92 Spacetime Volume)
(E92 Spacetime Volume, P160 has temporal projection, E52 Time-Span)",3_4,L4,Property Relation Construction,Learning,Generation,triple_f1,Arts_Media_Entertainment,Arts_Media_Entertainment/CIDOC_CRM,bench_3_4/Arts_Media_Entertainment/CIDOC_CRM/CIDOC_CRM_v7.1.3/property_CIDOC_CRM_v7.1.3.json,1,,,,"(E16 Measurement, P40 observed dimension, E54 Dimension)
(E2 Temporal Entity, P174 starts before the end of, E2 Temporal Entity)
(E2 Temporal Entity, P176 starts before the start of, E2 Temporal Entity)
(E2 Temporal Entity, P176i starts after the start of, E2 Temporal Entity)
(E3 Condition State, P5 consists of, E3 Condition State)
(E3 Condition State, P5i forms part of, E3 Condition State)
(E4 Period, P9 consists of, E4 Period)
(E4 Period, P9i forms part of, E4 Period)
(E52 Time-Span, P160i is temporal projection of, E92 Spacetime Volume)
(E52 Time-Span, P86 falls within, E52 Time-Span)
(E52 Time-Span, P86i contains, E52 Time-Span)
(E54 Dimension, P191i was duration of, E52 Time-Span)
(E54 Dimension, P40i was observed in, E16 Measurement)
(E92 Spacetime Volume, P132 spatiotemporally overlaps with, E92 Spacetime Volume)
(E92 Spacetime Volume, P133 is spatiotemporally separated from, E92 Spacetime Volume)
(E92 Spacetime Volume, P160 has temporal projection, E52 Time-Span)","[""E1 CRM Entity"", ""E16 Measurement"", ""E2 Temporal Entity"", ""E3 Condition State"", ""E4 Period"", ""E52 Time-Span"", ""E54 Dimension"", ""E77 Persistent Item"", ""E92 Spacetime Volume"", ""E97 Monetary Amount""]","[""P132 spatiotemporally overlaps with"", ""P133 is spatiotemporally separated from"", ""P160 has temporal projection"", ""P160i is temporal projection of"", ""P174 starts before the end of"", ""P176 starts before the start of"", ""P176i starts after the start of"", ""P191i was duration of"", ""P40 observed dimension"", ""P40i was observed in"", ""P5 consists of"", ""P5i forms part of"", ""P86 falls within"", ""P86i contains"", ""P9 consists of"", ""P9i forms part of""]","[{""characteristics"": [], ""meta"": {""object_iri"": ""http://www.cidoc-crm.org/cidoc-crm/E54_Dimension"", ""predicate_iri"": ""http://www.cidoc-crm.org/cidoc-crm/P40_observed_dimension"", ""predicate_type"": ""object"", ""subject_iri"": ""http://www.cidoc-crm.org/cidoc-crm/E16_Measurement""}, ""text"": ""E16 Measurement P40 observed dimension E54 Dimension."", ""triple"": [""E16 Measurement"", ""P40 observed dimension"", ""E54 Dimension""]}, {""characteristics"": [], ""meta"": {""object_iri"": ""http://www.cidoc-crm.org/cidoc-crm/E2_Temporal_Entity"", ""predicate_iri"": ""http://www.cidoc-crm.org/cidoc-crm/P174_starts_before_the_end_of"", ""predicate_type"": ""object"", ""subject_iri"": ""http://www.cidoc-crm.org/cidoc-crm/E2_Temporal_Entity""}, ""text"": ""E2 Temporal Entity P174 starts before the end of E2 Temporal Entity."", ""triple"": [""E2 Temporal Entity"", ""P174 starts before the end of"", ""E2 Temporal Entity""]}, {""characteristics"": [], ""meta"": {""object_iri"": ""http://www.cidoc-crm.org/cidoc-crm/E2_Temporal_Entity"", ""predicate_iri"": ""http://www.cidoc-crm.org/cidoc-crm/P176_starts_before_the_start_of"", ""predicate_type"": ""object"", ""subject_iri"": ""http://www.cidoc-crm.org/cidoc-crm/E2_Temporal_Entity""}, ""text"": ""E2 Temporal Entity P176 starts before the start of E2 Temporal Entity."", ""triple"": [""E2 Temporal Entity"", ""P176 starts before the start of"", ""E2 Temporal Entity""]}, {""characteristics"": [], ""meta"": {""object_iri"": ""http://www.cidoc-crm.org/cidoc-crm/E2_Temporal_Entity"", ""predicate_iri"": ""http://www.cidoc-crm.org/cidoc-crm/P176i_starts_after_the_start_of"", ""predicate_type"": ""object"", ""subject_iri"": ""http://www.cidoc-crm.org/cidoc-crm/E2_Temporal_Entity""}, ""text"": ""E2 Temporal Entity P176i starts after the start of E2 Temporal Entity."", ""triple"": [""E2 Temporal Entity"", ""P176i starts after the start of"", ""E2 Temporal Entity""]}, {""characteristics"": [], ""meta"": {""object_iri"": ""http://www.cidoc-crm.org/cidoc-crm/E3_Condition_State"", ""predicate_iri"": ""http://www.cidoc-crm.org/cidoc-crm/P5_consists_of"", ""predicate_type"": ""object"", ""subject_iri"": ""http://www.cidoc-crm.org/cidoc-crm/E3_Condition_State""}, ""text"": ""E3 Condition State P5 consists of E3 Condition State."", ""triple"": [""E3 Condition State"", ""P5 consists of"", ""E3 Condition State""]}, {""characteristics"": [], ""meta"": {""object_iri"": ""http://www.cidoc-crm.org/cidoc-crm/E3_Condition_State"", ""predicate_iri"": ""http://www.cidoc-crm.org/cidoc-crm/P5i_forms_part_of"", ""predicate_type"": ""object"", ""subject_iri"": ""http://www.cidoc-crm.org/cidoc-crm/E3_Condition_State""}, ""text"": ""E3 Condition State P5i forms part of E3 Condition State."", ""triple"": [""E3 Condition State"", ""P5i forms part of"", ""E3 Condition State""]}, {""characteristics"": [], ""meta"": {""object_iri"": ""http://www.cidoc-crm.org/cidoc-crm/E4_Period"", ""predicate_iri"": ""http://www.cidoc-crm.org/cidoc-crm/P9_consists_of"", ""predicate_type"": ""object"", ""subject_iri"": ""http://www.cidoc-crm.org/cidoc-crm/E4_Period""}, ""text"": ""E4 Period P9 consists of E4 Period."", ""triple"": [""E4 Period"", ""P9 consists of"", ""E4 Period""]}, {""characteristics"": [], ""meta"": {""object_iri"": ""http://www.cidoc-crm.org/cidoc-crm/E4_Period"", ""predicate_iri"": ""http://www.cidoc-crm.org/cidoc-crm/P9i_forms_part_of"", ""predicate_type"": ""object"", ""subject_iri"": ""http://www.cidoc-crm.org/cidoc-crm/E4_Period""}, ""text"": ""E4 Period P9i forms part of E4 Period."", ""triple"": [""E4 Period"", ""P9i forms part of"", ""E4 Period""]}, {""characteristics"": [], ""meta"": {""object_iri"": ""http://www.cidoc-crm.org/cidoc-crm/E92_Spacetime_Volume"", ""predicate_iri"": ""http://www.cidoc-crm.org/cidoc-crm/P160i_is_temporal_projection_of"", ""predicate_type"": ""object"", ""subject_iri"": ""http://www.cidoc-crm.org/cidoc-crm/E52_Time-Span""}, ""text"": ""E52 Time-Span P160i is temporal projection of E92 Spacetime Volume."", ""triple"": [""E52 Time-Span"", ""P160i is temporal projection of"", ""E92 Spacetime Volume""]}, {""characteristics"": [], ""meta"": {""object_iri"": ""http://www.cidoc-crm.org/cidoc-crm/E52_Time-Span"", ""predicate_iri"": ""http://www.cidoc-crm.org/cidoc-crm/P86_falls_within"", ""predicate_type"": ""object"", ""subject_iri"": ""http://www.cidoc-crm.org/cidoc-crm/E52_Time-Span""}, ""text"": ""E52 Time-Span P86 falls within E52 Time-Span."", ""triple"": [""E52 Time-Span"", ""P86 falls within"", ""E52 Time-Span""]}, {""characteristics"": [], ""meta"": {""object_iri"": ""http://www.cidoc-crm.org/cidoc-crm/E52_Time-Span"", ""predicate_iri"": ""http://www.cidoc-crm.org/cidoc-crm/P86i_contains"", ""predicate_type"": ""object"", ""subject_iri"": ""http://www.cidoc-crm.org/cidoc-crm/E52_Time-Span""}, ""text"": ""E52 Time-Span P86i contains E52 Time-Span."", ""triple"": [""E52 Time-Span"", ""P86i contains"", ""E52 Time-Span""]}, {""characteristics"": [], ""meta"": {""object_iri"": ""http://www.cidoc-crm.org/cidoc-crm/E52_Time-Span"", ""predicate_iri"": ""http://www.cidoc-crm.org/cidoc-crm/P191i_was_duration_of"", ""predicate_type"": ""object"", ""subject_iri"": ""http://www.cidoc-crm.org/cidoc-crm/E54_Dimension""}, ""text"": ""E54 Dimension P191i was duration of E52 Time-Span."", ""triple"": [""E54 Dimension"", ""P191i was duration of"", ""E52 Time-Span""]}, {""characteristics"": [], ""meta"": {""object_iri"": ""http://www.cidoc-crm.org/cidoc-crm/E16_Measurement"", ""predicate_iri"": ""http://www.cidoc-crm.org/cidoc-crm/P40i_was_observed_in"", ""predicate_type"": ""object"", ""subject_iri"": ""http://www.cidoc-crm.org/cidoc-crm/E54_Dimension""}, ""text"": ""E54 Dimension P40i was observed in E16 Measurement."", ""triple"": [""E54 Dimension"", ""P40i was observed in"", ""E16 Measurement""]}, {""characteristics"": [], ""meta"": {""object_iri"": ""http://www.cidoc-crm.org/cidoc-crm/E92_Spacetime_Volume"", ""predicate_iri"": ""http://www.cidoc-crm.org/cidoc-crm/P132_spatiotemporally_overlaps_with"", ""predicate_type"": ""object"", ""subject_iri"": ""http://www.cidoc-crm.org/cidoc-crm/E92_Spacetime_Volume""}, ""text"": ""E92 Spacetime Volume P132 spatiotemporally overlaps with E92 Spacetime Volume."", ""triple"": [""E92 Spacetime Volume"", ""P132 spatiotemporally overlaps with"", ""E92 Spacetime Volume""]}, {""characteristics"": [], ""meta"": {""object_iri"": ""http://www.cidoc-crm.org/cidoc-crm/E92_Spacetime_Volume"", ""predicate_iri"": ""http://www.cidoc-crm.org/cidoc-crm/P133_is_spatiotemporally_separated_from"", ""predicate_type"": ""object"", ""subject_iri"": ""http://www.cidoc-crm.org/cidoc-crm/E92_Spacetime_Volume""}, ""text"": ""E92 Spacetime Volume P133 is spatiotemporally separated from E92 Spacetime Volume."", ""triple"": [""E92 Spacetime Volume"", ""P133 is spatiotemporally separated from"", ""E92 Spacetime Volume""]}, {""characteristics"": [], ""meta"": {""object_iri"": ""http://www.cidoc-crm.org/cidoc-crm/E52_Time-Span"", ""predicate_iri"": ""http://www.cidoc-crm.org/cidoc-crm/P160_has_temporal_projection"", ""predicate_type"": ""object"", ""subject_iri"": ""http://www.cidoc-crm.org/cidoc-crm/E92_Spacetime_Volume""}, ""text"": ""E92 Spacetime Volume P160 has temporal projection E52 Time-Span."", ""triple"": [""E92 Spacetime Volume"", ""P160 has temporal projection"", ""E52 Time-Span""]}]",{}
L4_Arts_Media_Entertainment_Arts_Media_Entertainment_CIDOC_CRM_property_CIDOC_CRM_v7_1_3_00003,"In the CIDOC CRM ontology, given the following set of classes and properties, construct only object- and data-property relationships. Do not output subClassOf triples. Output only triples in the form (subject, predicate, object).

Classes:
- E28 Conceptual Object
- E31 Document
- E33 Linguistic Object
- E33 E41 Linguistic Appellation
- E34 Inscription
- E35 Title
- E56 Language
- E73 Information Object
- E89 Propositional Object
- E90 Symbolic Object

Object Properties:
- P106 is composed of
- P106i forms part of
- P148 has component
- P148i is component of
- P165 incorporates
- P165i is incorporated in
- P72 has language
- P72i is language of
- P73 has translation
- P73i is translation of

Data Properties:
None",,"(E33 Linguistic Object, P72 has language, E56 Language)
(E33 Linguistic Object, P73 has translation, E33 Linguistic Object)
(E33 Linguistic Object, P73i is translation of, E33 Linguistic Object)
(E56 Language, P72i is language of, E33 Linguistic Object)
(E73 Information Object, P165 incorporates, E90 Symbolic Object)
(E89 Propositional Object, P148 has component, E89 Propositional Object)
(E89 Propositional Object, P148i is component of, E89 Propositional Object)
(E90 Symbolic Object, P106 is composed of, E90 Symbolic Object)
(E90 Symbolic Object, P106i forms part of, E90 Symbolic Object)
(E90 Symbolic Object, P165i is incorporated in, E73 Information Object)",3_4,L4,Property Relation Construction,Learning,Generation,triple_f1,Arts_Media_Entertainment,Arts_Media_Entertainment/CIDOC_CRM,bench_3_4/Arts_Media_Entertainment/CIDOC_CRM/CIDOC_CRM_v7.1.3/property_CIDOC_CRM_v7.1.3.json,2,,,,"(E33 Linguistic Object, P72 has language, E56 Language)
(E33 Linguistic Object, P73 has translation, E33 Linguistic Object)
(E33 Linguistic Object, P73i is translation of, E33 Linguistic Object)
(E56 Language, P72i is language of, E33 Linguistic Object)
(E73 Information Object, P165 incorporates, E90 Symbolic Object)
(E89 Propositional Object, P148 has component, E89 Propositional Object)
(E89 Propositional Object, P148i is component of, E89 Propositional Object)
(E90 Symbolic Object, P106 is composed of, E90 Symbolic Object)
(E90 Symbolic Object, P106i forms part of, E90 Symbolic Object)
(E90 Symbolic Object, P165i is incorporated in, E73 Information Object)","[""E28 Conceptual Object"", ""E31 Document"", ""E33 Linguistic Object"", ""E33_E41 Linguistic Appellation"", ""E34 Inscription"", ""E35 Title"", ""E56 Language"", ""E73 Information Object"", ""E89 Propositional Object"", ""E90 Symbolic Object""]","[""P106 is composed of"", ""P106i forms part of"", ""P148 has component"", ""P148i is component of"", ""P165 incorporates"", ""P165i is incorporated in"", ""P72 has language"", ""P72i is language of"", ""P73 has translation"", ""P73i is translation of""]","[{""characteristics"": [], ""meta"": {""object_iri"": ""http://www.cidoc-crm.org/cidoc-crm/E56_Language"", ""predicate_iri"": ""http://www.cidoc-crm.org/cidoc-crm/P72_has_language"", ""predicate_type"": ""object"", ""subject_iri"": ""http://www.cidoc-crm.org/cidoc-crm/E33_Linguistic_Object""}, ""text"": ""E33 Linguistic Object P72 has language E56 Language."", ""triple"": [""E33 Linguistic Object"", ""P72 has language"", ""E56 Language""]}, {""characteristics"": [], ""meta"": {""object_iri"": ""http://www.cidoc-crm.org/cidoc-crm/E33_Linguistic_Object"", ""predicate_iri"": ""http://www.cidoc-crm.org/cidoc-crm/P73_has_translation"", ""predicate_type"": ""object"", ""subject_iri"": ""http://www.cidoc-crm.org/cidoc-crm/E33_Linguistic_Object""}, ""text"": ""E33 Linguistic Object P73 has translation E33 Linguistic Object."", ""triple"": [""E33 Linguistic Object"", ""P73 has translation"", ""E33 Linguistic Object""]}, {""characteristics"": [], ""meta"": {""object_iri"": ""http://www.cidoc-crm.org/cidoc-crm/E33_Linguistic_Object"", ""predicate_iri"": ""http://www.cidoc-crm.org/cidoc-crm/P73i_is_translation_of"", ""predicate_type"": ""object"", ""subject_iri"": ""http://www.cidoc-crm.org/cidoc-crm/E33_Linguistic_Object""}, ""text"": ""E33 Linguistic Object P73i is translation of E33 Linguistic Object."", ""triple"": [""E33 Linguistic Object"", ""P73i is translation of"", ""E33 Linguistic Object""]}, {""characteristics"": [], ""meta"": {""object_iri"": ""http://www.cidoc-crm.org/cidoc-crm/E33_Linguistic_Object"", ""predicate_iri"": ""http://www.cidoc-crm.org/cidoc-crm/P72i_is_language_of"", ""predicate_type"": ""object"", ""subject_iri"": ""http://www.cidoc-crm.org/cidoc-crm/E56_Language""}, ""text"": ""E56 Language P72i is language of E33 Linguistic Object."", ""triple"": [""E56 Language"", ""P72i is language of"", ""E33 Linguistic Object""]}, {""characteristics"": [], ""meta"": {""object_iri"": ""http://www.cidoc-crm.org/cidoc-crm/E90_Symbolic_Object"", ""predicate_iri"": ""http://www.cidoc-crm.org/cidoc-crm/P165_incorporates"", ""predicate_type"": ""object"", ""subject_iri"": ""http://www.cidoc-crm.org/cidoc-crm/E73_Information_Object""}, ""text"": ""E73 Information Object P165 incorporates E90 Symbolic Object."", ""triple"": [""E73 Information Object"", ""P165 incorporates"", ""E90 Symbolic Object""]}, {""characteristics"": [], ""meta"": {""object_iri"": ""http://www.cidoc-crm.org/cidoc-crm/E89_Propositional_Object"", ""predicate_iri"": ""http://www.cidoc-crm.org/cidoc-crm/P148_has_component"", ""predicate_type"": ""object"", ""subject_iri"": ""http://www.cidoc-crm.org/cidoc-crm/E89_Propositional_Object""}, ""text"": ""E89 Propositional Object P148 has component E89 Propositional Object."", ""triple"": [""E89 Propositional Object"", ""P148 has component"", ""E89 Propositional Object""]}, {""characteristics"": [], ""meta"": {""object_iri"": ""http://www.cidoc-crm.org/cidoc-crm/E89_Propositional_Object"", ""predicate_iri"": ""http://www.cidoc-crm.org/cidoc-crm/P148i_is_component_of"", ""predicate_type"": ""object"", ""subject_iri"": ""http://www.cidoc-crm.org/cidoc-crm/E89_Propositional_Object""}, ""text"": ""E89 Propositional Object P148i is component of E89 Propositional Object."", ""triple"": [""E89 Propositional Object"", ""P148i is component of"", ""E89 Propositional Object""]}, {""characteristics"": [], ""meta"": {""object_iri"": ""http://www.cidoc-crm.org/cidoc-crm/E90_Symbolic_Object"", ""predicate_iri"": ""http://www.cidoc-crm.org/cidoc-crm/P106_is_composed_of"", ""predicate_type"": ""object"", ""subject_iri"": ""http://www.cidoc-crm.org/cidoc-crm/E90_Symbolic_Object""}, ""text"": ""E90 Symbolic Object P106 is composed of E90 Symbolic Object."", ""triple"": [""E90 Symbolic Object"", ""P106 is composed of"", ""E90 Symbolic Object""]}, {""characteristics"": [], ""meta"": {""object_iri"": ""http://www.cidoc-crm.org/cidoc-crm/E90_Symbolic_Object"", ""predicate_iri"": ""http://www.cidoc-crm.org/cidoc-crm/P106i_forms_part_of"", ""predicate_type"": ""object"", ""subject_iri"": ""http://www.cidoc-crm.org/cidoc-crm/E90_Symbolic_Object""}, ""text"": ""E90 Symbolic Object P106i forms part of E90 Symbolic Object."", ""triple"": [""E90 Symbolic Object"", ""P106i forms part of"", ""E90 Symbolic Object""]}, {""characteristics"": [], ""meta"": {""object_iri"": ""http://www.cidoc-crm.org/cidoc-crm/E73_Information_Object"", ""predicate_iri"": ""http://www.cidoc-crm.org/cidoc-crm/P165i_is_incorporated_in"", ""predicate_type"": ""object"", ""subject_iri"": ""http://www.cidoc-crm.org/cidoc-crm/E90_Symbolic_Object""}, ""text"": ""E90 Symbolic Object P165i is incorporated in E73 Information Object."", ""triple"": [""E90 Symbolic Object"", ""P165i is incorporated in"", ""E73 Information Object""]}]",{}
L4_Arts_Media_Entertainment_Arts_Media_Entertainment_CIDOC_CRM_property_CIDOC_CRM_v7_1_3_00004,"In the CIDOC CRM ontology, given the following set of classes and properties, construct only object- and data-property relationships. Do not output subClassOf triples. Output only triples in the form (subject, predicate, object).

Classes:
- E1 CRM Entity
- E2 Temporal Entity
- E3 Condition State
- E4 Period
- E5 Event
- E52 Time-Span
- E54 Dimension
- E77 Persistent Item
- E92 Spacetime Volume
- E93 Presence

Object Properties:
- P12 occurred in the presence of
- P12i was present at
- P132 spatiotemporally overlaps with
- P160 has temporal projection
- P160i is temporal projection of
- P164 is temporally specified by
- P166 was a presence of
- P166i had presence
- P174 starts before the end of
- P176 starts before the start of
- P176i starts after the start of
- P191i was duration of
- P5 consists of
- P5i forms part of
- P86 falls within
- P86i contains
- P9 consists of
- P9i forms part of

Data Properties:
None",,"(E2 Temporal Entity, P174 starts before the end of, E2 Temporal Entity)
(E2 Temporal Entity, P176 starts before the start of, E2 Temporal Entity)
(E2 Temporal Entity, P176i starts after the start of, E2 Temporal Entity)
(E3 Condition State, P5 consists of, E3 Condition State)
(E3 Condition State, P5i forms part of, E3 Condition State)
(E4 Period, P9 consists of, E4 Period)
(E4 Period, P9i forms part of, E4 Period)
(E5 Event, P12 occurred in the presence of, E77 Persistent Item)
(E52 Time-Span, P160i is temporal projection of, E92 Spacetime Volume)
(E52 Time-Span, P86 falls within, E52 Time-Span)
(E52 Time-Span, P86i contains, E52 Time-Span)
(E54 Dimension, P191i was duration of, E52 Time-Span)
(E77 Persistent Item, P12i was present at, E5 Event)
(E92 Spacetime Volume, P132 spatiotemporally overlaps with, E92 Spacetime Volume)
(E92 Spacetime Volume, P160 has temporal projection, E52 Time-Span)
(E92 Spacetime Volume, P166i had presence, E93 Presence)
(E93 Presence, P164 is temporally specified by, E52 Time-Span)
(E93 Presence, P166 was a presence of, E92 Spacetime Volume)",3_4,L4,Property Relation Construction,Learning,Generation,triple_f1,Arts_Media_Entertainment,Arts_Media_Entertainment/CIDOC_CRM,bench_3_4/Arts_Media_Entertainment/CIDOC_CRM/CIDOC_CRM_v7.1.3/property_CIDOC_CRM_v7.1.3.json,3,,,,"(E2 Temporal Entity, P174 starts before the end of, E2 Temporal Entity)
(E2 Temporal Entity, P176 starts before the start of, E2 Temporal Entity)
(E2 Temporal Entity, P176i starts after the start of, E2 Temporal Entity)
(E3 Condition State, P5 consists of, E3 Condition State)
(E3 Condition State, P5i forms part of, E3 Condition State)
(E4 Period, P9 consists of, E4 Period)
(E4 Period, P9i forms part of, E4 Period)
(E5 Event, P12 occurred in the presence of, E77 Persistent Item)
(E52 Time-Span, P160i is temporal projection of, E92 Spacetime Volume)
(E52 Time-Span, P86 falls within, E52 Time-Span)
(E52 Time-Span, P86i contains, E52 Time-Span)
(E54 Dimension, P191i was duration of, E52 Time-Span)
(E77 Persistent Item, P12i was present at, E5 Event)
(E92 Spacetime Volume, P132 spatiotemporally overlaps with, E92 Spacetime Volume)
(E92 Spacetime Volume, P160 has temporal projection, E52 Time-Span)
(E92 Spacetime Volume, P166i had presence, E93 Presence)
(E93 Presence, P164 is temporally specified by, E52 Time-Span)
(E93 Presence, P166 was a presence of, E92 Spacetime Volume)","[""E1 CRM Entity"", ""E2 Temporal Entity"", ""E3 Condition State"", ""E4 Period"", ""E5 Event"", ""E52 Time-Span"", ""E54 Dimension"", ""E77 Persistent Item"", ""E92 Spacetime Volume"", ""E93 Presence""]","[""P12 occurred in the presence of"", ""P12i was present at"", ""P132 spatiotemporally overlaps with"", ""P160 has temporal projection"", ""P160i is temporal projection of"", ""P164 is temporally specified by"", ""P166 was a presence of"", ""P166i had presence"", ""P174 starts before the end of"", ""P176 starts before the start of"", ""P176i starts after the start of"", ""P191i was duration of"", ""P5 consists of"", ""P5i forms part of"", ""P86 falls within"", ""P86i contains"", ""P9 consists of"", ""P9i forms part of""]","[{""characteristics"": [], ""meta"": {""object_iri"": ""http://www.cidoc-crm.org/cidoc-crm/E2_Temporal_Entity"", ""predicate_iri"": ""http://www.cidoc-crm.org/cidoc-crm/P174_starts_before_the_end_of"", ""predicate_type"": ""object"", ""subject_iri"": ""http://www.cidoc-crm.org/cidoc-crm/E2_Temporal_Entity""}, ""text"": ""E2 Temporal Entity P174 starts before the end of E2 Temporal Entity."", ""triple"": [""E2 Temporal Entity"", ""P174 starts before the end of"", ""E2 Temporal Entity""]}, {""characteristics"": [], ""meta"": {""object_iri"": ""http://www.cidoc-crm.org/cidoc-crm/E2_Temporal_Entity"", ""predicate_iri"": ""http://www.cidoc-crm.org/cidoc-crm/P176_starts_before_the_start_of"", ""predicate_type"": ""object"", ""subject_iri"": ""http://www.cidoc-crm.org/cidoc-crm/E2_Temporal_Entity""}, ""text"": ""E2 Temporal Entity P176 starts before the start of E2 Temporal Entity."", ""triple"": [""E2 Temporal Entity"", ""P176 starts before the start of"", ""E2 Temporal Entity""]}, {""characteristics"": [], ""meta"": {""object_iri"": ""http://www.cidoc-crm.org/cidoc-crm/E2_Temporal_Entity"", ""predicate_iri"": ""http://www.cidoc-crm.org/cidoc-crm/P176i_starts_after_the_start_of"", ""predicate_type"": ""object"", ""subject_iri"": ""http://www.cidoc-crm.org/cidoc-crm/E2_Temporal_Entity""}, ""text"": ""E2 Temporal Entity P176i starts after the start of E2 Temporal Entity."", ""triple"": [""E2 Temporal Entity"", ""P176i starts after the start of"", ""E2 Temporal Entity""]}, {""characteristics"": [], ""meta"": {""object_iri"": ""http://www.cidoc-crm.org/cidoc-crm/E3_Condition_State"", ""predicate_iri"": ""http://www.cidoc-crm.org/cidoc-crm/P5_consists_of"", ""predicate_type"": ""object"", ""subject_iri"": ""http://www.cidoc-crm.org/cidoc-crm/E3_Condition_State""}, ""text"": ""E3 Condition State P5 consists of E3 Condition State."", ""triple"": [""E3 Condition State"", ""P5 consists of"", ""E3 Condition State""]}, {""characteristics"": [], ""meta"": {""object_iri"": ""http://www.cidoc-crm.org/cidoc-crm/E3_Condition_State"", ""predicate_iri"": ""http://www.cidoc-crm.org/cidoc-crm/P5i_forms_part_of"", ""predicate_type"": ""object"", ""subject_iri"": ""http://www.cidoc-crm.org/cidoc-crm/E3_Condition_State""}, ""text"": ""E3 Condition State P5i forms part of E3 Condition State."", ""triple"": [""E3 Condition State"", ""P5i forms part of"", ""E3 Condition State""]}, {""characteristics"": [], ""meta"": {""object_iri"": ""http://www.cidoc-crm.org/cidoc-crm/E4_Period"", ""predicate_iri"": ""http://www.cidoc-crm.org/cidoc-crm/P9_consists_of"", ""predicate_type"": ""object"", ""subject_iri"": ""http://www.cidoc-crm.org/cidoc-crm/E4_Period""}, ""text"": ""E4 Period P9 consists of E4 Period."", ""triple"": [""E4 Period"", ""P9 consists of"", ""E4 Period""]}, {""characteristics"": [], ""meta"": {""object_iri"": ""http://www.cidoc-crm.org/cidoc-crm/E4_Period"", ""predicate_iri"": ""http://www.cidoc-crm.org/cidoc-crm/P9i_forms_part_of"", ""predicate_type"": ""object"", ""subject_iri"": ""http://www.cidoc-crm.org/cidoc-crm/E4_Period""}, ""text"": ""E4 Period P9i forms part of E4 Period."", ""triple"": [""E4 Period"", ""P9i forms part of"", ""E4 Period""]}, {""characteristics"": [], ""meta"": {""object_iri"": ""http://www.cidoc-crm.org/cidoc-crm/E77_Persistent_Item"", ""predicate_iri"": ""http://www.cidoc-crm.org/cidoc-crm/P12_occurred_in_the_presence_of"", ""predicate_type"": ""object"", ""subject_iri"": ""http://www.cidoc-crm.org/cidoc-crm/E5_Event""}, ""text"": ""E5 Event P12 occurred in the presence of E77 Persistent Item."", ""triple"": [""E5 Event"", ""P12 occurred in the presence of"", ""E77 Persistent Item""]}, {""characteristics"": [], ""meta"": {""object_iri"": ""http://www.cidoc-crm.org/cidoc-crm/E92_Spacetime_Volume"", ""predicate_iri"": ""http://www.cidoc-crm.org/cidoc-crm/P160i_is_temporal_projection_of"", ""predicate_type"": ""object"", ""subject_iri"": ""http://www.cidoc-crm.org/cidoc-crm/E52_Time-Span""}, ""text"": ""E52 Time-Span P160i is temporal projection of E92 Spacetime Volume."", ""triple"": [""E52 Time-Span"", ""P160i is temporal projection of"", ""E92 Spacetime Volume""]}, {""characteristics"": [], ""meta"": {""object_iri"": ""http://www.cidoc-crm.org/cidoc-crm/E52_Time-Span"", ""predicate_iri"": ""http://www.cidoc-crm.org/cidoc-crm/P86_falls_within"", ""predicate_type"": ""object"", ""subject_iri"": ""http://www.cidoc-crm.org/cidoc-crm/E52_Time-Span""}, ""text"": ""E52 Time-Span P86 falls within E52 Time-Span."", ""triple"": [""E52 Time-Span"", ""P86 falls within"", ""E52 Time-Span""]}, {""characteristics"": [], ""meta"": {""object_iri"": ""http://www.cidoc-crm.org/cidoc-crm/E52_Time-Span"", ""predicate_iri"": ""http://www.cidoc-crm.org/cidoc-crm/P86i_contains"", ""predicate_type"": ""object"", ""subject_iri"": ""http://www.cidoc-crm.org/cidoc-crm/E52_Time-Span""}, ""text"": ""E52 Time-Span P86i contains E52 Time-Span."", ""triple"": [""E52 Time-Span"", ""P86i contains"", ""E52 Time-Span""]}, {""characteristics"": [], ""meta"": {""object_iri"": ""http://www.cidoc-crm.org/cidoc-crm/E52_Time-Span"", ""predicate_iri"": ""http://www.cidoc-crm.org/cidoc-crm/P191i_was_duration_of"", ""predicate_type"": ""object"", ""subject_iri"": ""http://www.cidoc-crm.org/cidoc-crm/E54_Dimension""}, ""text"": ""E54 Dimension P191i was duration of E52 Time-Span."", ""triple"": [""E54 Dimension"", ""P191i was duration of"", ""E52 Time-Span""]}, {""characteristics"": [], ""meta"": {""object_iri"": ""http://www.cidoc-crm.org/cidoc-crm/E5_Event"", ""predicate_iri"": ""http://www.cidoc-crm.org/cidoc-crm/P12i_was_present_at"", ""predicate_type"": ""object"", ""subject_iri"": ""http://www.cidoc-crm.org/cidoc-crm/E77_Persistent_Item""}, ""text"": ""E77 Persistent Item P12i was present at E5 Event."", ""triple"": [""E77 Persistent Item"", ""P12i was present at"", ""E5 Event""]}, {""characteristics"": [], ""meta"": {""object_iri"": ""http://www.cidoc-crm.org/cidoc-crm/E92_Spacetime_Volume"", ""predicate_iri"": ""http://www.cidoc-crm.org/cidoc-crm/P132_spatiotemporally_overlaps_with"", ""predicate_type"": ""object"", ""subject_iri"": ""http://www.cidoc-crm.org/cidoc-crm/E92_Spacetime_Volume""}, ""text"": ""E92 Spacetime Volume P132 spatiotemporally overlaps with E92 Spacetime Volume."", ""triple"": [""E92 Spacetime Volume"", ""P132 spatiotemporally overlaps with"", ""E92 Spacetime Volume""]}, {""characteristics"": [], ""meta"": {""object_iri"": ""http://www.cidoc-crm.org/cidoc-crm/E52_Time-Span"", ""predicate_iri"": ""http://www.cidoc-crm.org/cidoc-crm/P160_has_temporal_projection"", ""predicate_type"": ""object"", ""subject_iri"": ""http://www.cidoc-crm.org/cidoc-crm/E92_Spacetime_Volume""}, ""text"": ""E92 Spacetime Volume P160 has temporal projection E52 Time-Span."", ""triple"": [""E92 Spacetime Volume"", ""P160 has temporal projection"", ""E52 Time-Span""]}, {""characteristics"": [], ""meta"": {""object_iri"": ""http://www.cidoc-crm.org/cidoc-crm/E93_Presence"", ""predicate_iri"": ""http://www.cidoc-crm.org/cidoc-crm/P166i_had_presence"", ""predicate_type"": ""object"", ""subject_iri"": ""http://www.cidoc-crm.org/cidoc-crm/E92_Spacetime_Volume""}, ""text"": ""E92 Spacetime Volume P166i had presence E93 Presence."", ""triple"": [""E92 Spacetime Volume"", ""P166i had presence"", ""E93 Presence""]}, {""characteristics"": [], ""meta"": {""object_iri"": ""http://www.cidoc-crm.org/cidoc-crm/E52_Time-Span"", ""predicate_iri"": ""http://www.cidoc-crm.org/cidoc-crm/P164_is_temporally_specified_by"", ""predicate_type"": ""object"", ""subject_iri"": ""http://www.cidoc-crm.org/cidoc-crm/E93_Presence""}, ""text"": ""E93 Presence P164 is temporally specified by E52 Time-Span."", ""triple"": [""E93 Presence"", ""P164 is temporally specified by"", ""E52 Time-Span""]}, {""characteristics"": [], ""meta"": {""object_iri"": ""http://www.cidoc-crm.org/cidoc-crm/E92_Spacetime_Volume"", ""predicate_iri"": ""http://www.cidoc-crm.org/cidoc-crm/P166_was_a_presence_of"", ""predicate_type"": ""object"", ""subject_iri"": ""http://www.cidoc-crm.org/cidoc-crm/E93_Presence""}, ""text"": ""E93 Presence P166 was a presence of E92 Spacetime Volume."", ""triple"": [""E93 Presence"", ""P166 was a presence of"", ""E92 Spacetime Volume""]}]",{}
L4_Arts_Media_Entertainment_Arts_Media_Entertainment_CIDOC_CRM_property_CIDOC_CRM_v7_1_3_00005,"In the CIDOC CRM ontology, given the following set of classes and properties, construct only object- and data-property relationships. Do not output subClassOf triples. Output only triples in the form (subject, predicate, object).

Classes:
- E1 CRM Entity
- E18 Physical Thing
- E19 Physical Object
- E22 Human-Made Object
- E24 Physical Human-Made Thing
- E25 Human-Made Feature
- E70 Thing
- E71 Human-Made Thing
- E72 Legal Object
- E78 Curated Holding

Object Properties:
- P130 shows features of
- P130i features are also found on
- P198 holds or supports
- P198i is held or supported by
- P46 is composed of
- P62 depicts
- P62i is depicted by

Data Properties:
None",,"(E1 CRM Entity, P62i is depicted by, E24 Physical Human-Made Thing)
(E18 Physical Thing, P198 holds or supports, E18 Physical Thing)
(E18 Physical Thing, P198i is held or supported by, E18 Physical Thing)
(E18 Physical Thing, P46 is composed of, E18 Physical Thing)
(E24 Physical Human-Made Thing, P62 depicts, E1 CRM Entity)
(E70 Thing, P130 shows features of, E70 Thing)
(E70 Thing, P130i features are also found on, E70 Thing)",3_4,L4,Property Relation Construction,Learning,Generation,triple_f1,Arts_Media_Entertainment,Arts_Media_Entertainment/CIDOC_CRM,bench_3_4/Arts_Media_Entertainment/CIDOC_CRM/CIDOC_CRM_v7.1.3/property_CIDOC_CRM_v7.1.3.json,4,,,,"(E1 CRM Entity, P62i is depicted by, E24 Physical Human-Made Thing)
(E18 Physical Thing, P198 holds or supports, E18 Physical Thing)
(E18 Physical Thing, P198i is held or supported by, E18 Physical Thing)
(E18 Physical Thing, P46 is composed of, E18 Physical Thing)
(E24 Physical Human-Made Thing, P62 depicts, E1 CRM Entity)
(E70 Thing, P130 shows features of, E70 Thing)
(E70 Thing, P130i features are also found on, E70 Thing)","[""E1 CRM Entity"", ""E18 Physical Thing"", ""E19 Physical Object"", ""E22 Human-Made Object"", ""E24 Physical Human-Made Thing"", ""E25 Human-Made Feature"", ""E70 Thing"", ""E71 Human-Made Thing"", ""E72 Legal Object"", ""E78 Curated Holding""]","[""P130 shows features of"", ""P130i features are also found on"", ""P198 holds or supports"", ""P198i is held or supported by"", ""P46 is composed of"", ""P62 depicts"", ""P62i is depicted by""]","[{""characteristics"": [], ""meta"": {""object_iri"": ""http://www.cidoc-crm.org/cidoc-crm/E24_Physical_Human-Made_Thing"", ""predicate_iri"": ""http://www.cidoc-crm.org/cidoc-crm/P62i_is_depicted_by"", ""predicate_type"": ""object"", ""subject_iri"": ""http://www.cidoc-crm.org/cidoc-crm/E1_CRM_Entity""}, ""text"": ""E1 CRM Entity P62i is depicted by E24 Physical Human-Made Thing."", ""triple"": [""E1 CRM Entity"", ""P62i is depicted by"", ""E24 Physical Human-Made Thing""]}, {""characteristics"": [], ""meta"": {""object_iri"": ""http://www.cidoc-crm.org/cidoc-crm/E18_Physical_Thing"", ""predicate_iri"": ""http://www.cidoc-crm.org/cidoc-crm/P198_holds_or_supports"", ""predicate_type"": ""object"", ""subject_iri"": ""http://www.cidoc-crm.org/cidoc-crm/E18_Physical_Thing""}, ""text"": ""E18 Physical Thing P198 holds or supports E18 Physical Thing."", ""triple"": [""E18 Physical Thing"", ""P198 holds or supports"", ""E18 Physical Thing""]}, {""characteristics"": [], ""meta"": {""object_iri"": ""http://www.cidoc-crm.org/cidoc-crm/E18_Physical_Thing"", ""predicate_iri"": ""http://www.cidoc-crm.org/cidoc-crm/P198i_is_held_or_supported_by"", ""predicate_type"": ""object"", ""subject_iri"": ""http://www.cidoc-crm.org/cidoc-crm/E18_Physical_Thing""}, ""text"": ""E18 Physical Thing P198i is held or supported by E18 Physical Thing."", ""triple"": [""E18 Physical Thing"", ""P198i is held or supported by"", ""E18 Physical Thing""]}, {""characteristics"": [], ""meta"": {""object_iri"": ""http://www.cidoc-crm.org/cidoc-crm/E18_Physical_Thing"", ""predicate_iri"": ""http://www.cidoc-crm.org/cidoc-crm/P46_is_composed_of"", ""predicate_type"": ""object"", ""subject_iri"": ""http://www.cidoc-crm.org/cidoc-crm/E18_Physical_Thing""}, ""text"": ""E18 Physical Thing P46 is composed of E18 Physical Thing."", ""triple"": [""E18 Physical Thing"", ""P46 is composed of"", ""E18 Physical Thing""]}, {""characteristics"": [], ""meta"": {""object_iri"": ""http://www.cidoc-crm.org/cidoc-crm/E1_CRM_Entity"", ""predicate_iri"": ""http://www.cidoc-crm.org/cidoc-crm/P62_depicts"", ""predicate_type"": ""object"", ""subject_iri"": ""http://www.cidoc-crm.org/cidoc-crm/E24_Physical_Human-Made_Thing""}, ""text"": ""E24 Physical Human-Made Thing P62 depicts E1 CRM Entity."", ""triple"": [""E24 Physical Human-Made Thing"", ""P62 depicts"", ""E1 CRM Entity""]}, {""characteristics"": [], ""meta"": {""object_iri"": ""http://www.cidoc-crm.org/cidoc-crm/E70_Thing"", ""predicate_iri"": ""http://www.cidoc-crm.org/cidoc-crm/P130_shows_features_of"", ""predicate_type"": ""object"", ""subject_iri"": ""http://www.cidoc-crm.org/cidoc-crm/E70_Thing""}, ""text"": ""E70 Thing P130 shows features of E70 Thing."", ""triple"": [""E70 Thing"", ""P130 shows features of"", ""E70 Thing""]}, {""characteristics"": [], ""meta"": {""object_iri"": ""http://www.cidoc-crm.org/cidoc-crm/E70_Thing"", ""predicate_iri"": ""http://www.cidoc-crm.org/cidoc-crm/P130i_features_are_also_found_on"", ""predicate_type"": ""object"", ""subject_iri"": ""http://www.cidoc-crm.org/cidoc-crm/E70_Thing""}, ""text"": ""E70 Thing P130i features are also found on E70 Thing."", ""triple"": [""E70 Thing"", ""P130i features are also found on"", ""E70 Thing""]}]",{}
L4_Arts_Media_Entertainment_Arts_Media_Entertainment_CIDOC_CRM_property_CIDOC_CRM_v7_1_3_00006,"In the CIDOC CRM ontology, given the following set of classes and properties, construct only object- and data-property relationships. Do not output subClassOf triples. Output only triples in the form (subject, predicate, object).

Classes:
- E28 Conceptual Object
- E31 Document
- E33 Linguistic Object
- E41 Appellation
- E70 Thing
- E71 Human-Made Thing
- E72 Legal Object
- E73 Information Object
- E89 Propositional Object
- E90 Symbolic Object

Object Properties:
- P106 is composed of
- P106i forms part of
- P130 shows features of
- P130i features are also found on
- P139 has alternative form
- P139i is alternative form of
- P148 has component
- P148i is component of
- P165 incorporates
- P165i is incorporated in
- P73 has translation
- P73i is translation of

Data Properties:
None",,"(E33 Linguistic Object, P73 has translation, E33 Linguistic Object)
(E33 Linguistic Object, P73i is translation of, E33 Linguistic Object)
(E41 Appellation, P139 has alternative form, E41 Appellation)
(E41 Appellation, P139i is alternative form of, E41 Appellation)
(E70 Thing, P130 shows features of, E70 Thing)
(E70 Thing, P130i features are also found on, E70 Thing)
(E73 Information Object, P165 incorporates, E90 Symbolic Object)
(E89 Propositional Object, P148 has component, E89 Propositional Object)
(E89 Propositional Object, P148i is component of, E89 Propositional Object)
(E90 Symbolic Object, P106 is composed of, E90 Symbolic Object)
(E90 Symbolic Object, P106i forms part of, E90 Symbolic Object)
(E90 Symbolic Object, P165i is incorporated in, E73 Information Object)",3_4,L4,Property Relation Construction,Learning,Generation,triple_f1,Arts_Media_Entertainment,Arts_Media_Entertainment/CIDOC_CRM,bench_3_4/Arts_Media_Entertainment/CIDOC_CRM/CIDOC_CRM_v7.1.3/property_CIDOC_CRM_v7.1.3.json,5,,,,"(E33 Linguistic Object, P73 has translation, E33 Linguistic Object)
(E33 Linguistic Object, P73i is translation of, E33 Linguistic Object)
(E41 Appellation, P139 has alternative form, E41 Appellation)
(E41 Appellation, P139i is alternative form of, E41 Appellation)
(E70 Thing, P130 shows features of, E70 Thing)
(E70 Thing, P130i features are also found on, E70 Thing)
(E73 Information Object, P165 incorporates, E90 Symbolic Object)
(E89 Propositional Object, P148 has component, E89 Propositional Object)
(E89 Propositional Object, P148i is component of, E89 Propositional Object)
(E90 Symbolic Object, P106 is composed of, E90 Symbolic Object)
(E90 Symbolic Object, P106i forms part of, E90 Symbolic Object)
(E90 Symbolic Object, P165i is incorporated in, E73 Information Object)","[""E28 Conceptual Object"", ""E31 Document"", ""E33 Linguistic Object"", ""E41 Appellation"", ""E70 Thing"", ""E71 Human-Made Thing"", ""E72 Legal Object"", ""E73 Information Object"", ""E89 Propositional Object"", ""E90 Symbolic Object""]","[""P106 is composed of"", ""P106i forms part of"", ""P130 shows features of"", ""P130i features are also found on"", ""P139 has alternative form"", ""P139i is alternative form of"", ""P148 has component"", ""P148i is component of"", ""P165 incorporates"", ""P165i is incorporated in"", ""P73 has translation"", ""P73i is translation of""]","[{""characteristics"": [], ""meta"": {""object_iri"": ""http://www.cidoc-crm.org/cidoc-crm/E33_Linguistic_Object"", ""predicate_iri"": ""http://www.cidoc-crm.org/cidoc-crm/P73_has_translation"", ""predicate_type"": ""object"", ""subject_iri"": ""http://www.cidoc-crm.org/cidoc-crm/E33_Linguistic_Object""}, ""text"": ""E33 Linguistic Object P73 has translation E33 Linguistic Object."", ""triple"": [""E33 Linguistic Object"", ""P73 has translation"", ""E33 Linguistic Object""]}, {""characteristics"": [], ""meta"": {""object_iri"": ""http://www.cidoc-crm.org/cidoc-crm/E33_Linguistic_Object"", ""predicate_iri"": ""http://www.cidoc-crm.org/cidoc-crm/P73i_is_translation_of"", ""predicate_type"": ""object"", ""subject_iri"": ""http://www.cidoc-crm.org/cidoc-crm/E33_Linguistic_Object""}, ""text"": ""E33 Linguistic Object P73i is translation of E33 Linguistic Object."", ""triple"": [""E33 Linguistic Object"", ""P73i is translation of"", ""E33 Linguistic Object""]}, {""characteristics"": [], ""meta"": {""object_iri"": ""http://www.cidoc-crm.org/cidoc-crm/E41_Appellation"", ""predicate_iri"": ""http://www.cidoc-crm.org/cidoc-crm/P139_has_alternative_form"", ""predicate_type"": ""object"", ""subject_iri"": ""http://www.cidoc-crm.org/cidoc-crm/E41_Appellation""}, ""text"": ""E41 Appellation P139 has alternative form E41 Appellation."", ""triple"": [""E41 Appellation"", ""P139 has alternative form"", ""E41 Appellation""]}, {""characteristics"": [], ""meta"": {""object_iri"": ""http://www.cidoc-crm.org/cidoc-crm/E41_Appellation"", ""predicate_iri"": ""http://www.cidoc-crm.org/cidoc-crm/P139i_is_alternative_form_of"", ""predicate_type"": ""object"", ""subject_iri"": ""http://www.cidoc-crm.org/cidoc-crm/E41_Appellation""}, ""text"": ""E41 Appellation P139i is alternative form of E41 Appellation."", ""triple"": [""E41 Appellation"", ""P139i is alternative form of"", ""E41 Appellation""]}, {""characteristics"": [], ""meta"": {""object_iri"": ""http://www.cidoc-crm.org/cidoc-crm/E70_Thing"", ""predicate_iri"": ""http://www.cidoc-crm.org/cidoc-crm/P130_shows_features_of"", ""predicate_type"": ""object"", ""subject_iri"": ""http://www.cidoc-crm.org/cidoc-crm/E70_Thing""}, ""text"": ""E70 Thing P130 shows features of E70 Thing."", ""triple"": [""E70 Thing"", ""P130 shows features of"", ""E70 Thing""]}, {""characteristics"": [], ""meta"": {""object_iri"": ""http://www.cidoc-crm.org/cidoc-crm/E70_Thing"", ""predicate_iri"": ""http://www.cidoc-crm.org/cidoc-crm/P130i_features_are_also_found_on"", ""predicate_type"": ""object"", ""subject_iri"": ""http://www.cidoc-crm.org/cidoc-crm/E70_Thing""}, ""text"": ""E70 Thing P130i features are also found on E70 Thing."", ""triple"": [""E70 Thing"", ""P130i features are also found on"", ""E70 Thing""]}, {""characteristics"": [], ""meta"": {""object_iri"": ""http://www.cidoc-crm.org/cidoc-crm/E90_Symbolic_Object"", ""predicate_iri"": ""http://www.cidoc-crm.org/cidoc-crm/P165_incorporates"", ""predicate_type"": ""object"", ""subject_iri"": ""http://www.cidoc-crm.org/cidoc-crm/E73_Information_Object""}, ""text"": ""E73 Information Object P165 incorporates E90 Symbolic Object."", ""triple"": [""E73 Information Object"", ""P165 incorporates"", ""E90 Symbolic Object""]}, {""characteristics"": [], ""meta"": {""object_iri"": ""http://www.cidoc-crm.org/cidoc-crm/E89_Propositional_Object"", ""predicate_iri"": ""http://www.cidoc-crm.org/cidoc-crm/P148_has_component"", ""predicate_type"": ""object"", ""subject_iri"": ""http://www.cidoc-crm.org/cidoc-crm/E89_Propositional_Object""}, ""text"": ""E89 Propositional Object P148 has component E89 Propositional Object."", ""triple"": [""E89 Propositional Object"", ""P148 has component"", ""E89 Propositional Object""]}, {""characteristics"": [], ""meta"": {""object_iri"": ""http://www.cidoc-crm.org/cidoc-crm/E89_Propositional_Object"", ""predicate_iri"": ""http://www.cidoc-crm.org/cidoc-crm/P148i_is_component_of"", ""predicate_type"": ""object"", ""subject_iri"": ""http://www.cidoc-crm.org/cidoc-crm/E89_Propositional_Object""}, ""text"": ""E89 Propositional Object P148i is component of E89 Propositional Object."", ""triple"": [""E89 Propositional Object"", ""P148i is component of"", ""E89 Propositional Object""]}, {""characteristics"": [], ""meta"": {""object_iri"": ""http://www.cidoc-crm.org/cidoc-crm/E90_Symbolic_Object"", ""predicate_iri"": ""http://www.cidoc-crm.org/cidoc-crm/P106_is_composed_of"", ""predicate_type"": ""object"", ""subject_iri"": ""http://www.cidoc-crm.org/cidoc-crm/E90_Symbolic_Object""}, ""text"": ""E90 Symbolic Object P106 is composed of E90 Symbolic Object."", ""triple"": [""E90 Symbolic Object"", ""P106 is composed of"", ""E90 Symbolic Object""]}, {""characteristics"": [], ""meta"": {""object_iri"": ""http://www.cidoc-crm.org/cidoc-crm/E90_Symbolic_Object"", ""predicate_iri"": ""http://www.cidoc-crm.org/cidoc-crm/P106i_forms_part_of"", ""predicate_type"": ""object"", ""subject_iri"": ""http://www.cidoc-crm.org/cidoc-crm/E90_Symbolic_Object""}, ""text"": ""E90 Symbolic Object P106i forms part of E90 Symbolic Object."", ""triple"": [""E90 Symbolic Object"", ""P106i forms part of"", ""E90 Symbolic Object""]}, {""characteristics"": [], ""meta"": {""object_iri"": ""http://www.cidoc-crm.org/cidoc-crm/E73_Information_Object"", ""predicate_iri"": ""http://www.cidoc-crm.org/cidoc-crm/P165i_is_incorporated_in"", ""predicate_type"": ""object"", ""subject_iri"": ""http://www.cidoc-crm.org/cidoc-crm/E90_Symbolic_Object""}, ""text"": ""E90 Symbolic Object P165i is incorporated in E73 Information Object."", ""triple"": [""E90 Symbolic Object"", ""P165i is incorporated in"", ""E73 Information Object""]}]",{}
L4_Arts_Media_Entertainment_Arts_Media_Entertainment_CIDOC_CRM_property_CIDOC_CRM_v7_1_3_00007,"In the CIDOC CRM ontology, given the following set of classes and properties, construct only object- and data-property relationships. Do not output subClassOf triples. Output only triples in the form (subject, predicate, object).

Classes:
- E21 Person
- E4 Period
- E5 Event
- E6 Destruction
- E63 Beginning of Existence
- E64 End of Existence
- E68 Dissolution
- E69 Death
- E7 Activity
- E81 Transformation

Object Properties:
- P100 was death of
- P100i died in
- P134 continued
- P134i was continued by
- P152 has parent
- P152i is parent of
- P20 had specific purpose
- P20i was purpose of
- P9 consists of
- P9i forms part of

Data Properties:
None",,"(E21 Person, P100i died in, E69 Death)
(E21 Person, P152 has parent, E21 Person)
(E21 Person, P152i is parent of, E21 Person)
(E4 Period, P9 consists of, E4 Period)
(E4 Period, P9i forms part of, E4 Period)
(E5 Event, P20i was purpose of, E7 Activity)
(E69 Death, P100 was death of, E21 Person)
(E7 Activity, P134 continued, E7 Activity)
(E7 Activity, P134i was continued by, E7 Activity)
(E7 Activity, P20 had specific purpose, E5 Event)",3_4,L4,Property Relation Construction,Learning,Generation,triple_f1,Arts_Media_Entertainment,Arts_Media_Entertainment/CIDOC_CRM,bench_3_4/Arts_Media_Entertainment/CIDOC_CRM/CIDOC_CRM_v7.1.3/property_CIDOC_CRM_v7.1.3.json,6,,,,"(E21 Person, P100i died in, E69 Death)
(E21 Person, P152 has parent, E21 Person)
(E21 Person, P152i is parent of, E21 Person)
(E4 Period, P9 consists of, E4 Period)
(E4 Period, P9i forms part of, E4 Period)
(E5 Event, P20i was purpose of, E7 Activity)
(E69 Death, P100 was death of, E21 Person)
(E7 Activity, P134 continued, E7 Activity)
(E7 Activity, P134i was continued by, E7 Activity)
(E7 Activity, P20 had specific purpose, E5 Event)","[""E21 Person"", ""E4 Period"", ""E5 Event"", ""E6 Destruction"", ""E63 Beginning of Existence"", ""E64 End of Existence"", ""E68 Dissolution"", ""E69 Death"", ""E7 Activity"", ""E81 Transformation""]","[""P100 was death of"", ""P100i died in"", ""P134 continued"", ""P134i was continued by"", ""P152 has parent"", ""P152i is parent of"", ""P20 had specific purpose"", ""P20i was purpose of"", ""P9 consists of"", ""P9i forms part of""]","[{""characteristics"": [], ""meta"": {""object_iri"": ""http://www.cidoc-crm.org/cidoc-crm/E69_Death"", ""predicate_iri"": ""http://www.cidoc-crm.org/cidoc-crm/P100i_died_in"", ""predicate_type"": ""object"", ""subject_iri"": ""http://www.cidoc-crm.org/cidoc-crm/E21_Person""}, ""text"": ""E21 Person P100i died in E69 Death."", ""triple"": [""E21 Person"", ""P100i died in"", ""E69 Death""]}, {""characteristics"": [], ""meta"": {""object_iri"": ""http://www.cidoc-crm.org/cidoc-crm/E21_Person"", ""predicate_iri"": ""http://www.cidoc-crm.org/cidoc-crm/P152_has_parent"", ""predicate_type"": ""object"", ""subject_iri"": ""http://www.cidoc-crm.org/cidoc-crm/E21_Person""}, ""text"": ""E21 Person P152 has parent E21 Person."", ""triple"": [""E21 Person"", ""P152 has parent"", ""E21 Person""]}, {""characteristics"": [], ""meta"": {""object_iri"": ""http://www.cidoc-crm.org/cidoc-crm/E21_Person"", ""predicate_iri"": ""http://www.cidoc-crm.org/cidoc-crm/P152i_is_parent_of"", ""predicate_type"": ""object"", ""subject_iri"": ""http://www.cidoc-crm.org/cidoc-crm/E21_Person""}, ""text"": ""E21 Person P152i is parent of E21 Person."", ""triple"": [""E21 Person"", ""P152i is parent of"", ""E21 Person""]}, {""characteristics"": [], ""meta"": {""object_iri"": ""http://www.cidoc-crm.org/cidoc-crm/E4_Period"", ""predicate_iri"": ""http://www.cidoc-crm.org/cidoc-crm/P9_consists_of"", ""predicate_type"": ""object"", ""subject_iri"": ""http://www.cidoc-crm.org/cidoc-crm/E4_Period""}, ""text"": ""E4 Period P9 consists of E4 Period."", ""triple"": [""E4 Period"", ""P9 consists of"", ""E4 Period""]}, {""characteristics"": [], ""meta"": {""object_iri"": ""http://www.cidoc-crm.org/cidoc-crm/E4_Period"", ""predicate_iri"": ""http://www.cidoc-crm.org/cidoc-crm/P9i_forms_part_of"", ""predicate_type"": ""object"", ""subject_iri"": ""http://www.cidoc-crm.org/cidoc-crm/E4_Period""}, ""text"": ""E4 Period P9i forms part of E4 Period."", ""triple"": [""E4 Period"", ""P9i forms part of"", ""E4 Period""]}, {""characteristics"": [], ""meta"": {""object_iri"": ""http://www.cidoc-crm.org/cidoc-crm/E7_Activity"", ""predicate_iri"": ""http://www.cidoc-crm.org/cidoc-crm/P20i_was_purpose_of"", ""predicate_type"": ""object"", ""subject_iri"": ""http://www.cidoc-crm.org/cidoc-crm/E5_Event""}, ""text"": ""E5 Event P20i was purpose of E7 Activity."", ""triple"": [""E5 Event"", ""P20i was purpose of"", ""E7 Activity""]}, {""characteristics"": [], ""meta"": {""object_iri"": ""http://www.cidoc-crm.org/cidoc-crm/E21_Person"", ""predicate_iri"": ""http://www.cidoc-crm.org/cidoc-crm/P100_was_death_of"", ""predicate_type"": ""object"", ""subject_iri"": ""http://www.cidoc-crm.org/cidoc-crm/E69_Death""}, ""text"": ""E69 Death P100 was death of E21 Person."", ""triple"": [""E69 Death"", ""P100 was death of"", ""E21 Person""]}, {""characteristics"": [], ""meta"": {""object_iri"": ""http://www.cidoc-crm.org/cidoc-crm/E7_Activity"", ""predicate_iri"": ""http://www.cidoc-crm.org/cidoc-crm/P134_continued"", ""predicate_type"": ""object"", ""subject_iri"": ""http://www.cidoc-crm.org/cidoc-crm/E7_Activity""}, ""text"": ""E7 Activity P134 continued E7 Activity."", ""triple"": [""E7 Activity"", ""P134 continued"", ""E7 Activity""]}, {""characteristics"": [], ""meta"": {""object_iri"": ""http://www.cidoc-crm.org/cidoc-crm/E7_Activity"", ""predicate_iri"": ""http://www.cidoc-crm.org/cidoc-crm/P134i_was_continued_by"", ""predicate_type"": ""object"", ""subject_iri"": ""http://www.cidoc-crm.org/cidoc-crm/E7_Activity""}, ""text"": ""E7 Activity P134i was continued by E7 Activity."", ""triple"": [""E7 Activity"", ""P134i was continued by"", ""E7 Activity""]}, {""characteristics"": [], ""meta"": {""object_iri"": ""http://www.cidoc-crm.org/cidoc-crm/E5_Event"", ""predicate_iri"": ""http://www.cidoc-crm.org/cidoc-crm/P20_had_specific_purpose"", ""predicate_type"": ""object"", ""subject_iri"": ""http://www.cidoc-crm.org/cidoc-crm/E7_Activity""}, ""text"": ""E7 Activity P20 had specific purpose E5 Event."", ""triple"": [""E7 Activity"", ""P20 had specific purpose"", ""E5 Event""]}]",{}
L4_Arts_Media_Entertainment_Arts_Media_Entertainment_CIDOC_CRM_property_CIDOC_CRM_v7_1_3_00008,"In the CIDOC CRM ontology, given the following set of classes and properties, construct only object- and data-property relationships. Do not output subClassOf triples. Output only triples in the form (subject, predicate, object).

Classes:
- E1 CRM Entity
- E28 Conceptual Object
- E55 Type
- E56 Language
- E57 Material
- E58 Measurement Unit
- E70 Thing
- E71 Human-Made Thing
- E90 Symbolic Object
- E99 Product Type

Object Properties:
- P101 had as general use
- P101i was use of
- P103 was intended for
- P103i was intention of
- P106 is composed of
- P106i forms part of
- P127i has narrower term
- P130 shows features of
- P130i features are also found on
- P137 exemplifies
- P2 has type

Data Properties:
None",,"(E1 CRM Entity, P137 exemplifies, E55 Type)
(E1 CRM Entity, P2 has type, E55 Type)
(E55 Type, P101i was use of, E70 Thing)
(E55 Type, P103i was intention of, E71 Human-Made Thing)
(E55 Type, P127i has narrower term, E55 Type)
(E70 Thing, P101 had as general use, E55 Type)
(E70 Thing, P130 shows features of, E70 Thing)
(E70 Thing, P130i features are also found on, E70 Thing)
(E71 Human-Made Thing, P103 was intended for, E55 Type)
(E90 Symbolic Object, P106 is composed of, E90 Symbolic Object)
(E90 Symbolic Object, P106i forms part of, E90 Symbolic Object)",3_4,L4,Property Relation Construction,Learning,Generation,triple_f1,Arts_Media_Entertainment,Arts_Media_Entertainment/CIDOC_CRM,bench_3_4/Arts_Media_Entertainment/CIDOC_CRM/CIDOC_CRM_v7.1.3/property_CIDOC_CRM_v7.1.3.json,7,,,,"(E1 CRM Entity, P137 exemplifies, E55 Type)
(E1 CRM Entity, P2 has type, E55 Type)
(E55 Type, P101i was use of, E70 Thing)
(E55 Type, P103i was intention of, E71 Human-Made Thing)
(E55 Type, P127i has narrower term, E55 Type)
(E70 Thing, P101 had as general use, E55 Type)
(E70 Thing, P130 shows features of, E70 Thing)
(E70 Thing, P130i features are also found on, E70 Thing)
(E71 Human-Made Thing, P103 was intended for, E55 Type)
(E90 Symbolic Object, P106 is composed of, E90 Symbolic Object)
(E90 Symbolic Object, P106i forms part of, E90 Symbolic Object)","[""E1 CRM Entity"", ""E28 Conceptual Object"", ""E55 Type"", ""E56 Language"", ""E57 Material"", ""E58 Measurement Unit"", ""E70 Thing"", ""E71 Human-Made Thing"", ""E90 Symbolic Object"", ""E99 Product Type""]","[""P101 had as general use"", ""P101i was use of"", ""P103 was intended for"", ""P103i was intention of"", ""P106 is composed of"", ""P106i forms part of"", ""P127i has narrower term"", ""P130 shows features of"", ""P130i features are also found on"", ""P137 exemplifies"", ""P2 has type""]","[{""characteristics"": [], ""meta"": {""object_iri"": ""http://www.cidoc-crm.org/cidoc-crm/E55_Type"", ""predicate_iri"": ""http://www.cidoc-crm.org/cidoc-crm/P137_exemplifies"", ""predicate_type"": ""object"", ""subject_iri"": ""http://www.cidoc-crm.org/cidoc-crm/E1_CRM_Entity""}, ""text"": ""E1 CRM Entity P137 exemplifies E55 Type."", ""triple"": [""E1 CRM Entity"", ""P137 exemplifies"", ""E55 Type""]}, {""characteristics"": [], ""meta"": {""object_iri"": ""http://www.cidoc-crm.org/cidoc-crm/E55_Type"", ""predicate_iri"": ""http://www.cidoc-crm.org/cidoc-crm/P2_has_type"", ""predicate_type"": ""object"", ""subject_iri"": ""http://www.cidoc-crm.org/cidoc-crm/E1_CRM_Entity""}, ""text"": ""E1 CRM Entity P2 has type E55 Type."", ""triple"": [""E1 CRM Entity"", ""P2 has type"", ""E55 Type""]}, {""characteristics"": [], ""meta"": {""object_iri"": ""http://www.cidoc-crm.org/cidoc-crm/E70_Thing"", ""predicate_iri"": ""http://www.cidoc-crm.org/cidoc-crm/P101i_was_use_of"", ""predicate_type"": ""object"", ""subject_iri"": ""http://www.cidoc-crm.org/cidoc-crm/E55_Type""}, ""text"": ""E55 Type P101i was use of E70 Thing."", ""triple"": [""E55 Type"", ""P101i was use of"", ""E70 Thing""]}, {""characteristics"": [], ""meta"": {""object_iri"": ""http://www.cidoc-crm.org/cidoc-crm/E71_Human-Made_Thing"", ""predicate_iri"": ""http://www.cidoc-crm.org/cidoc-crm/P103i_was_intention_of"", ""predicate_type"": ""object"", ""subject_iri"": ""http://www.cidoc-crm.org/cidoc-crm/E55_Type""}, ""text"": ""E55 Type P103i was intention of E71 Human-Made Thing."", ""triple"": [""E55 Type"", ""P103i was intention of"", ""E71 Human-Made Thing""]}, {""characteristics"": [], ""meta"": {""object_iri"": ""http://www.cidoc-crm.org/cidoc-crm/E55_Type"", ""predicate_iri"": ""http://www.cidoc-crm.org/cidoc-crm/P127i_has_narrower_term"", ""predicate_type"": ""object"", ""subject_iri"": ""http://www.cidoc-crm.org/cidoc-crm/E55_Type""}, ""text"": ""E55 Type P127i has narrower term E55 Type."", ""triple"": [""E55 Type"", ""P127i has narrower term"", ""E55 Type""]}, {""characteristics"": [], ""meta"": {""object_iri"": ""http://www.cidoc-crm.org/cidoc-crm/E55_Type"", ""predicate_iri"": ""http://www.cidoc-crm.org/cidoc-crm/P101_had_as_general_use"", ""predicate_type"": ""object"", ""subject_iri"": ""http://www.cidoc-crm.org/cidoc-crm/E70_Thing""}, ""text"": ""E70 Thing P101 had as general use E55 Type."", ""triple"": [""E70 Thing"", ""P101 had as general use"", ""E55 Type""]}, {""characteristics"": [], ""meta"": {""object_iri"": ""http://www.cidoc-crm.org/cidoc-crm/E70_Thing"", ""predicate_iri"": ""http://www.cidoc-crm.org/cidoc-crm/P130_shows_features_of"", ""predicate_type"": ""object"", ""subject_iri"": ""http://www.cidoc-crm.org/cidoc-crm/E70_Thing""}, ""text"": ""E70 Thing P130 shows features of E70 Thing."", ""triple"": [""E70 Thing"", ""P130 shows features of"", ""E70 Thing""]}, {""characteristics"": [], ""meta"": {""object_iri"": ""http://www.cidoc-crm.org/cidoc-crm/E70_Thing"", ""predicate_iri"": ""http://www.cidoc-crm.org/cidoc-crm/P130i_features_are_also_found_on"", ""predicate_type"": ""object"", ""subject_iri"": ""http://www.cidoc-crm.org/cidoc-crm/E70_Thing""}, ""text"": ""E70 Thing P130i features are also found on E70 Thing."", ""triple"": [""E70 Thing"", ""P130i features are also found on"", ""E70 Thing""]}, {""characteristics"": [], ""meta"": {""object_iri"": ""http://www.cidoc-crm.org/cidoc-crm/E55_Type"", ""predicate_iri"": ""http://www.cidoc-crm.org/cidoc-crm/P103_was_intended_for"", ""predicate_type"": ""object"", ""subject_iri"": ""http://www.cidoc-crm.org/cidoc-crm/E71_Human-Made_Thing""}, ""text"": ""E71 Human-Made Thing P103 was intended for E55 Type."", ""triple"": [""E71 Human-Made Thing"", ""P103 was intended for"", ""E55 Type""]}, {""characteristics"": [], ""meta"": {""object_iri"": ""http://www.cidoc-crm.org/cidoc-crm/E90_Symbolic_Object"", ""predicate_iri"": ""http://www.cidoc-crm.org/cidoc-crm/P106_is_composed_of"", ""predicate_type"": ""object"", ""subject_iri"": ""http://www.cidoc-crm.org/cidoc-crm/E90_Symbolic_Object""}, ""text"": ""E90 Symbolic Object P106 is composed of E90 Symbolic Object."", ""triple"": [""E90 Symbolic Object"", ""P106 is composed of"", ""E90 Symbolic Object""]}, {""characteristics"": [], ""meta"": {""object_iri"": ""http://www.cidoc-crm.org/cidoc-crm/E90_Symbolic_Object"", ""predicate_iri"": ""http://www.cidoc-crm.org/cidoc-crm/P106i_forms_part_of"", ""predicate_type"": ""object"", ""subject_iri"": ""http://www.cidoc-crm.org/cidoc-crm/E90_Symbolic_Object""}, ""text"": ""E90 Symbolic Object P106i forms part of E90 Symbolic Object."", ""triple"": [""E90 Symbolic Object"", ""P106i forms part of"", ""E90 Symbolic Object""]}]",{}
L4_Arts_Media_Entertainment_Arts_Media_Entertainment_CIDOC_CRM_property_CIDOC_CRM_v7_1_3_00009,"In the CIDOC CRM ontology, given the following set of classes and properties, construct only object- and data-property relationships. Do not output subClassOf triples. Output only triples in the form (subject, predicate, object).

Classes:
- E1 CRM Entity
- E18 Physical Thing
- E2 Temporal Entity
- E4 Period
- E52 Time-Span
- E53 Place
- E54 Dimension
- E77 Persistent Item
- E9 Move
- E92 Spacetime Volume

Object Properties:
- P133 is spatiotemporally separated from
- P156i is occupied by
- P157i provides reference space for
- P160 has temporal projection
- P161 has spatial projection
- P174i ends after the start of
- P175i starts after or with the start of
- P176 starts before the start of
- P189i is approximated by
- P191i was duration of
- P196 defines
- P198i is held or supported by
- P26 moved to
- P27 moved from
- P4i is time-span of
- P53i is former or current location of
- P7 took place at
- P8 took place on or within
- P86 falls within
- P86i contains
- P9 consists of

Data Properties:
None",,"(E18 Physical Thing, P157i provides reference space for, E53 Place)
(E18 Physical Thing, P196 defines, E92 Spacetime Volume)
(E18 Physical Thing, P198i is held or supported by, E18 Physical Thing)
(E2 Temporal Entity, P174i ends after the start of, E2 Temporal Entity)
(E2 Temporal Entity, P175i starts after or with the start of, E2 Temporal Entity)
(E2 Temporal Entity, P176 starts before the start of, E2 Temporal Entity)
(E4 Period, P7 took place at, E53 Place)
(E4 Period, P8 took place on or within, E18 Physical Thing)
(E4 Period, P9 consists of, E4 Period)
(E52 Time-Span, P4i is time-span of, E2 Temporal Entity)
(E52 Time-Span, P86 falls within, E52 Time-Span)
(E52 Time-Span, P86i contains, E52 Time-Span)
(E53 Place, P156i is occupied by, E18 Physical Thing)
(E53 Place, P189i is approximated by, E53 Place)
(E53 Place, P53i is former or current location of, E18 Physical Thing)
(E54 Dimension, P191i was duration of, E52 Time-Span)
(E9 Move, P26 moved to, E53 Place)
(E9 Move, P27 moved from, E53 Place)
(E92 Spacetime Volume, P133 is spatiotemporally separated from, E92 Spacetime Volume)
(E92 Spacetime Volume, P160 has temporal projection, E52 Time-Span)
(E92 Spacetime Volume, P161 has spatial projection, E53 Place)",3_4,L4,Property Relation Construction,Learning,Generation,triple_f1,Arts_Media_Entertainment,Arts_Media_Entertainment/CIDOC_CRM,bench_3_4/Arts_Media_Entertainment/CIDOC_CRM/CIDOC_CRM_v7.1.3/property_CIDOC_CRM_v7.1.3.json,8,,,,"(E18 Physical Thing, P157i provides reference space for, E53 Place)
(E18 Physical Thing, P196 defines, E92 Spacetime Volume)
(E18 Physical Thing, P198i is held or supported by, E18 Physical Thing)
(E2 Temporal Entity, P174i ends after the start of, E2 Temporal Entity)
(E2 Temporal Entity, P175i starts after or with the start of, E2 Temporal Entity)
(E2 Temporal Entity, P176 starts before the start of, E2 Temporal Entity)
(E4 Period, P7 took place at, E53 Place)
(E4 Period, P8 took place on or within, E18 Physical Thing)
(E4 Period, P9 consists of, E4 Period)
(E52 Time-Span, P4i is time-span of, E2 Temporal Entity)
(E52 Time-Span, P86 falls within, E52 Time-Span)
(E52 Time-Span, P86i contains, E52 Time-Span)
(E53 Place, P156i is occupied by, E18 Physical Thing)
(E53 Place, P189i is approximated by, E53 Place)
(E53 Place, P53i is former or current location of, E18 Physical Thing)
(E54 Dimension, P191i was duration of, E52 Time-Span)
(E9 Move, P26 moved to, E53 Place)
(E9 Move, P27 moved from, E53 Place)
(E92 Spacetime Volume, P133 is spatiotemporally separated from, E92 Spacetime Volume)
(E92 Spacetime Volume, P160 has temporal projection, E52 Time-Span)
(E92 Spacetime Volume, P161 has spatial projection, E53 Place)","[""E1 CRM Entity"", ""E18 Physical Thing"", ""E2 Temporal Entity"", ""E4 Period"", ""E52 Time-Span"", ""E53 Place"", ""E54 Dimension"", ""E77 Persistent Item"", ""E9 Move"", ""E92 Spacetime Volume""]","[""P133 is spatiotemporally separated from"", ""P156i is occupied by"", ""P157i provides reference space for"", ""P160 has temporal projection"", ""P161 has spatial projection"", ""P174i ends after the start of"", ""P175i starts after or with the start of"", ""P176 starts before the start of"", ""P189i is approximated by"", ""P191i was duration of"", ""P196 defines"", ""P198i is held or supported by"", ""P26 moved to"", ""P27 moved from"", ""P4i is time-span of"", ""P53i is former or current location of"", ""P7 took place at"", ""P8 took place on or within"", ""P86 falls within"", ""P86i contains"", ""P9 consists of""]","[{""characteristics"": [], ""meta"": {""object_iri"": ""http://www.cidoc-crm.org/cidoc-crm/E53_Place"", ""predicate_iri"": ""http://www.cidoc-crm.org/cidoc-crm/P157i_provides_reference_space_for"", ""predicate_type"": ""object"", ""subject_iri"": ""http://www.cidoc-crm.org/cidoc-crm/E18_Physical_Thing""}, ""text"": ""E18 Physical Thing P157i provides reference space for E53 Place."", ""triple"": [""E18 Physical Thing"", ""P157i provides reference space for"", ""E53 Place""]}, {""characteristics"": [], ""meta"": {""object_iri"": ""http://www.cidoc-crm.org/cidoc-crm/E92_Spacetime_Volume"", ""predicate_iri"": ""http://www.cidoc-crm.org/cidoc-crm/P196_defines"", ""predicate_type"": ""object"", ""subject_iri"": ""http://www.cidoc-crm.org/cidoc-crm/E18_Physical_Thing""}, ""text"": ""E18 Physical Thing P196 defines E92 Spacetime Volume."", ""triple"": [""E18 Physical Thing"", ""P196 defines"", ""E92 Spacetime Volume""]}, {""characteristics"": [], ""meta"": {""object_iri"": ""http://www.cidoc-crm.org/cidoc-crm/E18_Physical_Thing"", ""predicate_iri"": ""http://www.cidoc-crm.org/cidoc-crm/P198i_is_held_or_supported_by"", ""predicate_type"": ""object"", ""subject_iri"": ""http://www.cidoc-crm.org/cidoc-crm/E18_Physical_Thing""}, ""text"": ""E18 Physical Thing P198i is held or supported by E18 Physical Thing."", ""triple"": [""E18 Physical Thing"", ""P198i is held or supported by"", ""E18 Physical Thing""]}, {""characteristics"": [], ""meta"": {""object_iri"": ""http://www.cidoc-crm.org/cidoc-crm/E2_Temporal_Entity"", ""predicate_iri"": ""http://www.cidoc-crm.org/cidoc-crm/P174i_ends_after_the_start_of"", ""predicate_type"": ""object"", ""subject_iri"": ""http://www.cidoc-crm.org/cidoc-crm/E2_Temporal_Entity""}, ""text"": ""E2 Temporal Entity P174i ends after the start of E2 Temporal Entity."", ""triple"": [""E2 Temporal Entity"", ""P174i ends after the start of"", ""E2 Temporal Entity""]}, {""characteristics"": [], ""meta"": {""object_iri"": ""http://www.cidoc-crm.org/cidoc-crm/E2_Temporal_Entity"", ""predicate_iri"": ""http://www.cidoc-crm.org/cidoc-crm/P175i_starts_after_or_with_the_start_of"", ""predicate_type"": ""object"", ""subject_iri"": ""http://www.cidoc-crm.org/cidoc-crm/E2_Temporal_Entity""}, ""text"": ""E2 Temporal Entity P175i starts after or with the start of E2 Temporal Entity."", ""triple"": [""E2 Temporal Entity"", ""P175i starts after or with the start of"", ""E2 Temporal Entity""]}, {""characteristics"": [], ""meta"": {""object_iri"": ""http://www.cidoc-crm.org/cidoc-crm/E2_Temporal_Entity"", ""predicate_iri"": ""http://www.cidoc-crm.org/cidoc-crm/P176_starts_before_the_start_of"", ""predicate_type"": ""object"", ""subject_iri"": ""http://www.cidoc-crm.org/cidoc-crm/E2_Temporal_Entity""}, ""text"": ""E2 Temporal Entity P176 starts before the start of E2 Temporal Entity."", ""triple"": [""E2 Temporal Entity"", ""P176 starts before the start of"", ""E2 Temporal Entity""]}, {""characteristics"": [], ""meta"": {""object_iri"": ""http://www.cidoc-crm.org/cidoc-crm/E53_Place"", ""predicate_iri"": ""http://www.cidoc-crm.org/cidoc-crm/P7_took_place_at"", ""predicate_type"": ""object"", ""subject_iri"": ""http://www.cidoc-crm.org/cidoc-crm/E4_Period""}, ""text"": ""E4 Period P7 took place at E53 Place."", ""triple"": [""E4 Period"", ""P7 took place at"", ""E53 Place""]}, {""characteristics"": [], ""meta"": {""object_iri"": ""http://www.cidoc-crm.org/cidoc-crm/E18_Physical_Thing"", ""predicate_iri"": ""http://www.cidoc-crm.org/cidoc-crm/P8_took_place_on_or_within"", ""predicate_type"": ""object"", ""subject_iri"": ""http://www.cidoc-crm.org/cidoc-crm/E4_Period""}, ""text"": ""E4 Period P8 took place on or within E18 Physical Thing."", ""triple"": [""E4 Period"", ""P8 took place on or within"", ""E18 Physical Thing""]}, {""characteristics"": [], ""meta"": {""object_iri"": ""http://www.cidoc-crm.org/cidoc-crm/E4_Period"", ""predicate_iri"": ""http://www.cidoc-crm.org/cidoc-crm/P9_consists_of"", ""predicate_type"": ""object"", ""subject_iri"": ""http://www.cidoc-crm.org/cidoc-crm/E4_Period""}, ""text"": ""E4 Period P9 consists of E4 Period."", ""triple"": [""E4 Period"", ""P9 consists of"", ""E4 Period""]}, {""characteristics"": [], ""meta"": {""object_iri"": ""http://www.cidoc-crm.org/cidoc-crm/E2_Temporal_Entity"", ""predicate_iri"": ""http://www.cidoc-crm.org/cidoc-crm/P4i_is_time-span_of"", ""predicate_type"": ""object"", ""subject_iri"": ""http://www.cidoc-crm.org/cidoc-crm/E52_Time-Span""}, ""text"": ""E52 Time-Span P4i is time-span of E2 Temporal Entity."", ""triple"": [""E52 Time-Span"", ""P4i is time-span of"", ""E2 Temporal Entity""]}, {""characteristics"": [], ""meta"": {""object_iri"": ""http://www.cidoc-crm.org/cidoc-crm/E52_Time-Span"", ""predicate_iri"": ""http://www.cidoc-crm.org/cidoc-crm/P86_falls_within"", ""predicate_type"": ""object"", ""subject_iri"": ""http://www.cidoc-crm.org/cidoc-crm/E52_Time-Span""}, ""text"": ""E52 Time-Span P86 falls within E52 Time-Span."", ""triple"": [""E52 Time-Span"", ""P86 falls within"", ""E52 Time-Span""]}, {""characteristics"": [], ""meta"": {""object_iri"": ""http://www.cidoc-crm.org/cidoc-crm/E52_Time-Span"", ""predicate_iri"": ""http://www.cidoc-crm.org/cidoc-crm/P86i_contains"", ""predicate_type"": ""object"", ""subject_iri"": ""http://www.cidoc-crm.org/cidoc-crm/E52_Time-Span""}, ""text"": ""E52 Time-Span P86i contains E52 Time-Span."", ""triple"": [""E52 Time-Span"", ""P86i contains"", ""E52 Time-Span""]}, {""characteristics"": [], ""meta"": {""object_iri"": ""http://www.cidoc-crm.org/cidoc-crm/E18_Physical_Thing"", ""predicate_iri"": ""http://www.cidoc-crm.org/cidoc-crm/P156i_is_occupied_by"", ""predicate_type"": ""object"", ""subject_iri"": ""http://www.cidoc-crm.org/cidoc-crm/E53_Place""}, ""text"": ""E53 Place P156i is occupied by E18 Physical Thing."", ""triple"": [""E53 Place"", ""P156i is occupied by"", ""E18 Physical Thing""]}, {""characteristics"": [], ""meta"": {""object_iri"": ""http://www.cidoc-crm.org/cidoc-crm/E53_Place"", ""predicate_iri"": ""http://www.cidoc-crm.org/cidoc-crm/P189i_is_approximated_by"", ""predicate_type"": ""object"", ""subject_iri"": ""http://www.cidoc-crm.org/cidoc-crm/E53_Place""}, ""text"": ""E53 Place P189i is approximated by E53 Place."", ""triple"": [""E53 Place"", ""P189i is approximated by"", ""E53 Place""]}, {""characteristics"": [], ""meta"": {""object_iri"": ""http://www.cidoc-crm.org/cidoc-crm/E18_Physical_Thing"", ""predicate_iri"": ""http://www.cidoc-crm.org/cidoc-crm/P53i_is_former_or_current_location_of"", ""predicate_type"": ""object"", ""subject_iri"": ""http://www.cidoc-crm.org/cidoc-crm/E53_Place""}, ""text"": ""E53 Place P53i is former or current location of E18 Physical Thing."", ""triple"": [""E53 Place"", ""P53i is former or current location of"", ""E18 Physical Thing""]}, {""characteristics"": [], ""meta"": {""object_iri"": ""http://www.cidoc-crm.org/cidoc-crm/E52_Time-Span"", ""predicate_iri"": ""http://www.cidoc-crm.org/cidoc-crm/P191i_was_duration_of"", ""predicate_type"": ""object"", ""subject_iri"": ""http://www.cidoc-crm.org/cidoc-crm/E54_Dimension""}, ""text"": ""E54 Dimension P191i was duration of E52 Time-Span."", ""triple"": [""E54 Dimension"", ""P191i was duration of"", ""E52 Time-Span""]}, {""characteristics"": [], ""meta"": {""object_iri"": ""http://www.cidoc-crm.org/cidoc-crm/E53_Place"", ""predicate_iri"": ""http://www.cidoc-crm.org/cidoc-crm/P26_moved_to"", ""predicate_type"": ""object"", ""subject_iri"": ""http://www.cidoc-crm.org/cidoc-crm/E9_Move""}, ""text"": ""E9 Move P26 moved to E53 Place."", ""triple"": [""E9 Move"", ""P26 moved to"", ""E53 Place""]}, {""characteristics"": [], ""meta"": {""object_iri"": ""http://www.cidoc-crm.org/cidoc-crm/E53_Place"", ""predicate_iri"": ""http://www.cidoc-crm.org/cidoc-crm/P27_moved_from"", ""predicate_type"": ""object"", ""subject_iri"": ""http://www.cidoc-crm.org/cidoc-crm/E9_Move""}, ""text"": ""E9 Move P27 moved from E53 Place."", ""triple"": [""E9 Move"", ""P27 moved from"", ""E53 Place""]}, {""characteristics"": [], ""meta"": {""object_iri"": ""http://www.cidoc-crm.org/cidoc-crm/E92_Spacetime_Volume"", ""predicate_iri"": ""http://www.cidoc-crm.org/cidoc-crm/P133_is_spatiotemporally_separated_from"", ""predicate_type"": ""object"", ""subject_iri"": ""http://www.cidoc-crm.org/cidoc-crm/E92_Spacetime_Volume""}, ""text"": ""E92 Spacetime Volume P133 is spatiotemporally separated from E92 Spacetime Volume."", ""triple"": [""E92 Spacetime Volume"", ""P133 is spatiotemporally separated from"", ""E92 Spacetime Volume""]}, {""characteristics"": [], ""meta"": {""object_iri"": ""http://www.cidoc-crm.org/cidoc-crm/E52_Time-Span"", ""predicate_iri"": ""http://www.cidoc-crm.org/cidoc-crm/P160_has_temporal_projection"", ""predicate_type"": ""object"", ""subject_iri"": ""http://www.cidoc-crm.org/cidoc-crm/E92_Spacetime_Volume""}, ""text"": ""E92 Spacetime Volume P160 has temporal projection E52 Time-Span."", ""triple"": [""E92 Spacetime Volume"", ""P160 has temporal projection"", ""E52 Time-Span""]}, {""characteristics"": [], ""meta"": {""object_iri"": ""http://www.cidoc-crm.org/cidoc-crm/E53_Place"", ""predicate_iri"": ""http://www.cidoc-crm.org/cidoc-crm/P161_has_spatial_projection"", ""predicate_type"": ""object"", ""subject_iri"": ""http://www.cidoc-crm.org/cidoc-crm/E92_Spacetime_Volume""}, ""text"": ""E92 Spacetime Volume P161 has spatial projection E53 Place."", ""triple"": [""E92 Spacetime Volume"", ""P161 has spatial projection"", ""E53 Place""]}]",{}
L4_Arts_Media_Entertainment_Arts_Media_Entertainment_CIDOC_CRM_property_CIDOC_CRM_v7_1_3_00010,"In the CIDOC CRM ontology, given the following set of classes and properties, construct only object- and data-property relationships. Do not output subClassOf triples. Output only triples in the form (subject, predicate, object).

Classes:
- E1 CRM Entity
- E2 Temporal Entity
- E3 Condition State
- E4 Period
- E41 Appellation
- E52 Time-Span
- E53 Place
- E54 Dimension
- E77 Persistent Item
- E92 Spacetime Volume

Object Properties:
- P1 is identified by
- P133 is spatiotemporally separated from
- P139 has alternative form
- P139i is alternative form of
- P160 has temporal projection
- P161 has spatial projection
- P174i ends after the start of
- P175i starts after or with the start of
- P176 starts before the start of
- P189i is approximated by
- P191i was duration of
- P1i identifies
- P4i is time-span of
- P5 consists of
- P5i forms part of
- P7 took place at
- P7i witnessed
- P86 falls within
- P86i contains
- P89i contains
- P9 consists of
- P9i forms part of

Data Properties:
None",,"(E1 CRM Entity, P1 is identified by, E41 Appellation)
(E2 Temporal Entity, P174i ends after the start of, E2 Temporal Entity)
(E2 Temporal Entity, P175i starts after or with the start of, E2 Temporal Entity)
(E2 Temporal Entity, P176 starts before the start of, E2 Temporal Entity)
(E3 Condition State, P5 consists of, E3 Condition State)
(E3 Condition State, P5i forms part of, E3 Condition State)
(E4 Period, P7 took place at, E53 Place)
(E4 Period, P9 consists of, E4 Period)
(E4 Period, P9i forms part of, E4 Period)
(E41 Appellation, P139 has alternative form, E41 Appellation)
(E41 Appellation, P139i is alternative form of, E41 Appellation)
(E41 Appellation, P1i identifies, E1 CRM Entity)
(E52 Time-Span, P4i is time-span of, E2 Temporal Entity)
(E52 Time-Span, P86 falls within, E52 Time-Span)
(E52 Time-Span, P86i contains, E52 Time-Span)
(E53 Place, P189i is approximated by, E53 Place)
(E53 Place, P7i witnessed, E4 Period)
(E53 Place, P89i contains, E53 Place)
(E54 Dimension, P191i was duration of, E52 Time-Span)
(E92 Spacetime Volume, P133 is spatiotemporally separated from, E92 Spacetime Volume)
(E92 Spacetime Volume, P160 has temporal projection, E52 Time-Span)
(E92 Spacetime Volume, P161 has spatial projection, E53 Place)",3_4,L4,Property Relation Construction,Learning,Generation,triple_f1,Arts_Media_Entertainment,Arts_Media_Entertainment/CIDOC_CRM,bench_3_4/Arts_Media_Entertainment/CIDOC_CRM/CIDOC_CRM_v7.1.3/property_CIDOC_CRM_v7.1.3.json,9,,,,"(E1 CRM Entity, P1 is identified by, E41 Appellation)
(E2 Temporal Entity, P174i ends after the start of, E2 Temporal Entity)
(E2 Temporal Entity, P175i starts after or with the start of, E2 Temporal Entity)
(E2 Temporal Entity, P176 starts before the start of, E2 Temporal Entity)
(E3 Condition State, P5 consists of, E3 Condition State)
(E3 Condition State, P5i forms part of, E3 Condition State)
(E4 Period, P7 took place at, E53 Place)
(E4 Period, P9 consists of, E4 Period)
(E4 Period, P9i forms part of, E4 Period)
(E41 Appellation, P139 has alternative form, E41 Appellation)
(E41 Appellation, P139i is alternative form of, E41 Appellation)
(E41 Appellation, P1i identifies, E1 CRM Entity)
(E52 Time-Span, P4i is time-span of, E2 Temporal Entity)
(E52 Time-Span, P86 falls within, E52 Time-Span)
(E52 Time-Span, P86i contains, E52 Time-Span)
(E53 Place, P189i is approximated by, E53 Place)
(E53 Place, P7i witnessed, E4 Period)
(E53 Place, P89i contains, E53 Place)
(E54 Dimension, P191i was duration of, E52 Time-Span)
(E92 Spacetime Volume, P133 is spatiotemporally separated from, E92 Spacetime Volume)
(E92 Spacetime Volume, P160 has temporal projection, E52 Time-Span)
(E92 Spacetime Volume, P161 has spatial projection, E53 Place)","[""E1 CRM Entity"", ""E2 Temporal Entity"", ""E3 Condition State"", ""E4 Period"", ""E41 Appellation"", ""E52 Time-Span"", ""E53 Place"", ""E54 Dimension"", ""E77 Persistent Item"", ""E92 Spacetime Volume""]","[""P1 is identified by"", ""P133 is spatiotemporally separated from"", ""P139 has alternative form"", ""P139i is alternative form of"", ""P160 has temporal projection"", ""P161 has spatial projection"", ""P174i ends after the start of"", ""P175i starts after or with the start of"", ""P176 starts before the start of"", ""P189i is approximated by"", ""P191i was duration of"", ""P1i identifies"", ""P4i is time-span of"", ""P5 consists of"", ""P5i forms part of"", ""P7 took place at"", ""P7i witnessed"", ""P86 falls within"", ""P86i contains"", ""P89i contains"", ""P9 consists of"", ""P9i forms part of""]","[{""characteristics"": [], ""meta"": {""object_iri"": ""http://www.cidoc-crm.org/cidoc-crm/E41_Appellation"", ""predicate_iri"": ""http://www.cidoc-crm.org/cidoc-crm/P1_is_identified_by"", ""predicate_type"": ""object"", ""subject_iri"": ""http://www.cidoc-crm.org/cidoc-crm/E1_CRM_Entity""}, ""text"": ""E1 CRM Entity P1 is identified by E41 Appellation."", ""triple"": [""E1 CRM Entity"", ""P1 is identified by"", ""E41 Appellation""]}, {""characteristics"": [], ""meta"": {""object_iri"": ""http://www.cidoc-crm.org/cidoc-crm/E2_Temporal_Entity"", ""predicate_iri"": ""http://www.cidoc-crm.org/cidoc-crm/P174i_ends_after_the_start_of"", ""predicate_type"": ""object"", ""subject_iri"": ""http://www.cidoc-crm.org/cidoc-crm/E2_Temporal_Entity""}, ""text"": ""E2 Temporal Entity P174i ends after the start of E2 Temporal Entity."", ""triple"": [""E2 Temporal Entity"", ""P174i ends after the start of"", ""E2 Temporal Entity""]}, {""characteristics"": [], ""meta"": {""object_iri"": ""http://www.cidoc-crm.org/cidoc-crm/E2_Temporal_Entity"", ""predicate_iri"": ""http://www.cidoc-crm.org/cidoc-crm/P175i_starts_after_or_with_the_start_of"", ""predicate_type"": ""object"", ""subject_iri"": ""http://www.cidoc-crm.org/cidoc-crm/E2_Temporal_Entity""}, ""text"": ""E2 Temporal Entity P175i starts after or with the start of E2 Temporal Entity."", ""triple"": [""E2 Temporal Entity"", ""P175i starts after or with the start of"", ""E2 Temporal Entity""]}, {""characteristics"": [], ""meta"": {""object_iri"": ""http://www.cidoc-crm.org/cidoc-crm/E2_Temporal_Entity"", ""predicate_iri"": ""http://www.cidoc-crm.org/cidoc-crm/P176_starts_before_the_start_of"", ""predicate_type"": ""object"", ""subject_iri"": ""http://www.cidoc-crm.org/cidoc-crm/E2_Temporal_Entity""}, ""text"": ""E2 Temporal Entity P176 starts before the start of E2 Temporal Entity."", ""triple"": [""E2 Temporal Entity"", ""P176 starts before the start of"", ""E2 Temporal Entity""]}, {""characteristics"": [], ""meta"": {""object_iri"": ""http://www.cidoc-crm.org/cidoc-crm/E3_Condition_State"", ""predicate_iri"": ""http://www.cidoc-crm.org/cidoc-crm/P5_consists_of"", ""predicate_type"": ""object"", ""subject_iri"": ""http://www.cidoc-crm.org/cidoc-crm/E3_Condition_State""}, ""text"": ""E3 Condition State P5 consists of E3 Condition State."", ""triple"": [""E3 Condition State"", ""P5 consists of"", ""E3 Condition State""]}, {""characteristics"": [], ""meta"": {""object_iri"": ""http://www.cidoc-crm.org/cidoc-crm/E3_Condition_State"", ""predicate_iri"": ""http://www.cidoc-crm.org/cidoc-crm/P5i_forms_part_of"", ""predicate_type"": ""object"", ""subject_iri"": ""http://www.cidoc-crm.org/cidoc-crm/E3_Condition_State""}, ""text"": ""E3 Condition State P5i forms part of E3 Condition State."", ""triple"": [""E3 Condition State"", ""P5i forms part of"", ""E3 Condition State""]}, {""characteristics"": [], ""meta"": {""object_iri"": ""http://www.cidoc-crm.org/cidoc-crm/E53_Place"", ""predicate_iri"": ""http://www.cidoc-crm.org/cidoc-crm/P7_took_place_at"", ""predicate_type"": ""object"", ""subject_iri"": ""http://www.cidoc-crm.org/cidoc-crm/E4_Period""}, ""text"": ""E4 Period P7 took place at E53 Place."", ""triple"": [""E4 Period"", ""P7 took place at"", ""E53 Place""]}, {""characteristics"": [], ""meta"": {""object_iri"": ""http://www.cidoc-crm.org/cidoc-crm/E4_Period"", ""predicate_iri"": ""http://www.cidoc-crm.org/cidoc-crm/P9_consists_of"", ""predicate_type"": ""object"", ""subject_iri"": ""http://www.cidoc-crm.org/cidoc-crm/E4_Period""}, ""text"": ""E4 Period P9 consists of E4 Period."", ""triple"": [""E4 Period"", ""P9 consists of"", ""E4 Period""]}, {""characteristics"": [], ""meta"": {""object_iri"": ""http://www.cidoc-crm.org/cidoc-crm/E4_Period"", ""predicate_iri"": ""http://www.cidoc-crm.org/cidoc-crm/P9i_forms_part_of"", ""predicate_type"": ""object"", ""subject_iri"": ""http://www.cidoc-crm.org/cidoc-crm/E4_Period""}, ""text"": ""E4 Period P9i forms part of E4 Period."", ""triple"": [""E4 Period"", ""P9i forms part of"", ""E4 Period""]}, {""characteristics"": [], ""meta"": {""object_iri"": ""http://www.cidoc-crm.org/cidoc-crm/E41_Appellation"", ""predicate_iri"": ""http://www.cidoc-crm.org/cidoc-crm/P139_has_alternative_form"", ""predicate_type"": ""object"", ""subject_iri"": ""http://www.cidoc-crm.org/cidoc-crm/E41_Appellation""}, ""text"": ""E41 Appellation P139 has alternative form E41 Appellation."", ""triple"": [""E41 Appellation"", ""P139 has alternative form"", ""E41 Appellation""]}, {""characteristics"": [], ""meta"": {""object_iri"": ""http://www.cidoc-crm.org/cidoc-crm/E41_Appellation"", ""predicate_iri"": ""http://www.cidoc-crm.org/cidoc-crm/P139i_is_alternative_form_of"", ""predicate_type"": ""object"", ""subject_iri"": ""http://www.cidoc-crm.org/cidoc-crm/E41_Appellation""}, ""text"": ""E41 Appellation P139i is alternative form of E41 Appellation."", ""triple"": [""E41 Appellation"", ""P139i is alternative form of"", ""E41 Appellation""]}, {""characteristics"": [], ""meta"": {""object_iri"": ""http://www.cidoc-crm.org/cidoc-crm/E1_CRM_Entity"", ""predicate_iri"": ""http://www.cidoc-crm.org/cidoc-crm/P1i_identifies"", ""predicate_type"": ""object"", ""subject_iri"": ""http://www.cidoc-crm.org/cidoc-crm/E41_Appellation""}, ""text"": ""E41 Appellation P1i identifies E1 CRM Entity."", ""triple"": [""E41 Appellation"", ""P1i identifies"", ""E1 CRM Entity""]}, {""characteristics"": [], ""meta"": {""object_iri"": ""http://www.cidoc-crm.org/cidoc-crm/E2_Temporal_Entity"", ""predicate_iri"": ""http://www.cidoc-crm.org/cidoc-crm/P4i_is_time-span_of"", ""predicate_type"": ""object"", ""subject_iri"": ""http://www.cidoc-crm.org/cidoc-crm/E52_Time-Span""}, ""text"": ""E52 Time-Span P4i is time-span of E2 Temporal Entity."", ""triple"": [""E52 Time-Span"", ""P4i is time-span of"", ""E2 Temporal Entity""]}, {""characteristics"": [], ""meta"": {""object_iri"": ""http://www.cidoc-crm.org/cidoc-crm/E52_Time-Span"", ""predicate_iri"": ""http://www.cidoc-crm.org/cidoc-crm/P86_falls_within"", ""predicate_type"": ""object"", ""subject_iri"": ""http://www.cidoc-crm.org/cidoc-crm/E52_Time-Span""}, ""text"": ""E52 Time-Span P86 falls within E52 Time-Span."", ""triple"": [""E52 Time-Span"", ""P86 falls within"", ""E52 Time-Span""]}, {""characteristics"": [], ""meta"": {""object_iri"": ""http://www.cidoc-crm.org/cidoc-crm/E52_Time-Span"", ""predicate_iri"": ""http://www.cidoc-crm.org/cidoc-crm/P86i_contains"", ""predicate_type"": ""object"", ""subject_iri"": ""http://www.cidoc-crm.org/cidoc-crm/E52_Time-Span""}, ""text"": ""E52 Time-Span P86i contains E52 Time-Span."", ""triple"": [""E52 Time-Span"", ""P86i contains"", ""E52 Time-Span""]}, {""characteristics"": [], ""meta"": {""object_iri"": ""http://www.cidoc-crm.org/cidoc-crm/E53_Place"", ""predicate_iri"": ""http://www.cidoc-crm.org/cidoc-crm/P189i_is_approximated_by"", ""predicate_type"": ""object"", ""subject_iri"": ""http://www.cidoc-crm.org/cidoc-crm/E53_Place""}, ""text"": ""E53 Place P189i is approximated by E53 Place."", ""triple"": [""E53 Place"", ""P189i is approximated by"", ""E53 Place""]}, {""characteristics"": [], ""meta"": {""object_iri"": ""http://www.cidoc-crm.org/cidoc-crm/E4_Period"", ""predicate_iri"": ""http://www.cidoc-crm.org/cidoc-crm/P7i_witnessed"", ""predicate_type"": ""object"", ""subject_iri"": ""http://www.cidoc-crm.org/cidoc-crm/E53_Place""}, ""text"": ""E53 Place P7i witnessed E4 Period."", ""triple"": [""E53 Place"", ""P7i witnessed"", ""E4 Period""]}, {""characteristics"": [], ""meta"": {""object_iri"": ""http://www.cidoc-crm.org/cidoc-crm/E53_Place"", ""predicate_iri"": ""http://www.cidoc-crm.org/cidoc-crm/P89i_contains"", ""predicate_type"": ""object"", ""subject_iri"": ""http://www.cidoc-crm.org/cidoc-crm/E53_Place""}, ""text"": ""E53 Place P89i contains E53 Place."", ""triple"": [""E53 Place"", ""P89i contains"", ""E53 Place""]}, {""characteristics"": [], ""meta"": {""object_iri"": ""http://www.cidoc-crm.org/cidoc-crm/E52_Time-Span"", ""predicate_iri"": ""http://www.cidoc-crm.org/cidoc-crm/P191i_was_duration_of"", ""predicate_type"": ""object"", ""subject_iri"": ""http://www.cidoc-crm.org/cidoc-crm/E54_Dimension""}, ""text"": ""E54 Dimension P191i was duration of E52 Time-Span."", ""triple"": [""E54 Dimension"", ""P191i was duration of"", ""E52 Time-Span""]}, {""characteristics"": [], ""meta"": {""object_iri"": ""http://www.cidoc-crm.org/cidoc-crm/E92_Spacetime_Volume"", ""predicate_iri"": ""http://www.cidoc-crm.org/cidoc-crm/P133_is_spatiotemporally_separated_from"", ""predicate_type"": ""object"", ""subject_iri"": ""http://www.cidoc-crm.org/cidoc-crm/E92_Spacetime_Volume""}, ""text"": ""E92 Spacetime Volume P133 is spatiotemporally separated from E92 Spacetime Volume."", ""triple"": [""E92 Spacetime Volume"", ""P133 is spatiotemporally separated from"", ""E92 Spacetime Volume""]}, {""characteristics"": [], ""meta"": {""object_iri"": ""http://www.cidoc-crm.org/cidoc-crm/E52_Time-Span"", ""predicate_iri"": ""http://www.cidoc-crm.org/cidoc-crm/P160_has_temporal_projection"", ""predicate_type"": ""object"", ""subject_iri"": ""http://www.cidoc-crm.org/cidoc-crm/E92_Spacetime_Volume""}, ""text"": ""E92 Spacetime Volume P160 has temporal projection E52 Time-Span."", ""triple"": [""E92 Spacetime Volume"", ""P160 has temporal projection"", ""E52 Time-Span""]}, {""characteristics"": [], ""meta"": {""object_iri"": ""http://www.cidoc-crm.org/cidoc-crm/E53_Place"", ""predicate_iri"": ""http://www.cidoc-crm.org/cidoc-crm/P161_has_spatial_projection"", ""predicate_type"": ""object"", ""subject_iri"": ""http://www.cidoc-crm.org/cidoc-crm/E92_Spacetime_Volume""}, ""text"": ""E92 Spacetime Volume P161 has spatial projection E53 Place."", ""triple"": [""E92 Spacetime Volume"", ""P161 has spatial projection"", ""E53 Place""]}]",{}
L4_Arts_Media_Entertainment_Arts_Media_Entertainment_CIDOC_CRM_property_CIDOC_CRM_v7_1_3_00011,"In the CIDOC CRM ontology, given the following set of classes and properties, construct only object- and data-property relationships. Do not output subClassOf triples. Output only triples in the form (subject, predicate, object).

Classes:
- E28 Conceptual Object
- E29 Design or Procedure
- E31 Document
- E33 Linguistic Object
- E36 Visual Item
- E55 Type
- E71 Human-Made Thing
- E73 Information Object
- E89 Propositional Object
- E90 Symbolic Object

Object Properties:
- P103 was intended for
- P103i was intention of
- P106 is composed of
- P106i forms part of
- P127i has narrower term
- P148 has component
- P148i is component of
- P150i defines typical wholes for
- P165 incorporates
- P165i is incorporated in
- P69 has association with
- P69i is associated with
- P73 has translation
- P73i is translation of

Data Properties:
None",,"(E29 Design or Procedure, P69 has association with, E29 Design or Procedure)
(E29 Design or Procedure, P69i is associated with, E29 Design or Procedure)
(E33 Linguistic Object, P73 has translation, E33 Linguistic Object)
(E33 Linguistic Object, P73i is translation of, E33 Linguistic Object)
(E55 Type, P103i was intention of, E71 Human-Made Thing)
(E55 Type, P127i has narrower term, E55 Type)
(E55 Type, P150i defines typical wholes for, E55 Type)
(E71 Human-Made Thing, P103 was intended for, E55 Type)
(E73 Information Object, P165 incorporates, E90 Symbolic Object)
(E89 Propositional Object, P148 has component, E89 Propositional Object)
(E89 Propositional Object, P148i is component of, E89 Propositional Object)
(E90 Symbolic Object, P106 is composed of, E90 Symbolic Object)
(E90 Symbolic Object, P106i forms part of, E90 Symbolic Object)
(E90 Symbolic Object, P165i is incorporated in, E73 Information Object)",3_4,L4,Property Relation Construction,Learning,Generation,triple_f1,Arts_Media_Entertainment,Arts_Media_Entertainment/CIDOC_CRM,bench_3_4/Arts_Media_Entertainment/CIDOC_CRM/CIDOC_CRM_v7.1.3/property_CIDOC_CRM_v7.1.3.json,10,,,,"(E29 Design or Procedure, P69 has association with, E29 Design or Procedure)
(E29 Design or Procedure, P69i is associated with, E29 Design or Procedure)
(E33 Linguistic Object, P73 has translation, E33 Linguistic Object)
(E33 Linguistic Object, P73i is translation of, E33 Linguistic Object)
(E55 Type, P103i was intention of, E71 Human-Made Thing)
(E55 Type, P127i has narrower term, E55 Type)
(E55 Type, P150i defines typical wholes for, E55 Type)
(E71 Human-Made Thing, P103 was intended for, E55 Type)
(E73 Information Object, P165 incorporates, E90 Symbolic Object)
(E89 Propositional Object, P148 has component, E89 Propositional Object)
(E89 Propositional Object, P148i is component of, E89 Propositional Object)
(E90 Symbolic Object, P106 is composed of, E90 Symbolic Object)
(E90 Symbolic Object, P106i forms part of, E90 Symbolic Object)
(E90 Symbolic Object, P165i is incorporated in, E73 Information Object)","[""E28 Conceptual Object"", ""E29 Design or Procedure"", ""E31 Document"", ""E33 Linguistic Object"", ""E36 Visual Item"", ""E55 Type"", ""E71 Human-Made Thing"", ""E73 Information Object"", ""E89 Propositional Object"", ""E90 Symbolic Object""]","[""P103 was intended for"", ""P103i was intention of"", ""P106 is composed of"", ""P106i forms part of"", ""P127i has narrower term"", ""P148 has component"", ""P148i is component of"", ""P150i defines typical wholes for"", ""P165 incorporates"", ""P165i is incorporated in"", ""P69 has association with"", ""P69i is associated with"", ""P73 has translation"", ""P73i is translation of""]","[{""characteristics"": [], ""meta"": {""object_iri"": ""http://www.cidoc-crm.org/cidoc-crm/E29_Design_or_Procedure"", ""predicate_iri"": ""http://www.cidoc-crm.org/cidoc-crm/P69_has_association_with"", ""predicate_type"": ""object"", ""subject_iri"": ""http://www.cidoc-crm.org/cidoc-crm/E29_Design_or_Procedure""}, ""text"": ""E29 Design or Procedure P69 has association with E29 Design or Procedure."", ""triple"": [""E29 Design or Procedure"", ""P69 has association with"", ""E29 Design or Procedure""]}, {""characteristics"": [], ""meta"": {""object_iri"": ""http://www.cidoc-crm.org/cidoc-crm/E29_Design_or_Procedure"", ""predicate_iri"": ""http://www.cidoc-crm.org/cidoc-crm/P69i_is_associated_with"", ""predicate_type"": ""object"", ""subject_iri"": ""http://www.cidoc-crm.org/cidoc-crm/E29_Design_or_Procedure""}, ""text"": ""E29 Design or Procedure P69i is associated with E29 Design or Procedure."", ""triple"": [""E29 Design or Procedure"", ""P69i is associated with"", ""E29 Design or Procedure""]}, {""characteristics"": [], ""meta"": {""object_iri"": ""http://www.cidoc-crm.org/cidoc-crm/E33_Linguistic_Object"", ""predicate_iri"": ""http://www.cidoc-crm.org/cidoc-crm/P73_has_translation"", ""predicate_type"": ""object"", ""subject_iri"": ""http://www.cidoc-crm.org/cidoc-crm/E33_Linguistic_Object""}, ""text"": ""E33 Linguistic Object P73 has translation E33 Linguistic Object."", ""triple"": [""E33 Linguistic Object"", ""P73 has translation"", ""E33 Linguistic Object""]}, {""characteristics"": [], ""meta"": {""object_iri"": ""http://www.cidoc-crm.org/cidoc-crm/E33_Linguistic_Object"", ""predicate_iri"": ""http://www.cidoc-crm.org/cidoc-crm/P73i_is_translation_of"", ""predicate_type"": ""object"", ""subject_iri"": ""http://www.cidoc-crm.org/cidoc-crm/E33_Linguistic_Object""}, ""text"": ""E33 Linguistic Object P73i is translation of E33 Linguistic Object."", ""triple"": [""E33 Linguistic Object"", ""P73i is translation of"", ""E33 Linguistic Object""]}, {""characteristics"": [], ""meta"": {""object_iri"": ""http://www.cidoc-crm.org/cidoc-crm/E71_Human-Made_Thing"", ""predicate_iri"": ""http://www.cidoc-crm.org/cidoc-crm/P103i_was_intention_of"", ""predicate_type"": ""object"", ""subject_iri"": ""http://www.cidoc-crm.org/cidoc-crm/E55_Type""}, ""text"": ""E55 Type P103i was intention of E71 Human-Made Thing."", ""triple"": [""E55 Type"", ""P103i was intention of"", ""E71 Human-Made Thing""]}, {""characteristics"": [], ""meta"": {""object_iri"": ""http://www.cidoc-crm.org/cidoc-crm/E55_Type"", ""predicate_iri"": ""http://www.cidoc-crm.org/cidoc-crm/P127i_has_narrower_term"", ""predicate_type"": ""object"", ""subject_iri"": ""http://www.cidoc-crm.org/cidoc-crm/E55_Type""}, ""text"": ""E55 Type P127i has narrower term E55 Type."", ""triple"": [""E55 Type"", ""P127i has narrower term"", ""E55 Type""]}, {""characteristics"": [], ""meta"": {""object_iri"": ""http://www.cidoc-crm.org/cidoc-crm/E55_Type"", ""predicate_iri"": ""http://www.cidoc-crm.org/cidoc-crm/P150i_defines_typical_wholes_for"", ""predicate_type"": ""object"", ""subject_iri"": ""http://www.cidoc-crm.org/cidoc-crm/E55_Type""}, ""text"": ""E55 Type P150i defines typical wholes for E55 Type."", ""triple"": [""E55 Type"", ""P150i defines typical wholes for"", ""E55 Type""]}, {""characteristics"": [], ""meta"": {""object_iri"": ""http://www.cidoc-crm.org/cidoc-crm/E55_Type"", ""predicate_iri"": ""http://www.cidoc-crm.org/cidoc-crm/P103_was_intended_for"", ""predicate_type"": ""object"", ""subject_iri"": ""http://www.cidoc-crm.org/cidoc-crm/E71_Human-Made_Thing""}, ""text"": ""E71 Human-Made Thing P103 was intended for E55 Type."", ""triple"": [""E71 Human-Made Thing"", ""P103 was intended for"", ""E55 Type""]}, {""characteristics"": [], ""meta"": {""object_iri"": ""http://www.cidoc-crm.org/cidoc-crm/E90_Symbolic_Object"", ""predicate_iri"": ""http://www.cidoc-crm.org/cidoc-crm/P165_incorporates"", ""predicate_type"": ""object"", ""subject_iri"": ""http://www.cidoc-crm.org/cidoc-crm/E73_Information_Object""}, ""text"": ""E73 Information Object P165 incorporates E90 Symbolic Object."", ""triple"": [""E73 Information Object"", ""P165 incorporates"", ""E90 Symbolic Object""]}, {""characteristics"": [], ""meta"": {""object_iri"": ""http://www.cidoc-crm.org/cidoc-crm/E89_Propositional_Object"", ""predicate_iri"": ""http://www.cidoc-crm.org/cidoc-crm/P148_has_component"", ""predicate_type"": ""object"", ""subject_iri"": ""http://www.cidoc-crm.org/cidoc-crm/E89_Propositional_Object""}, ""text"": ""E89 Propositional Object P148 has component E89 Propositional Object."", ""triple"": [""E89 Propositional Object"", ""P148 has component"", ""E89 Propositional Object""]}, {""characteristics"": [], ""meta"": {""object_iri"": ""http://www.cidoc-crm.org/cidoc-crm/E89_Propositional_Object"", ""predicate_iri"": ""http://www.cidoc-crm.org/cidoc-crm/P148i_is_component_of"", ""predicate_type"": ""object"", ""subject_iri"": ""http://www.cidoc-crm.org/cidoc-crm/E89_Propositional_Object""}, ""text"": ""E89 Propositional Object P148i is component of E89 Propositional Object."", ""triple"": [""E89 Propositional Object"", ""P148i is component of"", ""E89 Propositional Object""]}, {""characteristics"": [], ""meta"": {""object_iri"": ""http://www.cidoc-crm.org/cidoc-crm/E90_Symbolic_Object"", ""predicate_iri"": ""http://www.cidoc-crm.org/cidoc-crm/P106_is_composed_of"", ""predicate_type"": ""object"", ""subject_iri"": ""http://www.cidoc-crm.org/cidoc-crm/E90_Symbolic_Object""}, ""text"": ""E90 Symbolic Object P106 is composed of E90 Symbolic Object."", ""triple"": [""E90 Symbolic Object"", ""P106 is composed of"", ""E90 Symbolic Object""]}, {""characteristics"": [], ""meta"": {""object_iri"": ""http://www.cidoc-crm.org/cidoc-crm/E90_Symbolic_Object"", ""predicate_iri"": ""http://www.cidoc-crm.org/cidoc-crm/P106i_forms_part_of"", ""predicate_type"": ""object"", ""subject_iri"": ""http://www.cidoc-crm.org/cidoc-crm/E90_Symbolic_Object""}, ""text"": ""E90 Symbolic Object P106i forms part of E90 Symbolic Object."", ""triple"": [""E90 Symbolic Object"", ""P106i forms part of"", ""E90 Symbolic Object""]}, {""characteristics"": [], ""meta"": {""object_iri"": ""http://www.cidoc-crm.org/cidoc-crm/E73_Information_Object"", ""predicate_iri"": ""http://www.cidoc-crm.org/cidoc-crm/P165i_is_incorporated_in"", ""predicate_type"": ""object"", ""subject_iri"": ""http://www.cidoc-crm.org/cidoc-crm/E90_Symbolic_Object""}, ""text"": ""E90 Symbolic Object P165i is incorporated in E73 Information Object."", ""triple"": [""E90 Symbolic Object"", ""P165i is incorporated in"", ""E73 Information Object""]}]",{}
L4_Arts_Media_Entertainment_Arts_Media_Entertainment_CIDOC_CRM_property_CIDOC_CRM_v7_1_3_00012,"In the CIDOC CRM ontology, given the following set of classes and properties, construct only object- and data-property relationships. Do not output subClassOf triples. Output only triples in the form (subject, predicate, object).

Classes:
- E18 Physical Thing
- E19 Physical Object
- E22 Human-Made Object
- E24 Physical Human-Made Thing
- E25 Human-Made Feature
- E70 Thing
- E71 Human-Made Thing
- E72 Legal Object
- E78 Curated Holding
- E90 Symbolic Object

Object Properties:
- P106 is composed of
- P106i forms part of
- P128 carries
- P128i is carried by
- P130 shows features of
- P130i features are also found on
- P198 holds or supports
- P198i is held or supported by

Data Properties:
None",,"(E18 Physical Thing, P128 carries, E90 Symbolic Object)
(E18 Physical Thing, P198 holds or supports, E18 Physical Thing)
(E18 Physical Thing, P198i is held or supported by, E18 Physical Thing)
(E70 Thing, P130 shows features of, E70 Thing)
(E70 Thing, P130i features are also found on, E70 Thing)
(E90 Symbolic Object, P106 is composed of, E90 Symbolic Object)
(E90 Symbolic Object, P106i forms part of, E90 Symbolic Object)
(E90 Symbolic Object, P128i is carried by, E18 Physical Thing)",3_4,L4,Property Relation Construction,Learning,Generation,triple_f1,Arts_Media_Entertainment,Arts_Media_Entertainment/CIDOC_CRM,bench_3_4/Arts_Media_Entertainment/CIDOC_CRM/CIDOC_CRM_v7.1.3/property_CIDOC_CRM_v7.1.3.json,11,,,,"(E18 Physical Thing, P128 carries, E90 Symbolic Object)
(E18 Physical Thing, P198 holds or supports, E18 Physical Thing)
(E18 Physical Thing, P198i is held or supported by, E18 Physical Thing)
(E70 Thing, P130 shows features of, E70 Thing)
(E70 Thing, P130i features are also found on, E70 Thing)
(E90 Symbolic Object, P106 is composed of, E90 Symbolic Object)
(E90 Symbolic Object, P106i forms part of, E90 Symbolic Object)
(E90 Symbolic Object, P128i is carried by, E18 Physical Thing)","[""E18 Physical Thing"", ""E19 Physical Object"", ""E22 Human-Made Object"", ""E24 Physical Human-Made Thing"", ""E25 Human-Made Feature"", ""E70 Thing"", ""E71 Human-Made Thing"", ""E72 Legal Object"", ""E78 Curated Holding"", ""E90 Symbolic Object""]","[""P106 is composed of"", ""P106i forms part of"", ""P128 carries"", ""P128i is carried by"", ""P130 shows features of"", ""P130i features are also found on"", ""P198 holds or supports"", ""P198i is held or supported by""]","[{""characteristics"": [], ""meta"": {""object_iri"": ""http://www.cidoc-crm.org/cidoc-crm/E90_Symbolic_Object"", ""predicate_iri"": ""http://www.cidoc-crm.org/cidoc-crm/P128_carries"", ""predicate_type"": ""object"", ""subject_iri"": ""http://www.cidoc-crm.org/cidoc-crm/E18_Physical_Thing""}, ""text"": ""E18 Physical Thing P128 carries E90 Symbolic Object."", ""triple"": [""E18 Physical Thing"", ""P128 carries"", ""E90 Symbolic Object""]}, {""characteristics"": [], ""meta"": {""object_iri"": ""http://www.cidoc-crm.org/cidoc-crm/E18_Physical_Thing"", ""predicate_iri"": ""http://www.cidoc-crm.org/cidoc-crm/P198_holds_or_supports"", ""predicate_type"": ""object"", ""subject_iri"": ""http://www.cidoc-crm.org/cidoc-crm/E18_Physical_Thing""}, ""text"": ""E18 Physical Thing P198 holds or supports E18 Physical Thing."", ""triple"": [""E18 Physical Thing"", ""P198 holds or supports"", ""E18 Physical Thing""]}, {""characteristics"": [], ""meta"": {""object_iri"": ""http://www.cidoc-crm.org/cidoc-crm/E18_Physical_Thing"", ""predicate_iri"": ""http://www.cidoc-crm.org/cidoc-crm/P198i_is_held_or_supported_by"", ""predicate_type"": ""object"", ""subject_iri"": ""http://www.cidoc-crm.org/cidoc-crm/E18_Physical_Thing""}, ""text"": ""E18 Physical Thing P198i is held or supported by E18 Physical Thing."", ""triple"": [""E18 Physical Thing"", ""P198i is held or supported by"", ""E18 Physical Thing""]}, {""characteristics"": [], ""meta"": {""object_iri"": ""http://www.cidoc-crm.org/cidoc-crm/E70_Thing"", ""predicate_iri"": ""http://www.cidoc-crm.org/cidoc-crm/P130_shows_features_of"", ""predicate_type"": ""object"", ""subject_iri"": ""http://www.cidoc-crm.org/cidoc-crm/E70_Thing""}, ""text"": ""E70 Thing P130 shows features of E70 Thing."", ""triple"": [""E70 Thing"", ""P130 shows features of"", ""E70 Thing""]}, {""characteristics"": [], ""meta"": {""object_iri"": ""http://www.cidoc-crm.org/cidoc-crm/E70_Thing"", ""predicate_iri"": ""http://www.cidoc-crm.org/cidoc-crm/P130i_features_are_also_found_on"", ""predicate_type"": ""object"", ""subject_iri"": ""http://www.cidoc-crm.org/cidoc-crm/E70_Thing""}, ""text"": ""E70 Thing P130i features are also found on E70 Thing."", ""triple"": [""E70 Thing"", ""P130i features are also found on"", ""E70 Thing""]}, {""characteristics"": [], ""meta"": {""object_iri"": ""http://www.cidoc-crm.org/cidoc-crm/E90_Symbolic_Object"", ""predicate_iri"": ""http://www.cidoc-crm.org/cidoc-crm/P106_is_composed_of"", ""predicate_type"": ""object"", ""subject_iri"": ""http://www.cidoc-crm.org/cidoc-crm/E90_Symbolic_Object""}, ""text"": ""E90 Symbolic Object P106 is composed of E90 Symbolic Object."", ""triple"": [""E90 Symbolic Object"", ""P106 is composed of"", ""E90 Symbolic Object""]}, {""characteristics"": [], ""meta"": {""object_iri"": ""http://www.cidoc-crm.org/cidoc-crm/E90_Symbolic_Object"", ""predicate_iri"": ""http://www.cidoc-crm.org/cidoc-crm/P106i_forms_part_of"", ""predicate_type"": ""object"", ""subject_iri"": ""http://www.cidoc-crm.org/cidoc-crm/E90_Symbolic_Object""}, ""text"": ""E90 Symbolic Object P106i forms part of E90 Symbolic Object."", ""triple"": [""E90 Symbolic Object"", ""P106i forms part of"", ""E90 Symbolic Object""]}, {""characteristics"": [], ""meta"": {""object_iri"": ""http://www.cidoc-crm.org/cidoc-crm/E18_Physical_Thing"", ""predicate_iri"": ""http://www.cidoc-crm.org/cidoc-crm/P128i_is_carried_by"", ""predicate_type"": ""object"", ""subject_iri"": ""http://www.cidoc-crm.org/cidoc-crm/E90_Symbolic_Object""}, ""text"": ""E90 Symbolic Object P128i is carried by E18 Physical Thing."", ""triple"": [""E90 Symbolic Object"", ""P128i is carried by"", ""E18 Physical Thing""]}]",{}
L4_Arts_Media_Entertainment_Arts_Media_Entertainment_CIDOC_CRM_property_CIDOC_CRM_v7_1_3_00013,"In the CIDOC CRM ontology, given the following set of classes and properties, construct only object- and data-property relationships. Do not output subClassOf triples. Output only triples in the form (subject, predicate, object).

Classes:
- E18 Physical Thing
- E19 Physical Object
- E22 Human-Made Object
- E24 Physical Human-Made Thing
- E25 Human-Made Feature
- E26 Physical Feature
- E70 Thing
- E71 Human-Made Thing
- E72 Legal Object
- E78 Curated Holding

Object Properties:
- P130 shows features of
- P130i features are also found on
- P198 holds or supports
- P198i is held or supported by
- P46 is composed of
- P56 bears feature
- P56i is found on

Data Properties:
None",,"(E18 Physical Thing, P198 holds or supports, E18 Physical Thing)
(E18 Physical Thing, P198i is held or supported by, E18 Physical Thing)
(E18 Physical Thing, P46 is composed of, E18 Physical Thing)
(E19 Physical Object, P56 bears feature, E26 Physical Feature)
(E26 Physical Feature, P56i is found on, E19 Physical Object)
(E70 Thing, P130 shows features of, E70 Thing)
(E70 Thing, P130i features are also found on, E70 Thing)",3_4,L4,Property Relation Construction,Learning,Generation,triple_f1,Arts_Media_Entertainment,Arts_Media_Entertainment/CIDOC_CRM,bench_3_4/Arts_Media_Entertainment/CIDOC_CRM/CIDOC_CRM_v7.1.3/property_CIDOC_CRM_v7.1.3.json,12,,,,"(E18 Physical Thing, P198 holds or supports, E18 Physical Thing)
(E18 Physical Thing, P198i is held or supported by, E18 Physical Thing)
(E18 Physical Thing, P46 is composed of, E18 Physical Thing)
(E19 Physical Object, P56 bears feature, E26 Physical Feature)
(E26 Physical Feature, P56i is found on, E19 Physical Object)
(E70 Thing, P130 shows features of, E70 Thing)
(E70 Thing, P130i features are also found on, E70 Thing)","[""E18 Physical Thing"", ""E19 Physical Object"", ""E22 Human-Made Object"", ""E24 Physical Human-Made Thing"", ""E25 Human-Made Feature"", ""E26 Physical Feature"", ""E70 Thing"", ""E71 Human-Made Thing"", ""E72 Legal Object"", ""E78 Curated Holding""]","[""P130 shows features of"", ""P130i features are also found on"", ""P198 holds or supports"", ""P198i is held or supported by"", ""P46 is composed of"", ""P56 bears feature"", ""P56i is found on""]","[{""characteristics"": [], ""meta"": {""object_iri"": ""http://www.cidoc-crm.org/cidoc-crm/E18_Physical_Thing"", ""predicate_iri"": ""http://www.cidoc-crm.org/cidoc-crm/P198_holds_or_supports"", ""predicate_type"": ""object"", ""subject_iri"": ""http://www.cidoc-crm.org/cidoc-crm/E18_Physical_Thing""}, ""text"": ""E18 Physical Thing P198 holds or supports E18 Physical Thing."", ""triple"": [""E18 Physical Thing"", ""P198 holds or supports"", ""E18 Physical Thing""]}, {""characteristics"": [], ""meta"": {""object_iri"": ""http://www.cidoc-crm.org/cidoc-crm/E18_Physical_Thing"", ""predicate_iri"": ""http://www.cidoc-crm.org/cidoc-crm/P198i_is_held_or_supported_by"", ""predicate_type"": ""object"", ""subject_iri"": ""http://www.cidoc-crm.org/cidoc-crm/E18_Physical_Thing""}, ""text"": ""E18 Physical Thing P198i is held or supported by E18 Physical Thing."", ""triple"": [""E18 Physical Thing"", ""P198i is held or supported by"", ""E18 Physical Thing""]}, {""characteristics"": [], ""meta"": {""object_iri"": ""http://www.cidoc-crm.org/cidoc-crm/E18_Physical_Thing"", ""predicate_iri"": ""http://www.cidoc-crm.org/cidoc-crm/P46_is_composed_of"", ""predicate_type"": ""object"", ""subject_iri"": ""http://www.cidoc-crm.org/cidoc-crm/E18_Physical_Thing""}, ""text"": ""E18 Physical Thing P46 is composed of E18 Physical Thing."", ""triple"": [""E18 Physical Thing"", ""P46 is composed of"", ""E18 Physical Thing""]}, {""characteristics"": [], ""meta"": {""object_iri"": ""http://www.cidoc-crm.org/cidoc-crm/E26_Physical_Feature"", ""predicate_iri"": ""http://www.cidoc-crm.org/cidoc-crm/P56_bears_feature"", ""predicate_type"": ""object"", ""subject_iri"": ""http://www.cidoc-crm.org/cidoc-crm/E19_Physical_Object""}, ""text"": ""E19 Physical Object P56 bears feature E26 Physical Feature."", ""triple"": [""E19 Physical Object"", ""P56 bears feature"", ""E26 Physical Feature""]}, {""characteristics"": [], ""meta"": {""object_iri"": ""http://www.cidoc-crm.org/cidoc-crm/E19_Physical_Object"", ""predicate_iri"": ""http://www.cidoc-crm.org/cidoc-crm/P56i_is_found_on"", ""predicate_type"": ""object"", ""subject_iri"": ""http://www.cidoc-crm.org/cidoc-crm/E26_Physical_Feature""}, ""text"": ""E26 Physical Feature P56i is found on E19 Physical Object."", ""triple"": [""E26 Physical Feature"", ""P56i is found on"", ""E19 Physical Object""]}, {""characteristics"": [], ""meta"": {""object_iri"": ""http://www.cidoc-crm.org/cidoc-crm/E70_Thing"", ""predicate_iri"": ""http://www.cidoc-crm.org/cidoc-crm/P130_shows_features_of"", ""predicate_type"": ""object"", ""subject_iri"": ""http://www.cidoc-crm.org/cidoc-crm/E70_Thing""}, ""text"": ""E70 Thing P130 shows features of E70 Thing."", ""triple"": [""E70 Thing"", ""P130 shows features of"", ""E70 Thing""]}, {""characteristics"": [], ""meta"": {""object_iri"": ""http://www.cidoc-crm.org/cidoc-crm/E70_Thing"", ""predicate_iri"": ""http://www.cidoc-crm.org/cidoc-crm/P130i_features_are_also_found_on"", ""predicate_type"": ""object"", ""subject_iri"": ""http://www.cidoc-crm.org/cidoc-crm/E70_Thing""}, ""text"": ""E70 Thing P130i features are also found on E70 Thing."", ""triple"": [""E70 Thing"", ""P130i features are also found on"", ""E70 Thing""]}]",{}
L4_Arts_Media_Entertainment_Arts_Media_Entertainment_CIDOC_CRM_property_CIDOC_CRM_v7_1_3_00014,"In the CIDOC CRM ontology, given the following set of classes and properties, construct only object- and data-property relationships. Do not output subClassOf triples. Output only triples in the form (subject, predicate, object).

Classes:
- E18 Physical Thing
- E19 Physical Object
- E22 Human-Made Object
- E24 Physical Human-Made Thing
- E25 Human-Made Feature
- E26 Physical Feature
- E4 Period
- E70 Thing
- E71 Human-Made Thing
- E72 Legal Object

Object Properties:
- P130 shows features of
- P130i features are also found on
- P198 holds or supports
- P198i is held or supported by
- P56 bears feature
- P56i is found on
- P8 took place on or within
- P8i witnessed
- P9 consists of
- P9i forms part of

Data Properties:
None",,"(E18 Physical Thing, P198 holds or supports, E18 Physical Thing)
(E18 Physical Thing, P198i is held or supported by, E18 Physical Thing)
(E18 Physical Thing, P8i witnessed, E4 Period)
(E19 Physical Object, P56 bears feature, E26 Physical Feature)
(E26 Physical Feature, P56i is found on, E19 Physical Object)
(E4 Period, P8 took place on or within, E18 Physical Thing)
(E4 Period, P9 consists of, E4 Period)
(E4 Period, P9i forms part of, E4 Period)
(E70 Thing, P130 shows features of, E70 Thing)
(E70 Thing, P130i features are also found on, E70 Thing)",3_4,L4,Property Relation Construction,Learning,Generation,triple_f1,Arts_Media_Entertainment,Arts_Media_Entertainment/CIDOC_CRM,bench_3_4/Arts_Media_Entertainment/CIDOC_CRM/CIDOC_CRM_v7.1.3/property_CIDOC_CRM_v7.1.3.json,13,,,,"(E18 Physical Thing, P198 holds or supports, E18 Physical Thing)
(E18 Physical Thing, P198i is held or supported by, E18 Physical Thing)
(E18 Physical Thing, P8i witnessed, E4 Period)
(E19 Physical Object, P56 bears feature, E26 Physical Feature)
(E26 Physical Feature, P56i is found on, E19 Physical Object)
(E4 Period, P8 took place on or within, E18 Physical Thing)
(E4 Period, P9 consists of, E4 Period)
(E4 Period, P9i forms part of, E4 Period)
(E70 Thing, P130 shows features of, E70 Thing)
(E70 Thing, P130i features are also found on, E70 Thing)","[""E18 Physical Thing"", ""E19 Physical Object"", ""E22 Human-Made Object"", ""E24 Physical Human-Made Thing"", ""E25 Human-Made Feature"", ""E26 Physical Feature"", ""E4 Period"", ""E70 Thing"", ""E71 Human-Made Thing"", ""E72 Legal Object""]","[""P130 shows features of"", ""P130i features are also found on"", ""P198 holds or supports"", ""P198i is held or supported by"", ""P56 bears feature"", ""P56i is found on"", ""P8 took place on or within"", ""P8i witnessed"", ""P9 consists of"", ""P9i forms part of""]","[{""characteristics"": [], ""meta"": {""object_iri"": ""http://www.cidoc-crm.org/cidoc-crm/E18_Physical_Thing"", ""predicate_iri"": ""http://www.cidoc-crm.org/cidoc-crm/P198_holds_or_supports"", ""predicate_type"": ""object"", ""subject_iri"": ""http://www.cidoc-crm.org/cidoc-crm/E18_Physical_Thing""}, ""text"": ""E18 Physical Thing P198 holds or supports E18 Physical Thing."", ""triple"": [""E18 Physical Thing"", ""P198 holds or supports"", ""E18 Physical Thing""]}, {""characteristics"": [], ""meta"": {""object_iri"": ""http://www.cidoc-crm.org/cidoc-crm/E18_Physical_Thing"", ""predicate_iri"": ""http://www.cidoc-crm.org/cidoc-crm/P198i_is_held_or_supported_by"", ""predicate_type"": ""object"", ""subject_iri"": ""http://www.cidoc-crm.org/cidoc-crm/E18_Physical_Thing""}, ""text"": ""E18 Physical Thing P198i is held or supported by E18 Physical Thing."", ""triple"": [""E18 Physical Thing"", ""P198i is held or supported by"", ""E18 Physical Thing""]}, {""characteristics"": [], ""meta"": {""object_iri"": ""http://www.cidoc-crm.org/cidoc-crm/E4_Period"", ""predicate_iri"": ""http://www.cidoc-crm.org/cidoc-crm/P8i_witnessed"", ""predicate_type"": ""object"", ""subject_iri"": ""http://www.cidoc-crm.org/cidoc-crm/E18_Physical_Thing""}, ""text"": ""E18 Physical Thing P8i witnessed E4 Period."", ""triple"": [""E18 Physical Thing"", ""P8i witnessed"", ""E4 Period""]}, {""characteristics"": [], ""meta"": {""object_iri"": ""http://www.cidoc-crm.org/cidoc-crm/E26_Physical_Feature"", ""predicate_iri"": ""http://www.cidoc-crm.org/cidoc-crm/P56_bears_feature"", ""predicate_type"": ""object"", ""subject_iri"": ""http://www.cidoc-crm.org/cidoc-crm/E19_Physical_Object""}, ""text"": ""E19 Physical Object P56 bears feature E26 Physical Feature."", ""triple"": [""E19 Physical Object"", ""P56 bears feature"", ""E26 Physical Feature""]}, {""characteristics"": [], ""meta"": {""object_iri"": ""http://www.cidoc-crm.org/cidoc-crm/E19_Physical_Object"", ""predicate_iri"": ""http://www.cidoc-crm.org/cidoc-crm/P56i_is_found_on"", ""predicate_type"": ""object"", ""subject_iri"": ""http://www.cidoc-crm.org/cidoc-crm/E26_Physical_Feature""}, ""text"": ""E26 Physical Feature P56i is found on E19 Physical Object."", ""triple"": [""E26 Physical Feature"", ""P56i is found on"", ""E19 Physical Object""]}, {""characteristics"": [], ""meta"": {""object_iri"": ""http://www.cidoc-crm.org/cidoc-crm/E18_Physical_Thing"", ""predicate_iri"": ""http://www.cidoc-crm.org/cidoc-crm/P8_took_place_on_or_within"", ""predicate_type"": ""object"", ""subject_iri"": ""http://www.cidoc-crm.org/cidoc-crm/E4_Period""}, ""text"": ""E4 Period P8 took place on or within E18 Physical Thing."", ""triple"": [""E4 Period"", ""P8 took place on or within"", ""E18 Physical Thing""]}, {""characteristics"": [], ""meta"": {""object_iri"": ""http://www.cidoc-crm.org/cidoc-crm/E4_Period"", ""predicate_iri"": ""http://www.cidoc-crm.org/cidoc-crm/P9_consists_of"", ""predicate_type"": ""object"", ""subject_iri"": ""http://www.cidoc-crm.org/cidoc-crm/E4_Period""}, ""text"": ""E4 Period P9 consists of E4 Period."", ""triple"": [""E4 Period"", ""P9 consists of"", ""E4 Period""]}, {""characteristics"": [], ""meta"": {""object_iri"": ""http://www.cidoc-crm.org/cidoc-crm/E4_Period"", ""predicate_iri"": ""http://www.cidoc-crm.org/cidoc-crm/P9i_forms_part_of"", ""predicate_type"": ""object"", ""subject_iri"": ""http://www.cidoc-crm.org/cidoc-crm/E4_Period""}, ""text"": ""E4 Period P9i forms part of E4 Period."", ""triple"": [""E4 Period"", ""P9i forms part of"", ""E4 Period""]}, {""characteristics"": [], ""meta"": {""object_iri"": ""http://www.cidoc-crm.org/cidoc-crm/E70_Thing"", ""predicate_iri"": ""http://www.cidoc-crm.org/cidoc-crm/P130_shows_features_of"", ""predicate_type"": ""object"", ""subject_iri"": ""http://www.cidoc-crm.org/cidoc-crm/E70_Thing""}, ""text"": ""E70 Thing P130 shows features of E70 Thing."", ""triple"": [""E70 Thing"", ""P130 shows features of"", ""E70 Thing""]}, {""characteristics"": [], ""meta"": {""object_iri"": ""http://www.cidoc-crm.org/cidoc-crm/E70_Thing"", ""predicate_iri"": ""http://www.cidoc-crm.org/cidoc-crm/P130i_features_are_also_found_on"", ""predicate_type"": ""object"", ""subject_iri"": ""http://www.cidoc-crm.org/cidoc-crm/E70_Thing""}, ""text"": ""E70 Thing P130i features are also found on E70 Thing."", ""triple"": [""E70 Thing"", ""P130i features are also found on"", ""E70 Thing""]}]",{}
L4_Arts_Media_Entertainment_Arts_Media_Entertainment_MovieOntology_property_movieon_00001,"In the Movie Ontology, given the following set of classes and properties, construct only object- and data-property relationships. Do not output subClassOf triples. Output only triples in the form (subject, predicate, object).

Classes:
- Actor
- Agent
- Director
- Movie
- Person
- Spatial Thing
- Thing

Object Properties:
- acts
- directs
- isActedBy
- isDirectedBy
- knows
- made
- maker

Data Properties:
- launchDate
- name
- title",,"(Actor, acts, Movie)
(Agent, made, Thing)
(Director, isDirectedBy, Movie)
(Movie, directs, Director)
(Movie, isActedBy, Actor)
(Movie, launchDate, integer)
(Movie, title, string)
(Person, knows, Person)
(Person, name, string)
(Thing, maker, Agent)
(Thing, name, string)",3_4,L4,Property Relation Construction,Learning,Generation,triple_f1,Arts_Media_Entertainment,Arts_Media_Entertainment/MovieOntology,bench_3_4/Arts_Media_Entertainment/MovieOntology/movieon/property_movieon.json,0,,,,"(Actor, acts, Movie)
(Agent, made, Thing)
(Director, isDirectedBy, Movie)
(Movie, directs, Director)
(Movie, isActedBy, Actor)
(Movie, launchDate, integer)
(Movie, title, string)
(Person, knows, Person)
(Person, name, string)
(Thing, maker, Agent)
(Thing, name, string)","[""Actor"", ""Agent"", ""Director"", ""Movie"", ""Person"", ""Spatial Thing"", ""Thing""]","[""acts"", ""directs"", ""isActedBy"", ""isDirectedBy"", ""knows"", ""made"", ""maker""]","[{""characteristics"": [], ""meta"": {""object_iri"": ""http://www.ime.usp.br/~renata/FOAF-modifiedMovie"", ""predicate_iri"": ""http://www.ime.usp.br/~renata/FOAF-modifiedacts"", ""predicate_type"": ""object"", ""subject_iri"": ""http://www.ime.usp.br/~renata/FOAF-modifiedActor""}, ""text"": ""Actor acts Movie."", ""triple"": [""Actor"", ""acts"", ""Movie""]}, {""characteristics"": [], ""meta"": {""object_iri"": ""http://www.w3.org/2002/07/owl#Thing"", ""predicate_iri"": ""http://www.ime.usp.br/~renata/FOAF-modifiedmade"", ""predicate_type"": ""object"", ""subject_iri"": ""http://www.ime.usp.br/~renata/FOAF-modifiedAgent""}, ""text"": ""Agent made Thing."", ""triple"": [""Agent"", ""made"", ""Thing""]}, {""characteristics"": [], ""meta"": {""object_iri"": ""http://www.ime.usp.br/~renata/FOAF-modifiedMovie"", ""predicate_iri"": ""http://www.ime.usp.br/~renata/FOAF-modifiedisDirectedBy"", ""predicate_type"": ""object"", ""subject_iri"": ""http://www.ime.usp.br/~renata/FOAF-modifiedDirector""}, ""text"": ""Director isDirectedBy Movie."", ""triple"": [""Director"", ""isDirectedBy"", ""Movie""]}, {""characteristics"": [], ""meta"": {""object_iri"": ""http://www.ime.usp.br/~renata/FOAF-modifiedDirector"", ""predicate_iri"": ""http://www.ime.usp.br/~renata/FOAF-modifieddirects"", ""predicate_type"": ""object"", ""subject_iri"": ""http://www.ime.usp.br/~renata/FOAF-modifiedMovie""}, ""text"": ""Movie directs Director."", ""triple"": [""Movie"", ""directs"", ""Director""]}, {""characteristics"": [], ""meta"": {""object_iri"": ""http://www.ime.usp.br/~renata/FOAF-modifiedActor"", ""predicate_iri"": ""http://www.ime.usp.br/~renata/FOAF-modifiedisActedBy"", ""predicate_type"": ""object"", ""subject_iri"": ""http://www.ime.usp.br/~renata/FOAF-modifiedMovie""}, ""text"": ""Movie isActedBy Actor."", ""triple"": [""Movie"", ""isActedBy"", ""Actor""]}, {""characteristics"": [], ""meta"": {""object_iri"": null, ""predicate_iri"": ""http://www.ime.usp.br/~renata/FOAF-modifiedlaunchDate"", ""predicate_type"": ""data"", ""subject_iri"": ""http://www.ime.usp.br/~renata/FOAF-modifiedMovie""}, ""text"": ""Movie launchDate integer."", ""triple"": [""Movie"", ""launchDate"", ""integer""]}, {""characteristics"": [], ""meta"": {""object_iri"": null, ""predicate_iri"": ""http://www.ime.usp.br/~renata/FOAF-modifiedtitle"", ""predicate_type"": ""data"", ""subject_iri"": ""http://www.ime.usp.br/~renata/FOAF-modifiedMovie""}, ""text"": ""Movie title string."", ""triple"": [""Movie"", ""title"", ""string""]}, {""characteristics"": [], ""meta"": {""object_iri"": ""http://www.ime.usp.br/~renata/FOAF-modifiedPerson"", ""predicate_iri"": ""http://www.ime.usp.br/~renata/FOAF-modifiedknows"", ""predicate_type"": ""object"", ""subject_iri"": ""http://www.ime.usp.br/~renata/FOAF-modifiedPerson""}, ""text"": ""Person knows Person."", ""triple"": [""Person"", ""knows"", ""Person""]}, {""characteristics"": [], ""meta"": {""object_iri"": null, ""predicate_iri"": ""http://www.ime.usp.br/~renata/FOAF-modifiedname"", ""predicate_type"": ""data"", ""subject_iri"": ""http://www.ime.usp.br/~renata/FOAF-modifiedPerson""}, ""text"": ""Person name string."", ""triple"": [""Person"", ""name"", ""string""]}, {""characteristics"": [], ""meta"": {""object_iri"": ""http://www.ime.usp.br/~renata/FOAF-modifiedAgent"", ""predicate_iri"": ""http://www.ime.usp.br/~renata/FOAF-modifiedmaker"", ""predicate_type"": ""object"", ""subject_iri"": ""http://www.w3.org/2002/07/owl#Thing""}, ""text"": ""Thing maker Agent."", ""triple"": [""Thing"", ""maker"", ""Agent""]}, {""characteristics"": [], ""meta"": {""object_iri"": null, ""predicate_iri"": ""http://www.ime.usp.br/~renata/FOAF-modifiedname"", ""predicate_type"": ""data"", ""subject_iri"": ""http://www.w3.org/2002/07/owl#Thing""}, ""text"": ""Thing name string."", ""triple"": [""Thing"", ""name"", ""string""]}]",{}
L4_Arts_Media_Entertainment_Arts_Media_Entertainment_VideOWL_property_VideOWL_eng_00001,"In the Vide OWL ontology, given the following set of classes and properties, construct only object- and data-property relationships. Do not output subClassOf triples. Output only triples in the form (subject, predicate, object).

Classes:
- Action
- ActionRPG
- Exclusive
- Game
- Genre
- Multiplatform
- NonRPG
- RPG
- Roguelike
- Simulator

Object Properties:
- prequelOf

Data Properties:
- hasReleaseDate",,"(Game, hasReleaseDate, <class 'datetime.datetime'>)
(Game, prequelOf, Game)",3_4,L4,Property Relation Construction,Learning,Generation,triple_f1,Arts_Media_Entertainment,Arts_Media_Entertainment/VideOWL,bench_3_4/Arts_Media_Entertainment/VideOWL/VideOWL_eng/property_VideOWL_eng.json,0,,,,"(Game, hasReleaseDate, <class 'datetime.datetime'>)
(Game, prequelOf, Game)","[""Action"", ""ActionRPG"", ""Exclusive"", ""Game"", ""Genre"", ""Multiplatform"", ""NonRPG"", ""RPG"", ""Roguelike"", ""Simulator""]","[""prequelOf""]","[{""characteristics"": [], ""meta"": {""object_iri"": null, ""predicate_iri"": ""http://www.semanticweb.org/porta/ontologies/2022/5/untitled-ontology-7#hasReleaseDate"", ""predicate_type"": ""data"", ""subject_iri"": ""http://www.semanticweb.org/porta/ontologies/2022/5/untitled-ontology-7#Game""}, ""text"": ""Game hasReleaseDate <class 'datetime.datetime'>."", ""triple"": [""Game"", ""hasReleaseDate"", ""<class 'datetime.datetime'>""]}, {""characteristics"": [], ""meta"": {""object_iri"": ""http://www.semanticweb.org/porta/ontologies/2022/5/untitled-ontology-7#Game"", ""predicate_iri"": ""http://www.semanticweb.org/porta/ontologies/2022/5/untitled-ontology-7#prequelOf"", ""predicate_type"": ""object"", ""subject_iri"": ""http://www.semanticweb.org/porta/ontologies/2022/5/untitled-ontology-7#Game""}, ""text"": ""Game prequelOf Game."", ""triple"": [""Game"", ""prequelOf"", ""Game""]}]",{}
L4_Arts_Media_Entertainment_Arts_Media_Entertainment_VideOWL_property_VideOWL_eng_00002,"In the Vide OWL ontology, given the following set of classes and properties, construct only object- and data-property relationships. Do not output subClassOf triples. Output only triples in the form (subject, predicate, object).

Classes:
- Agent
- Character
- Developer
- Fictional
- NPC
- Playable
- Pseudonym
- Real
- Single
- SoftwareHouse

Object Properties:
- colleagueOf
- employeeOf

Data Properties:
- indie",,"(Developer, indie, boolean)
(Single, colleagueOf, Single)
(Single, employeeOf, SoftwareHouse)",3_4,L4,Property Relation Construction,Learning,Generation,triple_f1,Arts_Media_Entertainment,Arts_Media_Entertainment/VideOWL,bench_3_4/Arts_Media_Entertainment/VideOWL/VideOWL_eng/property_VideOWL_eng.json,1,,,,"(Developer, indie, boolean)
(Single, colleagueOf, Single)
(Single, employeeOf, SoftwareHouse)","[""Agent"", ""Character"", ""Developer"", ""Fictional"", ""NPC"", ""Playable"", ""Pseudonym"", ""Real"", ""Single"", ""SoftwareHouse""]","[""colleagueOf"", ""employeeOf""]","[{""characteristics"": [], ""meta"": {""object_iri"": null, ""predicate_iri"": ""http://www.semanticweb.org/porta/ontologies/2022/5/untitled-ontology-7#indie"", ""predicate_type"": ""data"", ""subject_iri"": ""http://www.semanticweb.org/porta/ontologies/2022/5/untitled-ontology-7#Developer""}, ""text"": ""Developer indie boolean."", ""triple"": [""Developer"", ""indie"", ""boolean""]}, {""characteristics"": [], ""meta"": {""object_iri"": ""http://www.semanticweb.org/porta/ontologies/2022/5/untitled-ontology-7#Single"", ""predicate_iri"": ""http://www.semanticweb.org/porta/ontologies/2022/5/untitled-ontology-7#colleagueOf"", ""predicate_type"": ""object"", ""subject_iri"": ""http://www.semanticweb.org/porta/ontologies/2022/5/untitled-ontology-7#Single""}, ""text"": ""Single colleagueOf Single."", ""triple"": [""Single"", ""colleagueOf"", ""Single""]}, {""characteristics"": [], ""meta"": {""object_iri"": ""http://www.semanticweb.org/porta/ontologies/2022/5/untitled-ontology-7#SoftwareHouse"", ""predicate_iri"": ""http://www.semanticweb.org/porta/ontologies/2022/5/untitled-ontology-7#employeeOf"", ""predicate_type"": ""object"", ""subject_iri"": ""http://www.semanticweb.org/porta/ontologies/2022/5/untitled-ontology-7#Single""}, ""text"": ""Single employeeOf SoftwareHouse."", ""triple"": [""Single"", ""employeeOf"", ""SoftwareHouse""]}]",{}
L4_Arts_Media_Entertainment_Arts_Media_Entertainment_VideoGameOntology_property_GameOntologyv3_00001,"In the Video Game Ontology, given the following set of classes and properties, construct only object- and data-property relationships. Do not output subClassOf triples. Output only triples in the form (subject, predicate, object).

Classes:
- Game
- Player
- Product
- ProductOrService
- game event
- game product
- in-app purchase event
- instantaneous event
- menu event
- player event

Object Properties:
- is event associated to player
- is event in game
- is friend with player
- plays game
- purchases game offering

Data Properties:
- event name
- event time
- release date
- username",,"(Game, release date, <class 'datetime.datetime'>)
(Player, is friend with player, Player)
(Player, plays game, Game)
(Player, username, string)
(in-app purchase event, purchases game offering, game product)
(instantaneous event, event name, string)
(instantaneous event, event time, <class 'datetime.datetime'>)
(instantaneous event, is event associated to player, Player)
(instantaneous event, is event in game, Game)",3_4,L4,Property Relation Construction,Learning,Generation,triple_f1,Arts_Media_Entertainment,Arts_Media_Entertainment/VideoGameOntology,bench_3_4/Arts_Media_Entertainment/VideoGameOntology/GameOntologyv3/property_GameOntologyv3.json,0,,,,"(Game, release date, <class 'datetime.datetime'>)
(Player, is friend with player, Player)
(Player, plays game, Game)
(Player, username, string)
(in-app purchase event, purchases game offering, game product)
(instantaneous event, event name, string)
(instantaneous event, event time, <class 'datetime.datetime'>)
(instantaneous event, is event associated to player, Player)
(instantaneous event, is event in game, Game)","[""Game"", ""Player"", ""Product"", ""ProductOrService"", ""game event"", ""game product"", ""in-app purchase event"", ""instantaneous event"", ""menu event"", ""player event""]","[""is event associated to player"", ""is event in game"", ""is friend with player"", ""plays game"", ""purchases game offering""]","[{""characteristics"": [], ""meta"": {""object_iri"": null, ""predicate_iri"": ""http://purl.org/net/VideoGameOntology#releaseDate"", ""predicate_type"": ""data"", ""subject_iri"": ""http://purl.org/net/VideoGameOntology#Game""}, ""text"": ""Game release date <class 'datetime.datetime'>."", ""triple"": [""Game"", ""release date"", ""<class 'datetime.datetime'>""]}, {""characteristics"": [], ""meta"": {""object_iri"": ""http://purl.org/net/VideoGameOntology#Player"", ""predicate_iri"": ""http://purl.org/net/VideoGameOntology#isFriendWithPlayer"", ""predicate_type"": ""object"", ""subject_iri"": ""http://purl.org/net/VideoGameOntology#Player""}, ""text"": ""Player is friend with player Player."", ""triple"": [""Player"", ""is friend with player"", ""Player""]}, {""characteristics"": [], ""meta"": {""object_iri"": ""http://purl.org/net/VideoGameOntology#Game"", ""predicate_iri"": ""http://purl.org/net/VideoGameOntology#playsGame"", ""predicate_type"": ""object"", ""subject_iri"": ""http://purl.org/net/VideoGameOntology#Player""}, ""text"": ""Player plays game Game."", ""triple"": [""Player"", ""plays game"", ""Game""]}, {""characteristics"": [], ""meta"": {""object_iri"": null, ""predicate_iri"": ""http://purl.org/net/VideoGameOntology#username"", ""predicate_type"": ""data"", ""subject_iri"": ""http://purl.org/net/VideoGameOntology#Player""}, ""text"": ""Player username string."", ""triple"": [""Player"", ""username"", ""string""]}, {""characteristics"": [], ""meta"": {""object_iri"": ""http://purl.org/net/VideoGameOntology#GameProduct"", ""predicate_iri"": ""http://purl.org/net/VideoGameOntology#purchasesGameOffering"", ""predicate_type"": ""object"", ""subject_iri"": ""http://purl.org/net/VideoGameOntology#InAppPurchaseEvent""}, ""text"": ""in-app purchase event purchases game offering game product."", ""triple"": [""in-app purchase event"", ""purchases game offering"", ""game product""]}, {""characteristics"": [], ""meta"": {""object_iri"": null, ""predicate_iri"": ""http://purl.org/net/VideoGameOntology#eventName"", ""predicate_type"": ""data"", ""subject_iri"": ""http://purl.org/net/VideoGameOntology#InstantaneousEvent""}, ""text"": ""instantaneous event event name string."", ""triple"": [""instantaneous event"", ""event name"", ""string""]}, {""characteristics"": [], ""meta"": {""object_iri"": null, ""predicate_iri"": ""http://purl.org/net/VideoGameOntology#eventTime"", ""predicate_type"": ""data"", ""subject_iri"": ""http://purl.org/net/VideoGameOntology#InstantaneousEvent""}, ""text"": ""instantaneous event event time <class 'datetime.datetime'>."", ""triple"": [""instantaneous event"", ""event time"", ""<class 'datetime.datetime'>""]}, {""characteristics"": [], ""meta"": {""object_iri"": ""http://purl.org/net/VideoGameOntology#Player"", ""predicate_iri"": ""http://purl.org/net/VideoGameOntology#isEventAssociatedToPlayer"", ""predicate_type"": ""object"", ""subject_iri"": ""http://purl.org/net/VideoGameOntology#InstantaneousEvent""}, ""text"": ""instantaneous event is event associated to player Player."", ""triple"": [""instantaneous event"", ""is event associated to player"", ""Player""]}, {""characteristics"": [], ""meta"": {""object_iri"": ""http://purl.org/net/VideoGameOntology#Game"", ""predicate_iri"": ""http://purl.org/net/VideoGameOntology#isEventInGame"", ""predicate_type"": ""object"", ""subject_iri"": ""http://purl.org/net/VideoGameOntology#InstantaneousEvent""}, ""text"": ""instantaneous event is event in game Game."", ""triple"": [""instantaneous event"", ""is event in game"", ""Game""]}]",{}
L4_Arts_Media_Entertainment_Arts_Media_Entertainment_comic_book_ontology_property_cbo_00001,"In the comic book ontology, given the following set of classes and properties, construct only object- and data-property relationships. Do not output subClassOf triples. Output only triples in the form (subject, predicate, object).

Classes:
- Agent
- Building
- Character
- Comic Universe
- Costume
- CreativeWork
- Location
- Object
- Thing
- Vehicle

Object Properties:
- universe
- universe of

Data Properties:
None",,"(Comic Universe, universe of, Comic Universe)
(Thing, universe, Comic Universe)",3_4,L4,Property Relation Construction,Learning,Generation,triple_f1,Arts_Media_Entertainment,Arts_Media_Entertainment/comic_book_ontology,bench_3_4/Arts_Media_Entertainment/comic_book_ontology/cbo/property_cbo.json,0,,,,"(Comic Universe, universe of, Comic Universe)
(Thing, universe, Comic Universe)","[""Agent"", ""Building"", ""Character"", ""Comic Universe"", ""Costume"", ""CreativeWork"", ""Location"", ""Object"", ""Thing"", ""Vehicle""]","[""universe"", ""universe of""]","[{""characteristics"": [], ""meta"": {""object_iri"": ""http://comicmeta.org/cbo/ComicUniverse"", ""predicate_iri"": ""http://comicmeta.org/cbo/universeOf"", ""predicate_type"": ""object"", ""subject_iri"": ""http://comicmeta.org/cbo/ComicUniverse""}, ""text"": ""Comic Universe universe of Comic Universe."", ""triple"": [""Comic Universe"", ""universe of"", ""Comic Universe""]}, {""characteristics"": [], ""meta"": {""object_iri"": ""http://comicmeta.org/cbo/ComicUniverse"", ""predicate_iri"": ""http://comicmeta.org/cbo/universe"", ""predicate_type"": ""object"", ""subject_iri"": ""http://comicmeta.org/cbo/Thing""}, ""text"": ""Thing universe Comic Universe."", ""triple"": [""Thing"", ""universe"", ""Comic Universe""]}]",{}
L4_Arts_Media_Entertainment_Arts_Media_Entertainment_comic_book_ontology_property_cbo_00002,"In the comic book ontology, given the following set of classes and properties, construct only object- and data-property relationships. Do not output subClassOf triples. Output only triples in the form (subject, predicate, object).

Classes:
- Comic
- Comic Universe
- ComicSeries
- ComicStory
- CreativeWork
- Periodical
- Publication
- PublicationIssue
- PublicationVolume
- Series

Object Properties:
- adaptation
- adaptation of
- series
- series of
- universe of

Data Properties:
None",,"(Comic, adaptation, CreativeWork)
(Comic, adaptation of, Comic)
(Comic, series, Series)
(Comic Universe, universe of, Comic Universe)
(Series, series of, Publication)",3_4,L4,Property Relation Construction,Learning,Generation,triple_f1,Arts_Media_Entertainment,Arts_Media_Entertainment/comic_book_ontology,bench_3_4/Arts_Media_Entertainment/comic_book_ontology/cbo/property_cbo.json,1,,,,"(Comic, adaptation, CreativeWork)
(Comic, adaptation of, Comic)
(Comic, series, Series)
(Comic Universe, universe of, Comic Universe)
(Series, series of, Publication)","[""Comic"", ""Comic Universe"", ""ComicSeries"", ""ComicStory"", ""CreativeWork"", ""Periodical"", ""Publication"", ""PublicationIssue"", ""PublicationVolume"", ""Series""]","[""adaptation"", ""adaptation of"", ""series"", ""series of"", ""universe of""]","[{""characteristics"": [], ""meta"": {""object_iri"": ""http://schema.org/CreativeWork"", ""predicate_iri"": ""http://comicmeta.org/cbo/adaptation"", ""predicate_type"": ""object"", ""subject_iri"": ""http://comicmeta.org/cbo/Comic""}, ""text"": ""Comic adaptation CreativeWork."", ""triple"": [""Comic"", ""adaptation"", ""CreativeWork""]}, {""characteristics"": [], ""meta"": {""object_iri"": ""http://comicmeta.org/cbo/Comic"", ""predicate_iri"": ""http://comicmeta.org/cbo/adaptationOf"", ""predicate_type"": ""object"", ""subject_iri"": ""http://comicmeta.org/cbo/Comic""}, ""text"": ""Comic adaptation of Comic."", ""triple"": [""Comic"", ""adaptation of"", ""Comic""]}, {""characteristics"": [], ""meta"": {""object_iri"": ""http://comicmeta.org/cbo/Series"", ""predicate_iri"": ""http://comicmeta.org/cbo/series"", ""predicate_type"": ""object"", ""subject_iri"": ""http://comicmeta.org/cbo/Comic""}, ""text"": ""Comic series Series."", ""triple"": [""Comic"", ""series"", ""Series""]}, {""characteristics"": [], ""meta"": {""object_iri"": ""http://comicmeta.org/cbo/ComicUniverse"", ""predicate_iri"": ""http://comicmeta.org/cbo/universeOf"", ""predicate_type"": ""object"", ""subject_iri"": ""http://comicmeta.org/cbo/ComicUniverse""}, ""text"": ""Comic Universe universe of Comic Universe."", ""triple"": [""Comic Universe"", ""universe of"", ""Comic Universe""]}, {""characteristics"": [], ""meta"": {""object_iri"": ""http://comicmeta.org/cbo/Publication"", ""predicate_iri"": ""http://comicmeta.org/cbo/seriesOf"", ""predicate_type"": ""object"", ""subject_iri"": ""http://comicmeta.org/cbo/Series""}, ""text"": ""Series series of Publication."", ""triple"": [""Series"", ""series of"", ""Publication""]}]",{}
L4_Arts_Media_Entertainment_Arts_Media_Entertainment_comic_book_ontology_property_cbo_00003,"In the comic book ontology, given the following set of classes and properties, construct only object- and data-property relationships. Do not output subClassOf triples. Output only triples in the form (subject, predicate, object).

Classes:
- Artwork
- Comic
- Copy
- CreativeWork
- IndividualProduct
- Issue
- Item
- Product
- Publication
- PublicationIssue

Object Properties:
- adaptation
- adaptation of
- collected in
- copy
- copy of
- preview

Data Properties:
- CCA",,"(Comic, adaptation, CreativeWork)
(Comic, adaptation of, Comic)
(Copy, copy of, Issue)
(Issue, CCA, boolean)
(Issue, collected in, Issue)
(Issue, copy, Copy)
(Issue, preview, Issue)",3_4,L4,Property Relation Construction,Learning,Generation,triple_f1,Arts_Media_Entertainment,Arts_Media_Entertainment/comic_book_ontology,bench_3_4/Arts_Media_Entertainment/comic_book_ontology/cbo/property_cbo.json,2,,,,"(Comic, adaptation, CreativeWork)
(Comic, adaptation of, Comic)
(Copy, copy of, Issue)
(Issue, CCA, boolean)
(Issue, collected in, Issue)
(Issue, copy, Copy)
(Issue, preview, Issue)","[""Artwork"", ""Comic"", ""Copy"", ""CreativeWork"", ""IndividualProduct"", ""Issue"", ""Item"", ""Product"", ""Publication"", ""PublicationIssue""]","[""adaptation"", ""adaptation of"", ""collected in"", ""copy"", ""copy of"", ""preview""]","[{""characteristics"": [], ""meta"": {""object_iri"": ""http://schema.org/CreativeWork"", ""predicate_iri"": ""http://comicmeta.org/cbo/adaptation"", ""predicate_type"": ""object"", ""subject_iri"": ""http://comicmeta.org/cbo/Comic""}, ""text"": ""Comic adaptation CreativeWork."", ""triple"": [""Comic"", ""adaptation"", ""CreativeWork""]}, {""characteristics"": [], ""meta"": {""object_iri"": ""http://comicmeta.org/cbo/Comic"", ""predicate_iri"": ""http://comicmeta.org/cbo/adaptationOf"", ""predicate_type"": ""object"", ""subject_iri"": ""http://comicmeta.org/cbo/Comic""}, ""text"": ""Comic adaptation of Comic."", ""triple"": [""Comic"", ""adaptation of"", ""Comic""]}, {""characteristics"": [], ""meta"": {""object_iri"": ""http://comicmeta.org/cbo/Issue"", ""predicate_iri"": ""http://comicmeta.org/cbo/copyOf"", ""predicate_type"": ""object"", ""subject_iri"": ""http://comicmeta.org/cbo/Copy""}, ""text"": ""Copy copy of Issue."", ""triple"": [""Copy"", ""copy of"", ""Issue""]}, {""characteristics"": [], ""meta"": {""object_iri"": null, ""predicate_iri"": ""http://comicmeta.org/cbo/cca"", ""predicate_type"": ""data"", ""subject_iri"": ""http://comicmeta.org/cbo/Issue""}, ""text"": ""Issue CCA boolean."", ""triple"": [""Issue"", ""CCA"", ""boolean""]}, {""characteristics"": [], ""meta"": {""object_iri"": ""http://comicmeta.org/cbo/Issue"", ""predicate_iri"": ""http://comicmeta.org/cbo/collectedIn"", ""predicate_type"": ""object"", ""subject_iri"": ""http://comicmeta.org/cbo/Issue""}, ""text"": ""Issue collected in Issue."", ""triple"": [""Issue"", ""collected in"", ""Issue""]}, {""characteristics"": [], ""meta"": {""object_iri"": ""http://comicmeta.org/cbo/Copy"", ""predicate_iri"": ""http://comicmeta.org/cbo/copy"", ""predicate_type"": ""object"", ""subject_iri"": ""http://comicmeta.org/cbo/Issue""}, ""text"": ""Issue copy Copy."", ""triple"": [""Issue"", ""copy"", ""Copy""]}, {""characteristics"": [], ""meta"": {""object_iri"": ""http://comicmeta.org/cbo/Issue"", ""predicate_iri"": ""http://comicmeta.org/cbo/preview"", ""predicate_type"": ""object"", ""subject_iri"": ""http://comicmeta.org/cbo/Issue""}, ""text"": ""Issue preview Issue."", ""triple"": [""Issue"", ""preview"", ""Issue""]}]",{}
L4_Arts_Media_Entertainment_Arts_Media_Entertainment_comic_book_ontology_property_cbo_00004,"In the comic book ontology, given the following set of classes and properties, construct only object- and data-property relationships. Do not output subClassOf triples. Output only triples in the form (subject, predicate, object).

Classes:
- Agent
- Contributor
- Distributor
- Guarantor
- Imprint
- Library
- Museum
- Organization
- Person
- Publisher

Object Properties:
- imprint
- imprint of

Data Properties:
None",,"(Imprint, imprint of, Publisher)
(Publisher, imprint, Imprint)",3_4,L4,Property Relation Construction,Learning,Generation,triple_f1,Arts_Media_Entertainment,Arts_Media_Entertainment/comic_book_ontology,bench_3_4/Arts_Media_Entertainment/comic_book_ontology/cbo/property_cbo.json,3,,,,"(Imprint, imprint of, Publisher)
(Publisher, imprint, Imprint)","[""Agent"", ""Contributor"", ""Distributor"", ""Guarantor"", ""Imprint"", ""Library"", ""Museum"", ""Organization"", ""Person"", ""Publisher""]","[""imprint"", ""imprint of""]","[{""characteristics"": [], ""meta"": {""object_iri"": ""http://comicmeta.org/cbo/Publisher"", ""predicate_iri"": ""http://comicmeta.org/cbo/imprintOf"", ""predicate_type"": ""object"", ""subject_iri"": ""http://comicmeta.org/cbo/Imprint""}, ""text"": ""Imprint imprint of Publisher."", ""triple"": [""Imprint"", ""imprint of"", ""Publisher""]}, {""characteristics"": [], ""meta"": {""object_iri"": ""http://comicmeta.org/cbo/Imprint"", ""predicate_iri"": ""http://comicmeta.org/cbo/imprint"", ""predicate_type"": ""object"", ""subject_iri"": ""http://comicmeta.org/cbo/Publisher""}, ""text"": ""Publisher imprint Imprint."", ""triple"": [""Publisher"", ""imprint"", ""Imprint""]}]",{}
L4_Arts_Media_Entertainment_Arts_Media_Entertainment_comic_book_ontology_property_cbo_00005,"In the comic book ontology, given the following set of classes and properties, construct only object- and data-property relationships. Do not output subClassOf triples. Output only triples in the form (subject, predicate, object).

Classes:
- Comic
- Comic Universe
- ComicSeries
- ComicStory
- CreativeWork
- Periodical
- Publication
- PublicationIssue
- Series
- Thing

Object Properties:
- adaptation of
- appearance
- series
- series of
- universe
- universe of

Data Properties:
None",,"(Comic, adaptation of, Comic)
(Comic, appearance, Thing)
(Comic, series, Series)
(Comic Universe, universe of, Comic Universe)
(Series, series of, Publication)
(Thing, universe, Comic Universe)",3_4,L4,Property Relation Construction,Learning,Generation,triple_f1,Arts_Media_Entertainment,Arts_Media_Entertainment/comic_book_ontology,bench_3_4/Arts_Media_Entertainment/comic_book_ontology/cbo/property_cbo.json,4,,,,"(Comic, adaptation of, Comic)
(Comic, appearance, Thing)
(Comic, series, Series)
(Comic Universe, universe of, Comic Universe)
(Series, series of, Publication)
(Thing, universe, Comic Universe)","[""Comic"", ""Comic Universe"", ""ComicSeries"", ""ComicStory"", ""CreativeWork"", ""Periodical"", ""Publication"", ""PublicationIssue"", ""Series"", ""Thing""]","[""adaptation of"", ""appearance"", ""series"", ""series of"", ""universe"", ""universe of""]","[{""characteristics"": [], ""meta"": {""object_iri"": ""http://comicmeta.org/cbo/Comic"", ""predicate_iri"": ""http://comicmeta.org/cbo/adaptationOf"", ""predicate_type"": ""object"", ""subject_iri"": ""http://comicmeta.org/cbo/Comic""}, ""text"": ""Comic adaptation of Comic."", ""triple"": [""Comic"", ""adaptation of"", ""Comic""]}, {""characteristics"": [], ""meta"": {""object_iri"": ""http://comicmeta.org/cbo/Thing"", ""predicate_iri"": ""http://comicmeta.org/cbo/appearance"", ""predicate_type"": ""object"", ""subject_iri"": ""http://comicmeta.org/cbo/Comic""}, ""text"": ""Comic appearance Thing."", ""triple"": [""Comic"", ""appearance"", ""Thing""]}, {""characteristics"": [], ""meta"": {""object_iri"": ""http://comicmeta.org/cbo/Series"", ""predicate_iri"": ""http://comicmeta.org/cbo/series"", ""predicate_type"": ""object"", ""subject_iri"": ""http://comicmeta.org/cbo/Comic""}, ""text"": ""Comic series Series."", ""triple"": [""Comic"", ""series"", ""Series""]}, {""characteristics"": [], ""meta"": {""object_iri"": ""http://comicmeta.org/cbo/ComicUniverse"", ""predicate_iri"": ""http://comicmeta.org/cbo/universeOf"", ""predicate_type"": ""object"", ""subject_iri"": ""http://comicmeta.org/cbo/ComicUniverse""}, ""text"": ""Comic Universe universe of Comic Universe."", ""triple"": [""Comic Universe"", ""universe of"", ""Comic Universe""]}, {""characteristics"": [], ""meta"": {""object_iri"": ""http://comicmeta.org/cbo/Publication"", ""predicate_iri"": ""http://comicmeta.org/cbo/seriesOf"", ""predicate_type"": ""object"", ""subject_iri"": ""http://comicmeta.org/cbo/Series""}, ""text"": ""Series series of Publication."", ""triple"": [""Series"", ""series of"", ""Publication""]}, {""characteristics"": [], ""meta"": {""object_iri"": ""http://comicmeta.org/cbo/ComicUniverse"", ""predicate_iri"": ""http://comicmeta.org/cbo/universe"", ""predicate_type"": ""object"", ""subject_iri"": ""http://comicmeta.org/cbo/Thing""}, ""text"": ""Thing universe Comic Universe."", ""triple"": [""Thing"", ""universe"", ""Comic Universe""]}]",{}
L4_Arts_Media_Entertainment_Arts_Media_Entertainment_comic_book_ontology_property_cbo_00006,"In the comic book ontology, given the following set of classes and properties, construct only object- and data-property relationships. Do not output subClassOf triples. Output only triples in the form (subject, predicate, object).

Classes:
- Agent
- Collector
- Contributor
- Creator
- Distributor
- Imprint
- Organization
- Person
- Publisher
- Role

Object Properties:
- imprint
- imprint of
- role

Data Properties:
None",,"(Contributor, role, Role)
(Imprint, imprint of, Publisher)
(Publisher, imprint, Imprint)",3_4,L4,Property Relation Construction,Learning,Generation,triple_f1,Arts_Media_Entertainment,Arts_Media_Entertainment/comic_book_ontology,bench_3_4/Arts_Media_Entertainment/comic_book_ontology/cbo/property_cbo.json,5,,,,"(Contributor, role, Role)
(Imprint, imprint of, Publisher)
(Publisher, imprint, Imprint)","[""Agent"", ""Collector"", ""Contributor"", ""Creator"", ""Distributor"", ""Imprint"", ""Organization"", ""Person"", ""Publisher"", ""Role""]","[""imprint"", ""imprint of"", ""role""]","[{""characteristics"": [], ""meta"": {""object_iri"": ""http://comicmeta.org/cbo/Role"", ""predicate_iri"": ""http://comicmeta.org/cbo/role"", ""predicate_type"": ""object"", ""subject_iri"": ""http://comicmeta.org/cbo/Contributor""}, ""text"": ""Contributor role Role."", ""triple"": [""Contributor"", ""role"", ""Role""]}, {""characteristics"": [], ""meta"": {""object_iri"": ""http://comicmeta.org/cbo/Publisher"", ""predicate_iri"": ""http://comicmeta.org/cbo/imprintOf"", ""predicate_type"": ""object"", ""subject_iri"": ""http://comicmeta.org/cbo/Imprint""}, ""text"": ""Imprint imprint of Publisher."", ""triple"": [""Imprint"", ""imprint of"", ""Publisher""]}, {""characteristics"": [], ""meta"": {""object_iri"": ""http://comicmeta.org/cbo/Imprint"", ""predicate_iri"": ""http://comicmeta.org/cbo/imprint"", ""predicate_type"": ""object"", ""subject_iri"": ""http://comicmeta.org/cbo/Publisher""}, ""text"": ""Publisher imprint Imprint."", ""triple"": [""Publisher"", ""imprint"", ""Imprint""]}]",{}
L4_Arts_Media_Entertainment_Arts_Media_Entertainment_comic_book_ontology_property_cbo_00007,"In the comic book ontology, given the following set of classes and properties, construct only object- and data-property relationships. Do not output subClassOf triples. Output only triples in the form (subject, predicate, object).

Classes:
- Comic
- Comic Universe
- ComicStory
- CreativeWork
- Issue
- Periodical
- PublicationIssue
- PublicationVolume
- VisualArtwork
- Volume

Object Properties:
- adaptation
- adaptation of
- collected in
- issue
- preview
- translation
- universe of

Data Properties:
- CCA
- issue count",,"(Comic, adaptation, CreativeWork)
(Comic, adaptation of, Comic)
(Comic Universe, universe of, Comic Universe)
(Issue, CCA, boolean)
(Issue, collected in, Issue)
(Issue, preview, Issue)
(Issue, translation, Issue)
(Volume, issue, Issue)
(Volume, issue count, integer)",3_4,L4,Property Relation Construction,Learning,Generation,triple_f1,Arts_Media_Entertainment,Arts_Media_Entertainment/comic_book_ontology,bench_3_4/Arts_Media_Entertainment/comic_book_ontology/cbo/property_cbo.json,6,,,,"(Comic, adaptation, CreativeWork)
(Comic, adaptation of, Comic)
(Comic Universe, universe of, Comic Universe)
(Issue, CCA, boolean)
(Issue, collected in, Issue)
(Issue, preview, Issue)
(Issue, translation, Issue)
(Volume, issue, Issue)
(Volume, issue count, integer)","[""Comic"", ""Comic Universe"", ""ComicStory"", ""CreativeWork"", ""Issue"", ""Periodical"", ""PublicationIssue"", ""PublicationVolume"", ""VisualArtwork"", ""Volume""]","[""adaptation"", ""adaptation of"", ""collected in"", ""issue"", ""preview"", ""translation"", ""universe of""]","[{""characteristics"": [], ""meta"": {""object_iri"": ""http://schema.org/CreativeWork"", ""predicate_iri"": ""http://comicmeta.org/cbo/adaptation"", ""predicate_type"": ""object"", ""subject_iri"": ""http://comicmeta.org/cbo/Comic""}, ""text"": ""Comic adaptation CreativeWork."", ""triple"": [""Comic"", ""adaptation"", ""CreativeWork""]}, {""characteristics"": [], ""meta"": {""object_iri"": ""http://comicmeta.org/cbo/Comic"", ""predicate_iri"": ""http://comicmeta.org/cbo/adaptationOf"", ""predicate_type"": ""object"", ""subject_iri"": ""http://comicmeta.org/cbo/Comic""}, ""text"": ""Comic adaptation of Comic."", ""triple"": [""Comic"", ""adaptation of"", ""Comic""]}, {""characteristics"": [], ""meta"": {""object_iri"": ""http://comicmeta.org/cbo/ComicUniverse"", ""predicate_iri"": ""http://comicmeta.org/cbo/universeOf"", ""predicate_type"": ""object"", ""subject_iri"": ""http://comicmeta.org/cbo/ComicUniverse""}, ""text"": ""Comic Universe universe of Comic Universe."", ""triple"": [""Comic Universe"", ""universe of"", ""Comic Universe""]}, {""characteristics"": [], ""meta"": {""object_iri"": null, ""predicate_iri"": ""http://comicmeta.org/cbo/cca"", ""predicate_type"": ""data"", ""subject_iri"": ""http://comicmeta.org/cbo/Issue""}, ""text"": ""Issue CCA boolean."", ""triple"": [""Issue"", ""CCA"", ""boolean""]}, {""characteristics"": [], ""meta"": {""object_iri"": ""http://comicmeta.org/cbo/Issue"", ""predicate_iri"": ""http://comicmeta.org/cbo/collectedIn"", ""predicate_type"": ""object"", ""subject_iri"": ""http://comicmeta.org/cbo/Issue""}, ""text"": ""Issue collected in Issue."", ""triple"": [""Issue"", ""collected in"", ""Issue""]}, {""characteristics"": [], ""meta"": {""object_iri"": ""http://comicmeta.org/cbo/Issue"", ""predicate_iri"": ""http://comicmeta.org/cbo/preview"", ""predicate_type"": ""object"", ""subject_iri"": ""http://comicmeta.org/cbo/Issue""}, ""text"": ""Issue preview Issue."", ""triple"": [""Issue"", ""preview"", ""Issue""]}, {""characteristics"": [], ""meta"": {""object_iri"": ""http://comicmeta.org/cbo/Issue"", ""predicate_iri"": ""http://comicmeta.org/cbo/translation"", ""predicate_type"": ""object"", ""subject_iri"": ""http://comicmeta.org/cbo/Issue""}, ""text"": ""Issue translation Issue."", ""triple"": [""Issue"", ""translation"", ""Issue""]}, {""characteristics"": [], ""meta"": {""object_iri"": ""http://comicmeta.org/cbo/Issue"", ""predicate_iri"": ""http://comicmeta.org/cbo/issue"", ""predicate_type"": ""object"", ""subject_iri"": ""http://comicmeta.org/cbo/Volume""}, ""text"": ""Volume issue Issue."", ""triple"": [""Volume"", ""issue"", ""Issue""]}, {""characteristics"": [], ""meta"": {""object_iri"": null, ""predicate_iri"": ""http://comicmeta.org/cbo/issueCount"", ""predicate_type"": ""data"", ""subject_iri"": ""http://comicmeta.org/cbo/Volume""}, ""text"": ""Volume issue count integer."", ""triple"": [""Volume"", ""issue count"", ""integer""]}]",{}
L4_Business_Finance_Business_Finance_BPMN_property_BPMNOntology_00001,"In the BPMN ontology, given the following set of classes and properties, construct only object- and data-property relationships. Do not output subClassOf triples. Output only triples in the form (subject, predicate, object).

Classes:
- Artifact
- ArtifactOutput
- Expression
- TimeDate Expression
- artifact types
- event detail types

Object Properties:
- ArtifactRef
- Name

Data Properties:
- ExpressionBody
- ExpressionLanguage
- ProduceAtCompletion",,"(Artifact, Name, artifact types)
(ArtifactOutput, ArtifactRef, Artifact)
(ArtifactOutput, ProduceAtCompletion, boolean)
(Expression, ExpressionBody, string)
(Expression, ExpressionLanguage, string)",3_4,L4,Property Relation Construction,Learning,Generation,triple_f1,Business_Finance,Business_Finance/BPMN,bench_3_4/Business_Finance/BPMN/BPMNOntology/property_BPMNOntology.json,0,,,,"(Artifact, Name, artifact types)
(ArtifactOutput, ArtifactRef, Artifact)
(ArtifactOutput, ProduceAtCompletion, boolean)
(Expression, ExpressionBody, string)
(Expression, ExpressionLanguage, string)","[""Artifact"", ""ArtifactOutput"", ""Expression"", ""TimeDate Expression"", ""artifact_types"", ""event_detail_types""]","[""ArtifactRef"", ""Name""]","[{""characteristics"": [], ""meta"": {""object_iri"": ""http://dkm.fbk.eu/index.php/BPMN_Ontology#artifact_types"", ""predicate_iri"": ""http://dkm.fbk.eu/index.php/BPMN_Ontology#has_artifact_type"", ""predicate_type"": ""object"", ""subject_iri"": ""http://dkm.fbk.eu/index.php/BPMN_Ontology#artifact""}, ""text"": ""Artifact Name artifact_types."", ""triple"": [""Artifact"", ""Name"", ""artifact_types""]}, {""characteristics"": [], ""meta"": {""object_iri"": ""http://dkm.fbk.eu/index.php/BPMN_Ontology#artifact"", ""predicate_iri"": ""http://dkm.fbk.eu/index.php/BPMN_Ontology#has_artifact_output_artifact_ref"", ""predicate_type"": ""object"", ""subject_iri"": ""http://dkm.fbk.eu/index.php/BPMN_Ontology#artifact_output""}, ""text"": ""ArtifactOutput ArtifactRef Artifact."", ""triple"": [""ArtifactOutput"", ""ArtifactRef"", ""Artifact""]}, {""characteristics"": [], ""meta"": {""object_iri"": null, ""predicate_iri"": ""http://dkm.fbk.eu/index.php/BPMN_Ontology#has_artifact_output_produce_at_completion"", ""predicate_type"": ""data"", ""subject_iri"": ""http://dkm.fbk.eu/index.php/BPMN_Ontology#artifact_output""}, ""text"": ""ArtifactOutput ProduceAtCompletion boolean."", ""triple"": [""ArtifactOutput"", ""ProduceAtCompletion"", ""boolean""]}, {""characteristics"": [], ""meta"": {""object_iri"": null, ""predicate_iri"": ""http://dkm.fbk.eu/index.php/BPMN_Ontology#has_expression_expression_body"", ""predicate_type"": ""data"", ""subject_iri"": ""http://dkm.fbk.eu/index.php/BPMN_Ontology#expression""}, ""text"": ""Expression ExpressionBody string."", ""triple"": [""Expression"", ""ExpressionBody"", ""string""]}, {""characteristics"": [], ""meta"": {""object_iri"": null, ""predicate_iri"": ""http://dkm.fbk.eu/index.php/BPMN_Ontology#has_expression_expression_language"", ""predicate_type"": ""data"", ""subject_iri"": ""http://dkm.fbk.eu/index.php/BPMN_Ontology#expression""}, ""text"": ""Expression ExpressionLanguage string."", ""triple"": [""Expression"", ""ExpressionLanguage"", ""string""]}]",{}
L4_Business_Finance_Business_Finance_BPMN_property_BPMNOntology_00002,"In the BPMN ontology, given the following set of classes and properties, construct only object- and data-property relationships. Do not output subClassOf triples. Output only triples in the form (subject, predicate, object).

Classes:
- Activity
- Activity Types
- Artifact
- ArtifactInput
- Expression
- Input Set
- Intermediate
- Loop Types
- error intermediate event
- signal intermediate event

Object Properties:
- ActivityType
- ArtifactInput
- ArtifactRef
- IO Rules
- LoopType
- Target

Data Properties:
- CompletionQuantity
- ExpressionBody
- ExpressionLanguage
- Performers
- RequiredForStart",,"(Activity, ActivityType, Activity Types)
(Activity, CompletionQuantity, integer)
(Activity, IO Rules, Expression)
(Activity, LoopType, Loop Types)
(Activity, Performers, string)
(ArtifactInput, ArtifactRef, Artifact)
(ArtifactInput, RequiredForStart, boolean)
(Expression, ExpressionBody, string)
(Expression, ExpressionLanguage, string)
(Input Set, ArtifactInput, ArtifactInput)
(Intermediate, Target, Activity)",3_4,L4,Property Relation Construction,Learning,Generation,triple_f1,Business_Finance,Business_Finance/BPMN,bench_3_4/Business_Finance/BPMN/BPMNOntology/property_BPMNOntology.json,1,,,,"(Activity, ActivityType, Activity Types)
(Activity, CompletionQuantity, integer)
(Activity, IO Rules, Expression)
(Activity, LoopType, Loop Types)
(Activity, Performers, string)
(ArtifactInput, ArtifactRef, Artifact)
(ArtifactInput, RequiredForStart, boolean)
(Expression, ExpressionBody, string)
(Expression, ExpressionLanguage, string)
(Input Set, ArtifactInput, ArtifactInput)
(Intermediate, Target, Activity)","[""Activity"", ""Activity Types"", ""Artifact"", ""ArtifactInput"", ""Expression"", ""Input Set"", ""Intermediate"", ""Loop Types"", ""error_intermediate_event"", ""signal_intermediate_event""]","[""ActivityType"", ""ArtifactInput"", ""ArtifactRef"", ""IO Rules"", ""LoopType"", ""Target""]","[{""characteristics"": [], ""meta"": {""object_iri"": ""http://dkm.fbk.eu/index.php/BPMN_Ontology#activity_types"", ""predicate_iri"": ""http://dkm.fbk.eu/index.php/BPMN_Ontology#has_activity_activity_type"", ""predicate_type"": ""object"", ""subject_iri"": ""http://dkm.fbk.eu/index.php/BPMN_Ontology#activity""}, ""text"": ""Activity ActivityType Activity Types."", ""triple"": [""Activity"", ""ActivityType"", ""Activity Types""]}, {""characteristics"": [], ""meta"": {""object_iri"": null, ""predicate_iri"": ""http://dkm.fbk.eu/index.php/BPMN_Ontology#has_activity_completion_quantity"", ""predicate_type"": ""data"", ""subject_iri"": ""http://dkm.fbk.eu/index.php/BPMN_Ontology#activity""}, ""text"": ""Activity CompletionQuantity integer."", ""triple"": [""Activity"", ""CompletionQuantity"", ""integer""]}, {""characteristics"": [], ""meta"": {""object_iri"": ""http://dkm.fbk.eu/index.php/BPMN_Ontology#expression"", ""predicate_iri"": ""http://dkm.fbk.eu/index.php/BPMN_Ontology#has_activity_IO_rules"", ""predicate_type"": ""object"", ""subject_iri"": ""http://dkm.fbk.eu/index.php/BPMN_Ontology#activity""}, ""text"": ""Activity IO Rules Expression."", ""triple"": [""Activity"", ""IO Rules"", ""Expression""]}, {""characteristics"": [], ""meta"": {""object_iri"": ""http://dkm.fbk.eu/index.php/BPMN_Ontology#loop_types"", ""predicate_iri"": ""http://dkm.fbk.eu/index.php/BPMN_Ontology#has_activity_loop_type"", ""predicate_type"": ""object"", ""subject_iri"": ""http://dkm.fbk.eu/index.php/BPMN_Ontology#activity""}, ""text"": ""Activity LoopType Loop Types."", ""triple"": [""Activity"", ""LoopType"", ""Loop Types""]}, {""characteristics"": [], ""meta"": {""object_iri"": null, ""predicate_iri"": ""http://dkm.fbk.eu/index.php/BPMN_Ontology#has_activity_performers"", ""predicate_type"": ""data"", ""subject_iri"": ""http://dkm.fbk.eu/index.php/BPMN_Ontology#activity""}, ""text"": ""Activity Performers string."", ""triple"": [""Activity"", ""Performers"", ""string""]}, {""characteristics"": [], ""meta"": {""object_iri"": ""http://dkm.fbk.eu/index.php/BPMN_Ontology#artifact"", ""predicate_iri"": ""http://dkm.fbk.eu/index.php/BPMN_Ontology#has_artifact_input_artifact_ref"", ""predicate_type"": ""object"", ""subject_iri"": ""http://dkm.fbk.eu/index.php/BPMN_Ontology#artifact_input""}, ""text"": ""ArtifactInput ArtifactRef Artifact."", ""triple"": [""ArtifactInput"", ""ArtifactRef"", ""Artifact""]}, {""characteristics"": [], ""meta"": {""object_iri"": null, ""predicate_iri"": ""http://dkm.fbk.eu/index.php/BPMN_Ontology#has_artifact_input_required_for_start"", ""predicate_type"": ""data"", ""subject_iri"": ""http://dkm.fbk.eu/index.php/BPMN_Ontology#artifact_input""}, ""text"": ""ArtifactInput RequiredForStart boolean."", ""triple"": [""ArtifactInput"", ""RequiredForStart"", ""boolean""]}, {""characteristics"": [], ""meta"": {""object_iri"": null, ""predicate_iri"": ""http://dkm.fbk.eu/index.php/BPMN_Ontology#has_expression_expression_body"", ""predicate_type"": ""data"", ""subject_iri"": ""http://dkm.fbk.eu/index.php/BPMN_Ontology#expression""}, ""text"": ""Expression ExpressionBody string."", ""triple"": [""Expression"", ""ExpressionBody"", ""string""]}, {""characteristics"": [], ""meta"": {""object_iri"": null, ""predicate_iri"": ""http://dkm.fbk.eu/index.php/BPMN_Ontology#has_expression_expression_language"", ""predicate_type"": ""data"", ""subject_iri"": ""http://dkm.fbk.eu/index.php/BPMN_Ontology#expression""}, ""text"": ""Expression ExpressionLanguage string."", ""triple"": [""Expression"", ""ExpressionLanguage"", ""string""]}, {""characteristics"": [], ""meta"": {""object_iri"": ""http://dkm.fbk.eu/index.php/BPMN_Ontology#artifact_input"", ""predicate_iri"": ""http://dkm.fbk.eu/index.php/BPMN_Ontology#has_input_set_artifact_input"", ""predicate_type"": ""object"", ""subject_iri"": ""http://dkm.fbk.eu/index.php/BPMN_Ontology#input_set""}, ""text"": ""Input Set ArtifactInput ArtifactInput."", ""triple"": [""Input Set"", ""ArtifactInput"", ""ArtifactInput""]}, {""characteristics"": [], ""meta"": {""object_iri"": ""http://dkm.fbk.eu/index.php/BPMN_Ontology#activity"", ""predicate_iri"": ""http://dkm.fbk.eu/index.php/BPMN_Ontology#has_intermediate_event_target"", ""predicate_type"": ""object"", ""subject_iri"": ""http://dkm.fbk.eu/index.php/BPMN_Ontology#intermediate_event""}, ""text"": ""Intermediate Target Activity."", ""triple"": [""Intermediate"", ""Target"", ""Activity""]}]",{}
L4_Business_Finance_Business_Finance_BPMN_property_BPMNOntology_00003,"In the BPMN ontology, given the following set of classes and properties, construct only object- and data-property relationships. Do not output subClassOf triples. Output only triples in the form (subject, predicate, object).

Classes:
- Artifact
- Assignment
- Event Detail
- Expression
- Property
- TimeDate Expression
- artifact types
- error intermediate event
- event detail types

Object Properties:
- Event Detail Type
- From
- Name
- To
- Value

Data Properties:
- AssignTime
- Correlation
- ExpressionBody
- ExpressionLanguage
- Name",,"(Artifact, Name, artifact types)
(Assignment, AssignTime, OneOf(['End', 'Start']))
(Assignment, From, Expression)
(Assignment, To, Property)
(Event Detail, Event Detail Type, event detail types)
(Expression, ExpressionBody, string)
(Expression, ExpressionLanguage, string)
(Property, Correlation, boolean)
(Property, Name, string)
(Property, Value, Expression)",3_4,L4,Property Relation Construction,Learning,Generation,triple_f1,Business_Finance,Business_Finance/BPMN,bench_3_4/Business_Finance/BPMN/BPMNOntology/property_BPMNOntology.json,2,,,,"(Artifact, Name, artifact types)
(Assignment, AssignTime, OneOf(['End', 'Start']))
(Assignment, From, Expression)
(Assignment, To, Property)
(Event Detail, Event Detail Type, event detail types)
(Expression, ExpressionBody, string)
(Expression, ExpressionLanguage, string)
(Property, Correlation, boolean)
(Property, Name, string)
(Property, Value, Expression)","[""Artifact"", ""Assignment"", ""Event Detail"", ""Expression"", ""Property"", ""TimeDate Expression"", ""artifact_types"", ""error_intermediate_event"", ""event_detail_types""]","[""Event Detail Type"", ""From"", ""Name"", ""To"", ""Value""]","[{""characteristics"": [], ""meta"": {""object_iri"": ""http://dkm.fbk.eu/index.php/BPMN_Ontology#artifact_types"", ""predicate_iri"": ""http://dkm.fbk.eu/index.php/BPMN_Ontology#has_artifact_type"", ""predicate_type"": ""object"", ""subject_iri"": ""http://dkm.fbk.eu/index.php/BPMN_Ontology#artifact""}, ""text"": ""Artifact Name artifact_types."", ""triple"": [""Artifact"", ""Name"", ""artifact_types""]}, {""characteristics"": [], ""meta"": {""object_iri"": null, ""predicate_iri"": ""http://dkm.fbk.eu/index.php/BPMN_Ontology#has_assignment_assign_time"", ""predicate_type"": ""data"", ""subject_iri"": ""http://dkm.fbk.eu/index.php/BPMN_Ontology#assignment""}, ""text"": ""Assignment AssignTime OneOf(['End', 'Start'])."", ""triple"": [""Assignment"", ""AssignTime"", ""OneOf(['End', 'Start'])""]}, {""characteristics"": [], ""meta"": {""object_iri"": ""http://dkm.fbk.eu/index.php/BPMN_Ontology#expression"", ""predicate_iri"": ""http://dkm.fbk.eu/index.php/BPMN_Ontology#has_assignment_from"", ""predicate_type"": ""object"", ""subject_iri"": ""http://dkm.fbk.eu/index.php/BPMN_Ontology#assignment""}, ""text"": ""Assignment From Expression."", ""triple"": [""Assignment"", ""From"", ""Expression""]}, {""characteristics"": [], ""meta"": {""object_iri"": ""http://dkm.fbk.eu/index.php/BPMN_Ontology#property"", ""predicate_iri"": ""http://dkm.fbk.eu/index.php/BPMN_Ontology#has_assignment_to"", ""predicate_type"": ""object"", ""subject_iri"": ""http://dkm.fbk.eu/index.php/BPMN_Ontology#assignment""}, ""text"": ""Assignment To Property."", ""triple"": [""Assignment"", ""To"", ""Property""]}, {""characteristics"": [], ""meta"": {""object_iri"": ""http://dkm.fbk.eu/index.php/BPMN_Ontology#event_detail_types"", ""predicate_iri"": ""http://dkm.fbk.eu/index.php/BPMN_Ontology#has_event_detail_type"", ""predicate_type"": ""object"", ""subject_iri"": ""http://dkm.fbk.eu/index.php/BPMN_Ontology#event_detail""}, ""text"": ""Event Detail Event Detail Type event_detail_types."", ""triple"": [""Event Detail"", ""Event Detail Type"", ""event_detail_types""]}, {""characteristics"": [], ""meta"": {""object_iri"": null, ""predicate_iri"": ""http://dkm.fbk.eu/index.php/BPMN_Ontology#has_expression_expression_body"", ""predicate_type"": ""data"", ""subject_iri"": ""http://dkm.fbk.eu/index.php/BPMN_Ontology#expression""}, ""text"": ""Expression ExpressionBody string."", ""triple"": [""Expression"", ""ExpressionBody"", ""string""]}, {""characteristics"": [], ""meta"": {""object_iri"": null, ""predicate_iri"": ""http://dkm.fbk.eu/index.php/BPMN_Ontology#has_expression_expression_language"", ""predicate_type"": ""data"", ""subject_iri"": ""http://dkm.fbk.eu/index.php/BPMN_Ontology#expression""}, ""text"": ""Expression ExpressionLanguage string."", ""triple"": [""Expression"", ""ExpressionLanguage"", ""string""]}, {""characteristics"": [], ""meta"": {""object_iri"": null, ""predicate_iri"": ""http://dkm.fbk.eu/index.php/BPMN_Ontology#has_property_correlation"", ""predicate_type"": ""data"", ""subject_iri"": ""http://dkm.fbk.eu/index.php/BPMN_Ontology#property""}, ""text"": ""Property Correlation boolean."", ""triple"": [""Property"", ""Correlation"", ""boolean""]}, {""characteristics"": [], ""meta"": {""object_iri"": null, ""predicate_iri"": ""http://dkm.fbk.eu/index.php/BPMN_Ontology#has_property_name"", ""predicate_type"": ""data"", ""subject_iri"": ""http://dkm.fbk.eu/index.php/BPMN_Ontology#property""}, ""text"": ""Property Name string."", ""triple"": [""Property"", ""Name"", ""string""]}, {""characteristics"": [], ""meta"": {""object_iri"": ""http://dkm.fbk.eu/index.php/BPMN_Ontology#expression"", ""predicate_iri"": ""http://dkm.fbk.eu/index.php/BPMN_Ontology#has_property_value"", ""predicate_type"": ""object"", ""subject_iri"": ""http://dkm.fbk.eu/index.php/BPMN_Ontology#property""}, ""text"": ""Property Value Expression."", ""triple"": [""Property"", ""Value"", ""Expression""]}]",{}
L4_Business_Finance_Business_Finance_BPMN_property_BPMNOntology_00004,"In the BPMN ontology, given the following set of classes and properties, construct only object- and data-property relationships. Do not output subClassOf triples. Output only triples in the form (subject, predicate, object).

Classes:
- Expression
- Message
- Participant
- Property
- Service Task
- Standard Loop Activity
- Swimlane
- TimeDate Expression

Object Properties:
- FromRef
- InMessageRef
- Loop Condition
- OutMessageRef
- Property
- ToRef
- Value

Data Properties:
- Correlation
- ExpressionBody
- ExpressionLanguage
- Implementation
- Loop Counter
- Name
- ParticipantType
- Test Time",,"(Expression, ExpressionBody, string)
(Expression, ExpressionLanguage, string)
(Message, FromRef, Participant)
(Message, Name, string)
(Message, Property, Property)
(Message, ToRef, Participant)
(Participant, ParticipantType, OneOf(['Entity', 'Role']))
(Property, Correlation, boolean)
(Property, Name, string)
(Property, Value, Expression)
(Service Task, Implementation, OneOf(['Other', 'Unspecified', 'Web Service']))
(Service Task, InMessageRef, Message)
(Service Task, OutMessageRef, Message)
(Standard Loop Activity, Loop Condition, Expression)
(Standard Loop Activity, Loop Counter, integer)
(Standard Loop Activity, Test Time, OneOf(['After', 'Before']))
(Swimlane, Name, string)",3_4,L4,Property Relation Construction,Learning,Generation,triple_f1,Business_Finance,Business_Finance/BPMN,bench_3_4/Business_Finance/BPMN/BPMNOntology/property_BPMNOntology.json,3,,,,"(Expression, ExpressionBody, string)
(Expression, ExpressionLanguage, string)
(Message, FromRef, Participant)
(Message, Name, string)
(Message, Property, Property)
(Message, ToRef, Participant)
(Participant, ParticipantType, OneOf(['Entity', 'Role']))
(Property, Correlation, boolean)
(Property, Name, string)
(Property, Value, Expression)
(Service Task, Implementation, OneOf(['Other', 'Unspecified', 'Web Service']))
(Service Task, InMessageRef, Message)
(Service Task, OutMessageRef, Message)
(Standard Loop Activity, Loop Condition, Expression)
(Standard Loop Activity, Loop Counter, integer)
(Standard Loop Activity, Test Time, OneOf(['After', 'Before']))
(Swimlane, Name, string)","[""Expression"", ""Message"", ""Participant"", ""Property"", ""Service Task"", ""Standard Loop Activity"", ""Swimlane"", ""TimeDate Expression""]","[""FromRef"", ""InMessageRef"", ""Loop Condition"", ""OutMessageRef"", ""Property"", ""ToRef"", ""Value""]","[{""characteristics"": [], ""meta"": {""object_iri"": null, ""predicate_iri"": ""http://dkm.fbk.eu/index.php/BPMN_Ontology#has_expression_expression_body"", ""predicate_type"": ""data"", ""subject_iri"": ""http://dkm.fbk.eu/index.php/BPMN_Ontology#expression""}, ""text"": ""Expression ExpressionBody string."", ""triple"": [""Expression"", ""ExpressionBody"", ""string""]}, {""characteristics"": [], ""meta"": {""object_iri"": null, ""predicate_iri"": ""http://dkm.fbk.eu/index.php/BPMN_Ontology#has_expression_expression_language"", ""predicate_type"": ""data"", ""subject_iri"": ""http://dkm.fbk.eu/index.php/BPMN_Ontology#expression""}, ""text"": ""Expression ExpressionLanguage string."", ""triple"": [""Expression"", ""ExpressionLanguage"", ""string""]}, {""characteristics"": [], ""meta"": {""object_iri"": ""http://dkm.fbk.eu/index.php/BPMN_Ontology#participant"", ""predicate_iri"": ""http://dkm.fbk.eu/index.php/BPMN_Ontology#has_message_from_ref"", ""predicate_type"": ""object"", ""subject_iri"": ""http://dkm.fbk.eu/index.php/BPMN_Ontology#message""}, ""text"": ""Message FromRef Participant."", ""triple"": [""Message"", ""FromRef"", ""Participant""]}, {""characteristics"": [], ""meta"": {""object_iri"": null, ""predicate_iri"": ""http://dkm.fbk.eu/index.php/BPMN_Ontology#has_message_name"", ""predicate_type"": ""data"", ""subject_iri"": ""http://dkm.fbk.eu/index.php/BPMN_Ontology#message""}, ""text"": ""Message Name string."", ""triple"": [""Message"", ""Name"", ""string""]}, {""characteristics"": [], ""meta"": {""object_iri"": ""http://dkm.fbk.eu/index.php/BPMN_Ontology#property"", ""predicate_iri"": ""http://dkm.fbk.eu/index.php/BPMN_Ontology#has_message_property"", ""predicate_type"": ""object"", ""subject_iri"": ""http://dkm.fbk.eu/index.php/BPMN_Ontology#message""}, ""text"": ""Message Property Property."", ""triple"": [""Message"", ""Property"", ""Property""]}, {""characteristics"": [], ""meta"": {""object_iri"": ""http://dkm.fbk.eu/index.php/BPMN_Ontology#participant"", ""predicate_iri"": ""http://dkm.fbk.eu/index.php/BPMN_Ontology#has_message_to_ref"", ""predicate_type"": ""object"", ""subject_iri"": ""http://dkm.fbk.eu/index.php/BPMN_Ontology#message""}, ""text"": ""Message ToRef Participant."", ""triple"": [""Message"", ""ToRef"", ""Participant""]}, {""characteristics"": [], ""meta"": {""object_iri"": null, ""predicate_iri"": ""http://dkm.fbk.eu/index.php/BPMN_Ontology#has_participant_participant_type"", ""predicate_type"": ""data"", ""subject_iri"": ""http://dkm.fbk.eu/index.php/BPMN_Ontology#participant""}, ""text"": ""Participant ParticipantType OneOf(['Entity', 'Role'])."", ""triple"": [""Participant"", ""ParticipantType"", ""OneOf(['Entity', 'Role'])""]}, {""characteristics"": [], ""meta"": {""object_iri"": null, ""predicate_iri"": ""http://dkm.fbk.eu/index.php/BPMN_Ontology#has_property_correlation"", ""predicate_type"": ""data"", ""subject_iri"": ""http://dkm.fbk.eu/index.php/BPMN_Ontology#property""}, ""text"": ""Property Correlation boolean."", ""triple"": [""Property"", ""Correlation"", ""boolean""]}, {""characteristics"": [], ""meta"": {""object_iri"": null, ""predicate_iri"": ""http://dkm.fbk.eu/index.php/BPMN_Ontology#has_property_name"", ""predicate_type"": ""data"", ""subject_iri"": ""http://dkm.fbk.eu/index.php/BPMN_Ontology#property""}, ""text"": ""Property Name string."", ""triple"": [""Property"", ""Name"", ""string""]}, {""characteristics"": [], ""meta"": {""object_iri"": ""http://dkm.fbk.eu/index.php/BPMN_Ontology#expression"", ""predicate_iri"": ""http://dkm.fbk.eu/index.php/BPMN_Ontology#has_property_value"", ""predicate_type"": ""object"", ""subject_iri"": ""http://dkm.fbk.eu/index.php/BPMN_Ontology#property""}, ""text"": ""Property Value Expression."", ""triple"": [""Property"", ""Value"", ""Expression""]}, {""characteristics"": [], ""meta"": {""object_iri"": null, ""predicate_iri"": ""http://dkm.fbk.eu/index.php/BPMN_Ontology#has_service_task_implementation"", ""predicate_type"": ""data"", ""subject_iri"": ""http://dkm.fbk.eu/index.php/BPMN_Ontology#service_task""}, ""text"": ""Service Task Implementation OneOf(['Other', 'Unspecified', 'Web_Service'])."", ""triple"": [""Service Task"", ""Implementation"", ""OneOf(['Other', 'Unspecified', 'Web_Service'])""]}, {""characteristics"": [], ""meta"": {""object_iri"": ""http://dkm.fbk.eu/index.php/BPMN_Ontology#message"", ""predicate_iri"": ""http://dkm.fbk.eu/index.php/BPMN_Ontology#has_service_task_in_message_ref"", ""predicate_type"": ""object"", ""subject_iri"": ""http://dkm.fbk.eu/index.php/BPMN_Ontology#service_task""}, ""text"": ""Service Task InMessageRef Message."", ""triple"": [""Service Task"", ""InMessageRef"", ""Message""]}, {""characteristics"": [], ""meta"": {""object_iri"": ""http://dkm.fbk.eu/index.php/BPMN_Ontology#message"", ""predicate_iri"": ""http://dkm.fbk.eu/index.php/BPMN_Ontology#has_service_task_out_message_ref"", ""predicate_type"": ""object"", ""subject_iri"": ""http://dkm.fbk.eu/index.php/BPMN_Ontology#service_task""}, ""text"": ""Service Task OutMessageRef Message."", ""triple"": [""Service Task"", ""OutMessageRef"", ""Message""]}, {""characteristics"": [], ""meta"": {""object_iri"": ""http://dkm.fbk.eu/index.php/BPMN_Ontology#expression"", ""predicate_iri"": ""http://dkm.fbk.eu/index.php/BPMN_Ontology#has_standard_loop_activity_loop_condition"", ""predicate_type"": ""object"", ""subject_iri"": ""http://dkm.fbk.eu/index.php/BPMN_Ontology#standard_loop_activity""}, ""text"": ""Standard Loop Activity Loop Condition Expression."", ""triple"": [""Standard Loop Activity"", ""Loop Condition"", ""Expression""]}, {""characteristics"": [], ""meta"": {""object_iri"": null, ""predicate_iri"": ""http://dkm.fbk.eu/index.php/BPMN_Ontology#has_standard_loop_activity_loop_counter"", ""predicate_type"": ""data"", ""subject_iri"": ""http://dkm.fbk.eu/index.php/BPMN_Ontology#standard_loop_activity""}, ""text"": ""Standard Loop Activity Loop Counter integer."", ""triple"": [""Standard Loop Activity"", ""Loop Counter"", ""integer""]}, {""characteristics"": [], ""meta"": {""object_iri"": null, ""predicate_iri"": ""http://dkm.fbk.eu/index.php/BPMN_Ontology#has_standard_loop_activity_test_time"", ""predicate_type"": ""data"", ""subject_iri"": ""http://dkm.fbk.eu/index.php/BPMN_Ontology#standard_loop_activity""}, ""text"": ""Standard Loop Activity Test Time OneOf(['After', 'Before'])."", ""triple"": [""Standard Loop Activity"", ""Test Time"", ""OneOf(['After', 'Before'])""]}, {""characteristics"": [], ""meta"": {""object_iri"": null, ""predicate_iri"": ""http://dkm.fbk.eu/index.php/BPMN_Ontology#has_swimlane_name"", ""predicate_type"": ""data"", ""subject_iri"": ""http://dkm.fbk.eu/index.php/BPMN_Ontology#swimlane""}, ""text"": ""Swimlane Name string."", ""triple"": [""Swimlane"", ""Name"", ""string""]}]",{}
L4_Business_Finance_Business_Finance_BPMN_property_BPMNOntology_00006,"In the BPMN ontology, given the following set of classes and properties, construct only object- and data-property relationships. Do not output subClassOf triples. Output only triples in the form (subject, predicate, object).

Classes:
- Business Process Diagram
- Entity
- Expression
- Message
- Participant
- Process
- Property
- Reusable Sub-process
- Role
- message intermediate event

Object Properties:
- AdHocCompletionCondition
- DiagramRef
- EntityRef
- FromRef
- InputMaps
- ProcessRef
- Properties
- Property
- RoleRef
- ToRef
- Value

Data Properties:
- AdHocOrdering
- Correlation
- Documentation
- ExpressionBody
- ExpressionLanguage
- Language
- Name
- ParticipantType
- Performers",,"(Business Process Diagram, Documentation, string)
(Business Process Diagram, Language, string)
(Entity, Name, string)
(Expression, ExpressionBody, string)
(Expression, ExpressionLanguage, string)
(Message, FromRef, Participant)
(Message, Name, string)
(Message, Property, Property)
(Message, ToRef, Participant)
(Participant, EntityRef, Entity)
(Participant, ParticipantType, OneOf(['Entity', 'Role']))
(Participant, RoleRef, Role)
(Process, AdHocCompletionCondition, Expression)
(Process, AdHocOrdering, OneOf(['Parallel', 'Sequential']))
(Process, Performers, string)
(Process, Properties, Property)
(Property, Correlation, boolean)
(Property, Name, string)
(Property, Value, Expression)
(Reusable Sub-process, DiagramRef, Business Process Diagram)
(Reusable Sub-process, InputMaps, Expression)
(Reusable Sub-process, ProcessRef, Process)
(Role, Name, string)",3_4,L4,Property Relation Construction,Learning,Generation,triple_f1,Business_Finance,Business_Finance/BPMN,bench_3_4/Business_Finance/BPMN/BPMNOntology/property_BPMNOntology.json,5,,,,"(Business Process Diagram, Documentation, string)
(Business Process Diagram, Language, string)
(Entity, Name, string)
(Expression, ExpressionBody, string)
(Expression, ExpressionLanguage, string)
(Message, FromRef, Participant)
(Message, Name, string)
(Message, Property, Property)
(Message, ToRef, Participant)
(Participant, EntityRef, Entity)
(Participant, ParticipantType, OneOf(['Entity', 'Role']))
(Participant, RoleRef, Role)
(Process, AdHocCompletionCondition, Expression)
(Process, AdHocOrdering, OneOf(['Parallel', 'Sequential']))
(Process, Performers, string)
(Process, Properties, Property)
(Property, Correlation, boolean)
(Property, Name, string)
(Property, Value, Expression)
(Reusable Sub-process, DiagramRef, Business Process Diagram)
(Reusable Sub-process, InputMaps, Expression)
(Reusable Sub-process, ProcessRef, Process)
(Role, Name, string)","[""Business Process Diagram"", ""Entity"", ""Expression"", ""Message"", ""Participant"", ""Process"", ""Property"", ""Reusable Sub-process"", ""Role"", ""message_intermediate_event""]","[""AdHocCompletionCondition"", ""DiagramRef"", ""EntityRef"", ""FromRef"", ""InputMaps"", ""ProcessRef"", ""Properties"", ""Property"", ""RoleRef"", ""ToRef"", ""Value""]","[{""characteristics"": [], ""meta"": {""object_iri"": null, ""predicate_iri"": ""http://dkm.fbk.eu/index.php/BPMN_Ontology#has_business_process_diagram_documentation"", ""predicate_type"": ""data"", ""subject_iri"": ""http://dkm.fbk.eu/index.php/BPMN_Ontology#business_process_diagram""}, ""text"": ""Business Process Diagram Documentation string."", ""triple"": [""Business Process Diagram"", ""Documentation"", ""string""]}, {""characteristics"": [], ""meta"": {""object_iri"": null, ""predicate_iri"": ""http://dkm.fbk.eu/index.php/BPMN_Ontology#has_business_process_diagram_language"", ""predicate_type"": ""data"", ""subject_iri"": ""http://dkm.fbk.eu/index.php/BPMN_Ontology#business_process_diagram""}, ""text"": ""Business Process Diagram Language string."", ""triple"": [""Business Process Diagram"", ""Language"", ""string""]}, {""characteristics"": [], ""meta"": {""object_iri"": null, ""predicate_iri"": ""http://dkm.fbk.eu/index.php/BPMN_Ontology#has_entity_name"", ""predicate_type"": ""data"", ""subject_iri"": ""http://dkm.fbk.eu/index.php/BPMN_Ontology#entity""}, ""text"": ""Entity Name string."", ""triple"": [""Entity"", ""Name"", ""string""]}, {""characteristics"": [], ""meta"": {""object_iri"": null, ""predicate_iri"": ""http://dkm.fbk.eu/index.php/BPMN_Ontology#has_expression_expression_body"", ""predicate_type"": ""data"", ""subject_iri"": ""http://dkm.fbk.eu/index.php/BPMN_Ontology#expression""}, ""text"": ""Expression ExpressionBody string."", ""triple"": [""Expression"", ""ExpressionBody"", ""string""]}, {""characteristics"": [], ""meta"": {""object_iri"": null, ""predicate_iri"": ""http://dkm.fbk.eu/index.php/BPMN_Ontology#has_expression_expression_language"", ""predicate_type"": ""data"", ""subject_iri"": ""http://dkm.fbk.eu/index.php/BPMN_Ontology#expression""}, ""text"": ""Expression ExpressionLanguage string."", ""triple"": [""Expression"", ""ExpressionLanguage"", ""string""]}, {""characteristics"": [], ""meta"": {""object_iri"": ""http://dkm.fbk.eu/index.php/BPMN_Ontology#participant"", ""predicate_iri"": ""http://dkm.fbk.eu/index.php/BPMN_Ontology#has_message_from_ref"", ""predicate_type"": ""object"", ""subject_iri"": ""http://dkm.fbk.eu/index.php/BPMN_Ontology#message""}, ""text"": ""Message FromRef Participant."", ""triple"": [""Message"", ""FromRef"", ""Participant""]}, {""characteristics"": [], ""meta"": {""object_iri"": null, ""predicate_iri"": ""http://dkm.fbk.eu/index.php/BPMN_Ontology#has_message_name"", ""predicate_type"": ""data"", ""subject_iri"": ""http://dkm.fbk.eu/index.php/BPMN_Ontology#message""}, ""text"": ""Message Name string."", ""triple"": [""Message"", ""Name"", ""string""]}, {""characteristics"": [], ""meta"": {""object_iri"": ""http://dkm.fbk.eu/index.php/BPMN_Ontology#property"", ""predicate_iri"": ""http://dkm.fbk.eu/index.php/BPMN_Ontology#has_message_property"", ""predicate_type"": ""object"", ""subject_iri"": ""http://dkm.fbk.eu/index.php/BPMN_Ontology#message""}, ""text"": ""Message Property Property."", ""triple"": [""Message"", ""Property"", ""Property""]}, {""characteristics"": [], ""meta"": {""object_iri"": ""http://dkm.fbk.eu/index.php/BPMN_Ontology#participant"", ""predicate_iri"": ""http://dkm.fbk.eu/index.php/BPMN_Ontology#has_message_to_ref"", ""predicate_type"": ""object"", ""subject_iri"": ""http://dkm.fbk.eu/index.php/BPMN_Ontology#message""}, ""text"": ""Message ToRef Participant."", ""triple"": [""Message"", ""ToRef"", ""Participant""]}, {""characteristics"": [], ""meta"": {""object_iri"": ""http://dkm.fbk.eu/index.php/BPMN_Ontology#entity"", ""predicate_iri"": ""http://dkm.fbk.eu/index.php/BPMN_Ontology#has_participant_entity_ref"", ""predicate_type"": ""object"", ""subject_iri"": ""http://dkm.fbk.eu/index.php/BPMN_Ontology#participant""}, ""text"": ""Participant EntityRef Entity."", ""triple"": [""Participant"", ""EntityRef"", ""Entity""]}, {""characteristics"": [], ""meta"": {""object_iri"": null, ""predicate_iri"": ""http://dkm.fbk.eu/index.php/BPMN_Ontology#has_participant_participant_type"", ""predicate_type"": ""data"", ""subject_iri"": ""http://dkm.fbk.eu/index.php/BPMN_Ontology#participant""}, ""text"": ""Participant ParticipantType OneOf(['Entity', 'Role'])."", ""triple"": [""Participant"", ""ParticipantType"", ""OneOf(['Entity', 'Role'])""]}, {""characteristics"": [], ""meta"": {""object_iri"": ""http://dkm.fbk.eu/index.php/BPMN_Ontology#role"", ""predicate_iri"": ""http://dkm.fbk.eu/index.php/BPMN_Ontology#has_participant_role_ref"", ""predicate_type"": ""object"", ""subject_iri"": ""http://dkm.fbk.eu/index.php/BPMN_Ontology#participant""}, ""text"": ""Participant RoleRef Role."", ""triple"": [""Participant"", ""RoleRef"", ""Role""]}, {""characteristics"": [], ""meta"": {""object_iri"": ""http://dkm.fbk.eu/index.php/BPMN_Ontology#expression"", ""predicate_iri"": ""http://dkm.fbk.eu/index.php/BPMN_Ontology#has_process_ad_hoc_completion_condition"", ""predicate_type"": ""object"", ""subject_iri"": ""http://dkm.fbk.eu/index.php/BPMN_Ontology#process""}, ""text"": ""Process AdHocCompletionCondition Expression."", ""triple"": [""Process"", ""AdHocCompletionCondition"", ""Expression""]}, {""characteristics"": [], ""meta"": {""object_iri"": null, ""predicate_iri"": ""http://dkm.fbk.eu/index.php/BPMN_Ontology#has_process_ad_hoc_ordering"", ""predicate_type"": ""data"", ""subject_iri"": ""http://dkm.fbk.eu/index.php/BPMN_Ontology#process""}, ""text"": ""Process AdHocOrdering OneOf(['Parallel', 'Sequential'])."", ""triple"": [""Process"", ""AdHocOrdering"", ""OneOf(['Parallel', 'Sequential'])""]}, {""characteristics"": [], ""meta"": {""object_iri"": null, ""predicate_iri"": ""http://dkm.fbk.eu/index.php/BPMN_Ontology#has_process_performers"", ""predicate_type"": ""data"", ""subject_iri"": ""http://dkm.fbk.eu/index.php/BPMN_Ontology#process""}, ""text"": ""Process Performers string."", ""triple"": [""Process"", ""Performers"", ""string""]}, {""characteristics"": [], ""meta"": {""object_iri"": ""http://dkm.fbk.eu/index.php/BPMN_Ontology#property"", ""predicate_iri"": ""http://dkm.fbk.eu/index.php/BPMN_Ontology#has_process_properties"", ""predicate_type"": ""object"", ""subject_iri"": ""http://dkm.fbk.eu/index.php/BPMN_Ontology#process""}, ""text"": ""Process Properties Property."", ""triple"": [""Process"", ""Properties"", ""Property""]}, {""characteristics"": [], ""meta"": {""object_iri"": null, ""predicate_iri"": ""http://dkm.fbk.eu/index.php/BPMN_Ontology#has_property_correlation"", ""predicate_type"": ""data"", ""subject_iri"": ""http://dkm.fbk.eu/index.php/BPMN_Ontology#property""}, ""text"": ""Property Correlation boolean."", ""triple"": [""Property"", ""Correlation"", ""boolean""]}, {""characteristics"": [], ""meta"": {""object_iri"": null, ""predicate_iri"": ""http://dkm.fbk.eu/index.php/BPMN_Ontology#has_property_name"", ""predicate_type"": ""data"", ""subject_iri"": ""http://dkm.fbk.eu/index.php/BPMN_Ontology#property""}, ""text"": ""Property Name string."", ""triple"": [""Property"", ""Name"", ""string""]}, {""characteristics"": [], ""meta"": {""object_iri"": ""http://dkm.fbk.eu/index.php/BPMN_Ontology#expression"", ""predicate_iri"": ""http://dkm.fbk.eu/index.php/BPMN_Ontology#has_property_value"", ""predicate_type"": ""object"", ""subject_iri"": ""http://dkm.fbk.eu/index.php/BPMN_Ontology#property""}, ""text"": ""Property Value Expression."", ""triple"": [""Property"", ""Value"", ""Expression""]}, {""characteristics"": [], ""meta"": {""object_iri"": ""http://dkm.fbk.eu/index.php/BPMN_Ontology#business_process_diagram"", ""predicate_iri"": ""http://dkm.fbk.eu/index.php/BPMN_Ontology#has_reusable_sub_process_sub_diagram_ref"", ""predicate_type"": ""object"", ""subject_iri"": ""http://dkm.fbk.eu/index.php/BPMN_Ontology#reusable_sub_process""}, ""text"": ""Reusable Sub-process DiagramRef Business Process Diagram."", ""triple"": [""Reusable Sub-process"", ""DiagramRef"", ""Business Process Diagram""]}, {""characteristics"": [], ""meta"": {""object_iri"": ""http://dkm.fbk.eu/index.php/BPMN_Ontology#expression"", ""predicate_iri"": ""http://dkm.fbk.eu/index.php/BPMN_Ontology#has_reusable_sub_process_sub_input_maps"", ""predicate_type"": ""object"", ""subject_iri"": ""http://dkm.fbk.eu/index.php/BPMN_Ontology#reusable_sub_process""}, ""text"": ""Reusable Sub-process InputMaps Expression."", ""triple"": [""Reusable Sub-process"", ""InputMaps"", ""Expression""]}, {""characteristics"": [], ""meta"": {""object_iri"": ""http://dkm.fbk.eu/index.php/BPMN_Ontology#process"", ""predicate_iri"": ""http://dkm.fbk.eu/index.php/BPMN_Ontology#has_reusable_sub_process_sub_process_ref"", ""predicate_type"": ""object"", ""subject_iri"": ""http://dkm.fbk.eu/index.php/BPMN_Ontology#reusable_sub_process""}, ""text"": ""Reusable Sub-process ProcessRef Process."", ""triple"": [""Reusable Sub-process"", ""ProcessRef"", ""Process""]}, {""characteristics"": [], ""meta"": {""object_iri"": null, ""predicate_iri"": ""http://dkm.fbk.eu/index.php/BPMN_Ontology#has_role_name"", ""predicate_type"": ""data"", ""subject_iri"": ""http://dkm.fbk.eu/index.php/BPMN_Ontology#role""}, ""text"": ""Role Name string."", ""triple"": [""Role"", ""Name"", ""string""]}]",{}
L4_Business_Finance_Business_Finance_BPMN_property_BPMNOntology_00007,"In the BPMN ontology, given the following set of classes and properties, construct only object- and data-property relationships. Do not output subClassOf triples. Output only triples in the form (subject, predicate, object).

Classes:
- Expression
- Message
- Participant
- Property
- Receive Task
- Sequence Flow
- TimeDate Expression

Object Properties:
- Condition Expression
- FromRef
- MessageRef
- Property
- ToRef
- Value

Data Properties:
- Condition Type
- Correlation
- ExpressionBody
- ExpressionLanguage
- Implementation
- Instantiate
- Name
- ParticipantType",,"(Expression, ExpressionBody, string)
(Expression, ExpressionLanguage, string)
(Message, FromRef, Participant)
(Message, Name, string)
(Message, Property, Property)
(Message, ToRef, Participant)
(Participant, ParticipantType, OneOf(['Entity', 'Role']))
(Property, Correlation, boolean)
(Property, Name, string)
(Property, Value, Expression)
(Receive Task, Implementation, OneOf(['Other', 'Unspecified', 'Web Service']))
(Receive Task, Instantiate, boolean)
(Receive Task, MessageRef, Message)
(Sequence Flow, Condition Expression, Expression)
(Sequence Flow, Condition Type, OneOf(['Default', 'Expression', 'None']))",3_4,L4,Property Relation Construction,Learning,Generation,triple_f1,Business_Finance,Business_Finance/BPMN,bench_3_4/Business_Finance/BPMN/BPMNOntology/property_BPMNOntology.json,6,,,,"(Expression, ExpressionBody, string)
(Expression, ExpressionLanguage, string)
(Message, FromRef, Participant)
(Message, Name, string)
(Message, Property, Property)
(Message, ToRef, Participant)
(Participant, ParticipantType, OneOf(['Entity', 'Role']))
(Property, Correlation, boolean)
(Property, Name, string)
(Property, Value, Expression)
(Receive Task, Implementation, OneOf(['Other', 'Unspecified', 'Web Service']))
(Receive Task, Instantiate, boolean)
(Receive Task, MessageRef, Message)
(Sequence Flow, Condition Expression, Expression)
(Sequence Flow, Condition Type, OneOf(['Default', 'Expression', 'None']))","[""Expression"", ""Message"", ""Participant"", ""Property"", ""Receive Task"", ""Sequence Flow"", ""TimeDate Expression""]","[""Condition Expression"", ""FromRef"", ""MessageRef"", ""Property"", ""ToRef"", ""Value""]","[{""characteristics"": [], ""meta"": {""object_iri"": null, ""predicate_iri"": ""http://dkm.fbk.eu/index.php/BPMN_Ontology#has_expression_expression_body"", ""predicate_type"": ""data"", ""subject_iri"": ""http://dkm.fbk.eu/index.php/BPMN_Ontology#expression""}, ""text"": ""Expression ExpressionBody string."", ""triple"": [""Expression"", ""ExpressionBody"", ""string""]}, {""characteristics"": [], ""meta"": {""object_iri"": null, ""predicate_iri"": ""http://dkm.fbk.eu/index.php/BPMN_Ontology#has_expression_expression_language"", ""predicate_type"": ""data"", ""subject_iri"": ""http://dkm.fbk.eu/index.php/BPMN_Ontology#expression""}, ""text"": ""Expression ExpressionLanguage string."", ""triple"": [""Expression"", ""ExpressionLanguage"", ""string""]}, {""characteristics"": [], ""meta"": {""object_iri"": ""http://dkm.fbk.eu/index.php/BPMN_Ontology#participant"", ""predicate_iri"": ""http://dkm.fbk.eu/index.php/BPMN_Ontology#has_message_from_ref"", ""predicate_type"": ""object"", ""subject_iri"": ""http://dkm.fbk.eu/index.php/BPMN_Ontology#message""}, ""text"": ""Message FromRef Participant."", ""triple"": [""Message"", ""FromRef"", ""Participant""]}, {""characteristics"": [], ""meta"": {""object_iri"": null, ""predicate_iri"": ""http://dkm.fbk.eu/index.php/BPMN_Ontology#has_message_name"", ""predicate_type"": ""data"", ""subject_iri"": ""http://dkm.fbk.eu/index.php/BPMN_Ontology#message""}, ""text"": ""Message Name string."", ""triple"": [""Message"", ""Name"", ""string""]}, {""characteristics"": [], ""meta"": {""object_iri"": ""http://dkm.fbk.eu/index.php/BPMN_Ontology#property"", ""predicate_iri"": ""http://dkm.fbk.eu/index.php/BPMN_Ontology#has_message_property"", ""predicate_type"": ""object"", ""subject_iri"": ""http://dkm.fbk.eu/index.php/BPMN_Ontology#message""}, ""text"": ""Message Property Property."", ""triple"": [""Message"", ""Property"", ""Property""]}, {""characteristics"": [], ""meta"": {""object_iri"": ""http://dkm.fbk.eu/index.php/BPMN_Ontology#participant"", ""predicate_iri"": ""http://dkm.fbk.eu/index.php/BPMN_Ontology#has_message_to_ref"", ""predicate_type"": ""object"", ""subject_iri"": ""http://dkm.fbk.eu/index.php/BPMN_Ontology#message""}, ""text"": ""Message ToRef Participant."", ""triple"": [""Message"", ""ToRef"", ""Participant""]}, {""characteristics"": [], ""meta"": {""object_iri"": null, ""predicate_iri"": ""http://dkm.fbk.eu/index.php/BPMN_Ontology#has_participant_participant_type"", ""predicate_type"": ""data"", ""subject_iri"": ""http://dkm.fbk.eu/index.php/BPMN_Ontology#participant""}, ""text"": ""Participant ParticipantType OneOf(['Entity', 'Role'])."", ""triple"": [""Participant"", ""ParticipantType"", ""OneOf(['Entity', 'Role'])""]}, {""characteristics"": [], ""meta"": {""object_iri"": null, ""predicate_iri"": ""http://dkm.fbk.eu/index.php/BPMN_Ontology#has_property_correlation"", ""predicate_type"": ""data"", ""subject_iri"": ""http://dkm.fbk.eu/index.php/BPMN_Ontology#property""}, ""text"": ""Property Correlation boolean."", ""triple"": [""Property"", ""Correlation"", ""boolean""]}, {""characteristics"": [], ""meta"": {""object_iri"": null, ""predicate_iri"": ""http://dkm.fbk.eu/index.php/BPMN_Ontology#has_property_name"", ""predicate_type"": ""data"", ""subject_iri"": ""http://dkm.fbk.eu/index.php/BPMN_Ontology#property""}, ""text"": ""Property Name string."", ""triple"": [""Property"", ""Name"", ""string""]}, {""characteristics"": [], ""meta"": {""object_iri"": ""http://dkm.fbk.eu/index.php/BPMN_Ontology#expression"", ""predicate_iri"": ""http://dkm.fbk.eu/index.php/BPMN_Ontology#has_property_value"", ""predicate_type"": ""object"", ""subject_iri"": ""http://dkm.fbk.eu/index.php/BPMN_Ontology#property""}, ""text"": ""Property Value Expression."", ""triple"": [""Property"", ""Value"", ""Expression""]}, {""characteristics"": [], ""meta"": {""object_iri"": null, ""predicate_iri"": ""http://dkm.fbk.eu/index.php/BPMN_Ontology#has_receive_task_implementation"", ""predicate_type"": ""data"", ""subject_iri"": ""http://dkm.fbk.eu/index.php/BPMN_Ontology#receive_task""}, ""text"": ""Receive Task Implementation OneOf(['Other', 'Unspecified', 'Web_Service'])."", ""triple"": [""Receive Task"", ""Implementation"", ""OneOf(['Other', 'Unspecified', 'Web_Service'])""]}, {""characteristics"": [], ""meta"": {""object_iri"": null, ""predicate_iri"": ""http://dkm.fbk.eu/index.php/BPMN_Ontology#has_receive_task_instantiate"", ""predicate_type"": ""data"", ""subject_iri"": ""http://dkm.fbk.eu/index.php/BPMN_Ontology#receive_task""}, ""text"": ""Receive Task Instantiate boolean."", ""triple"": [""Receive Task"", ""Instantiate"", ""boolean""]}, {""characteristics"": [], ""meta"": {""object_iri"": ""http://dkm.fbk.eu/index.php/BPMN_Ontology#message"", ""predicate_iri"": ""http://dkm.fbk.eu/index.php/BPMN_Ontology#has_receive_task_message_ref"", ""predicate_type"": ""object"", ""subject_iri"": ""http://dkm.fbk.eu/index.php/BPMN_Ontology#receive_task""}, ""text"": ""Receive Task MessageRef Message."", ""triple"": [""Receive Task"", ""MessageRef"", ""Message""]}, {""characteristics"": [], ""meta"": {""object_iri"": ""http://dkm.fbk.eu/index.php/BPMN_Ontology#expression"", ""predicate_iri"": ""http://dkm.fbk.eu/index.php/BPMN_Ontology#has_sequence_flow_condition_expression"", ""predicate_type"": ""object"", ""subject_iri"": ""http://dkm.fbk.eu/index.php/BPMN_Ontology#sequence_flow""}, ""text"": ""Sequence Flow Condition Expression Expression."", ""triple"": [""Sequence Flow"", ""Condition Expression"", ""Expression""]}, {""characteristics"": [], ""meta"": {""object_iri"": null, ""predicate_iri"": ""http://dkm.fbk.eu/index.php/BPMN_Ontology#has_sequence_flow_condition_type"", ""predicate_type"": ""data"", ""subject_iri"": ""http://dkm.fbk.eu/index.php/BPMN_Ontology#sequence_flow""}, ""text"": ""Sequence Flow Condition Type OneOf(['Default', 'Expression', 'None'])."", ""triple"": [""Sequence Flow"", ""Condition Type"", ""OneOf(['Default', 'Expression', 'None'])""]}]",{}
L4_Business_Finance_Business_Finance_BPMN_property_BPMNOntology_00008,"In the BPMN ontology, given the following set of classes and properties, construct only object- and data-property relationships. Do not output subClassOf triples. Output only triples in the form (subject, predicate, object).

Classes:
- Assignment
- Expression
- Gate
- Message
- Message Event Detail
- Participant
- Property
- Sequence Flow
- TimeDate Expression
- timer intermediate event

Object Properties:
- Assignments
- Condition Expression
- From
- FromRef
- MessageRef
- OutgoingSequenceFlowRef
- Property
- To
- ToRef
- Value

Data Properties:
- AssignTime
- Condition Type
- Correlation
- ExpressionBody
- ExpressionLanguage
- Implementation
- Name
- ParticipantType",,"(Assignment, AssignTime, OneOf(['End', 'Start']))
(Assignment, From, Expression)
(Assignment, To, Property)
(Expression, ExpressionBody, string)
(Expression, ExpressionLanguage, string)
(Gate, Assignments, Assignment)
(Gate, OutgoingSequenceFlowRef, Sequence Flow)
(Message, FromRef, Participant)
(Message, Name, string)
(Message, Property, Property)
(Message, ToRef, Participant)
(Message Event Detail, Implementation, OneOf(['Other', 'Unspecified', 'Web Service']))
(Message Event Detail, MessageRef, Message)
(Participant, ParticipantType, OneOf(['Entity', 'Role']))
(Property, Correlation, boolean)
(Property, Name, string)
(Property, Value, Expression)
(Sequence Flow, Condition Expression, Expression)
(Sequence Flow, Condition Type, OneOf(['Default', 'Expression', 'None']))",3_4,L4,Property Relation Construction,Learning,Generation,triple_f1,Business_Finance,Business_Finance/BPMN,bench_3_4/Business_Finance/BPMN/BPMNOntology/property_BPMNOntology.json,7,,,,"(Assignment, AssignTime, OneOf(['End', 'Start']))
(Assignment, From, Expression)
(Assignment, To, Property)
(Expression, ExpressionBody, string)
(Expression, ExpressionLanguage, string)
(Gate, Assignments, Assignment)
(Gate, OutgoingSequenceFlowRef, Sequence Flow)
(Message, FromRef, Participant)
(Message, Name, string)
(Message, Property, Property)
(Message, ToRef, Participant)
(Message Event Detail, Implementation, OneOf(['Other', 'Unspecified', 'Web Service']))
(Message Event Detail, MessageRef, Message)
(Participant, ParticipantType, OneOf(['Entity', 'Role']))
(Property, Correlation, boolean)
(Property, Name, string)
(Property, Value, Expression)
(Sequence Flow, Condition Expression, Expression)
(Sequence Flow, Condition Type, OneOf(['Default', 'Expression', 'None']))","[""Assignment"", ""Expression"", ""Gate"", ""Message"", ""Message Event Detail"", ""Participant"", ""Property"", ""Sequence Flow"", ""TimeDate Expression"", ""timer_intermediate_event""]","[""Assignments"", ""Condition Expression"", ""From"", ""FromRef"", ""MessageRef"", ""OutgoingSequenceFlowRef"", ""Property"", ""To"", ""ToRef"", ""Value""]","[{""characteristics"": [], ""meta"": {""object_iri"": null, ""predicate_iri"": ""http://dkm.fbk.eu/index.php/BPMN_Ontology#has_assignment_assign_time"", ""predicate_type"": ""data"", ""subject_iri"": ""http://dkm.fbk.eu/index.php/BPMN_Ontology#assignment""}, ""text"": ""Assignment AssignTime OneOf(['End', 'Start'])."", ""triple"": [""Assignment"", ""AssignTime"", ""OneOf(['End', 'Start'])""]}, {""characteristics"": [], ""meta"": {""object_iri"": ""http://dkm.fbk.eu/index.php/BPMN_Ontology#expression"", ""predicate_iri"": ""http://dkm.fbk.eu/index.php/BPMN_Ontology#has_assignment_from"", ""predicate_type"": ""object"", ""subject_iri"": ""http://dkm.fbk.eu/index.php/BPMN_Ontology#assignment""}, ""text"": ""Assignment From Expression."", ""triple"": [""Assignment"", ""From"", ""Expression""]}, {""characteristics"": [], ""meta"": {""object_iri"": ""http://dkm.fbk.eu/index.php/BPMN_Ontology#property"", ""predicate_iri"": ""http://dkm.fbk.eu/index.php/BPMN_Ontology#has_assignment_to"", ""predicate_type"": ""object"", ""subject_iri"": ""http://dkm.fbk.eu/index.php/BPMN_Ontology#assignment""}, ""text"": ""Assignment To Property."", ""triple"": [""Assignment"", ""To"", ""Property""]}, {""characteristics"": [], ""meta"": {""object_iri"": null, ""predicate_iri"": ""http://dkm.fbk.eu/index.php/BPMN_Ontology#has_expression_expression_body"", ""predicate_type"": ""data"", ""subject_iri"": ""http://dkm.fbk.eu/index.php/BPMN_Ontology#expression""}, ""text"": ""Expression ExpressionBody string."", ""triple"": [""Expression"", ""ExpressionBody"", ""string""]}, {""characteristics"": [], ""meta"": {""object_iri"": null, ""predicate_iri"": ""http://dkm.fbk.eu/index.php/BPMN_Ontology#has_expression_expression_language"", ""predicate_type"": ""data"", ""subject_iri"": ""http://dkm.fbk.eu/index.php/BPMN_Ontology#expression""}, ""text"": ""Expression ExpressionLanguage string."", ""triple"": [""Expression"", ""ExpressionLanguage"", ""string""]}, {""characteristics"": [], ""meta"": {""object_iri"": ""http://dkm.fbk.eu/index.php/BPMN_Ontology#assignment"", ""predicate_iri"": ""http://dkm.fbk.eu/index.php/BPMN_Ontology#has_gate_assignments"", ""predicate_type"": ""object"", ""subject_iri"": ""http://dkm.fbk.eu/index.php/BPMN_Ontology#gate""}, ""text"": ""Gate Assignments Assignment."", ""triple"": [""Gate"", ""Assignments"", ""Assignment""]}, {""characteristics"": [], ""meta"": {""object_iri"": ""http://dkm.fbk.eu/index.php/BPMN_Ontology#sequence_flow"", ""predicate_iri"": ""http://dkm.fbk.eu/index.php/BPMN_Ontology#has_gate_outgoing_sequence_flow_ref"", ""predicate_type"": ""object"", ""subject_iri"": ""http://dkm.fbk.eu/index.php/BPMN_Ontology#gate""}, ""text"": ""Gate OutgoingSequenceFlowRef Sequence Flow."", ""triple"": [""Gate"", ""OutgoingSequenceFlowRef"", ""Sequence Flow""]}, {""characteristics"": [], ""meta"": {""object_iri"": ""http://dkm.fbk.eu/index.php/BPMN_Ontology#participant"", ""predicate_iri"": ""http://dkm.fbk.eu/index.php/BPMN_Ontology#has_message_from_ref"", ""predicate_type"": ""object"", ""subject_iri"": ""http://dkm.fbk.eu/index.php/BPMN_Ontology#message""}, ""text"": ""Message FromRef Participant."", ""triple"": [""Message"", ""FromRef"", ""Participant""]}, {""characteristics"": [], ""meta"": {""object_iri"": null, ""predicate_iri"": ""http://dkm.fbk.eu/index.php/BPMN_Ontology#has_message_name"", ""predicate_type"": ""data"", ""subject_iri"": ""http://dkm.fbk.eu/index.php/BPMN_Ontology#message""}, ""text"": ""Message Name string."", ""triple"": [""Message"", ""Name"", ""string""]}, {""characteristics"": [], ""meta"": {""object_iri"": ""http://dkm.fbk.eu/index.php/BPMN_Ontology#property"", ""predicate_iri"": ""http://dkm.fbk.eu/index.php/BPMN_Ontology#has_message_property"", ""predicate_type"": ""object"", ""subject_iri"": ""http://dkm.fbk.eu/index.php/BPMN_Ontology#message""}, ""text"": ""Message Property Property."", ""triple"": [""Message"", ""Property"", ""Property""]}, {""characteristics"": [], ""meta"": {""object_iri"": ""http://dkm.fbk.eu/index.php/BPMN_Ontology#participant"", ""predicate_iri"": ""http://dkm.fbk.eu/index.php/BPMN_Ontology#has_message_to_ref"", ""predicate_type"": ""object"", ""subject_iri"": ""http://dkm.fbk.eu/index.php/BPMN_Ontology#message""}, ""text"": ""Message ToRef Participant."", ""triple"": [""Message"", ""ToRef"", ""Participant""]}, {""characteristics"": [], ""meta"": {""object_iri"": null, ""predicate_iri"": ""http://dkm.fbk.eu/index.php/BPMN_Ontology#has_message_event_implementation"", ""predicate_type"": ""data"", ""subject_iri"": ""http://dkm.fbk.eu/index.php/BPMN_Ontology#message_event_detail""}, ""text"": ""Message Event Detail Implementation OneOf(['Other', 'Unspecified', 'Web_Service'])."", ""triple"": [""Message Event Detail"", ""Implementation"", ""OneOf(['Other', 'Unspecified', 'Web_Service'])""]}, {""characteristics"": [], ""meta"": {""object_iri"": ""http://dkm.fbk.eu/index.php/BPMN_Ontology#message"", ""predicate_iri"": ""http://dkm.fbk.eu/index.php/BPMN_Ontology#has_message_event_message_ref"", ""predicate_type"": ""object"", ""subject_iri"": ""http://dkm.fbk.eu/index.php/BPMN_Ontology#message_event_detail""}, ""text"": ""Message Event Detail MessageRef Message."", ""triple"": [""Message Event Detail"", ""MessageRef"", ""Message""]}, {""characteristics"": [], ""meta"": {""object_iri"": null, ""predicate_iri"": ""http://dkm.fbk.eu/index.php/BPMN_Ontology#has_participant_participant_type"", ""predicate_type"": ""data"", ""subject_iri"": ""http://dkm.fbk.eu/index.php/BPMN_Ontology#participant""}, ""text"": ""Participant ParticipantType OneOf(['Entity', 'Role'])."", ""triple"": [""Participant"", ""ParticipantType"", ""OneOf(['Entity', 'Role'])""]}, {""characteristics"": [], ""meta"": {""object_iri"": null, ""predicate_iri"": ""http://dkm.fbk.eu/index.php/BPMN_Ontology#has_property_correlation"", ""predicate_type"": ""data"", ""subject_iri"": ""http://dkm.fbk.eu/index.php/BPMN_Ontology#property""}, ""text"": ""Property Correlation boolean."", ""triple"": [""Property"", ""Correlation"", ""boolean""]}, {""characteristics"": [], ""meta"": {""object_iri"": null, ""predicate_iri"": ""http://dkm.fbk.eu/index.php/BPMN_Ontology#has_property_name"", ""predicate_type"": ""data"", ""subject_iri"": ""http://dkm.fbk.eu/index.php/BPMN_Ontology#property""}, ""text"": ""Property Name string."", ""triple"": [""Property"", ""Name"", ""string""]}, {""characteristics"": [], ""meta"": {""object_iri"": ""http://dkm.fbk.eu/index.php/BPMN_Ontology#expression"", ""predicate_iri"": ""http://dkm.fbk.eu/index.php/BPMN_Ontology#has_property_value"", ""predicate_type"": ""object"", ""subject_iri"": ""http://dkm.fbk.eu/index.php/BPMN_Ontology#property""}, ""text"": ""Property Value Expression."", ""triple"": [""Property"", ""Value"", ""Expression""]}, {""characteristics"": [], ""meta"": {""object_iri"": ""http://dkm.fbk.eu/index.php/BPMN_Ontology#expression"", ""predicate_iri"": ""http://dkm.fbk.eu/index.php/BPMN_Ontology#has_sequence_flow_condition_expression"", ""predicate_type"": ""object"", ""subject_iri"": ""http://dkm.fbk.eu/index.php/BPMN_Ontology#sequence_flow""}, ""text"": ""Sequence Flow Condition Expression Expression."", ""triple"": [""Sequence Flow"", ""Condition Expression"", ""Expression""]}, {""characteristics"": [], ""meta"": {""object_iri"": null, ""predicate_iri"": ""http://dkm.fbk.eu/index.php/BPMN_Ontology#has_sequence_flow_condition_type"", ""predicate_type"": ""data"", ""subject_iri"": ""http://dkm.fbk.eu/index.php/BPMN_Ontology#sequence_flow""}, ""text"": ""Sequence Flow Condition Type OneOf(['Default', 'Expression', 'None'])."", ""triple"": [""Sequence Flow"", ""Condition Type"", ""OneOf(['Default', 'Expression', 'None'])""]}]",{}
L4_Business_Finance_Business_Finance_BPMN_property_BPMNOntology_00009,"In the BPMN ontology, given the following set of classes and properties, construct only object- and data-property relationships. Do not output subClassOf triples. Output only triples in the form (subject, predicate, object).

Classes:
- Artifact
- ArtifactOutput
- Gate
- Inclusive Gateway
- Link Event Detail
- Message
- Message Flow
- Participant
- Property
- artifact types

Object Properties:
- ArtifactRef
- DefaultGate
- FromRef
- MessageRef
- Name
- Property
- ToRef

Data Properties:
- Correlation
- Name
- ParticipantType
- ProduceAtCompletion",,"(Artifact, Name, artifact types)
(ArtifactOutput, ArtifactRef, Artifact)
(ArtifactOutput, ProduceAtCompletion, boolean)
(Inclusive Gateway, DefaultGate, Gate)
(Link Event Detail, Name, string)
(Message, FromRef, Participant)
(Message, Name, string)
(Message, Property, Property)
(Message, ToRef, Participant)
(Message Flow, MessageRef, Message)
(Participant, ParticipantType, OneOf(['Entity', 'Role']))
(Property, Correlation, boolean)
(Property, Name, string)",3_4,L4,Property Relation Construction,Learning,Generation,triple_f1,Business_Finance,Business_Finance/BPMN,bench_3_4/Business_Finance/BPMN/BPMNOntology/property_BPMNOntology.json,8,,,,"(Artifact, Name, artifact types)
(ArtifactOutput, ArtifactRef, Artifact)
(ArtifactOutput, ProduceAtCompletion, boolean)
(Inclusive Gateway, DefaultGate, Gate)
(Link Event Detail, Name, string)
(Message, FromRef, Participant)
(Message, Name, string)
(Message, Property, Property)
(Message, ToRef, Participant)
(Message Flow, MessageRef, Message)
(Participant, ParticipantType, OneOf(['Entity', 'Role']))
(Property, Correlation, boolean)
(Property, Name, string)","[""Artifact"", ""ArtifactOutput"", ""Gate"", ""Inclusive Gateway"", ""Link Event Detail"", ""Message"", ""Message Flow"", ""Participant"", ""Property"", ""artifact_types""]","[""ArtifactRef"", ""DefaultGate"", ""FromRef"", ""MessageRef"", ""Name"", ""Property"", ""ToRef""]","[{""characteristics"": [], ""meta"": {""object_iri"": ""http://dkm.fbk.eu/index.php/BPMN_Ontology#artifact_types"", ""predicate_iri"": ""http://dkm.fbk.eu/index.php/BPMN_Ontology#has_artifact_type"", ""predicate_type"": ""object"", ""subject_iri"": ""http://dkm.fbk.eu/index.php/BPMN_Ontology#artifact""}, ""text"": ""Artifact Name artifact_types."", ""triple"": [""Artifact"", ""Name"", ""artifact_types""]}, {""characteristics"": [], ""meta"": {""object_iri"": ""http://dkm.fbk.eu/index.php/BPMN_Ontology#artifact"", ""predicate_iri"": ""http://dkm.fbk.eu/index.php/BPMN_Ontology#has_artifact_output_artifact_ref"", ""predicate_type"": ""object"", ""subject_iri"": ""http://dkm.fbk.eu/index.php/BPMN_Ontology#artifact_output""}, ""text"": ""ArtifactOutput ArtifactRef Artifact."", ""triple"": [""ArtifactOutput"", ""ArtifactRef"", ""Artifact""]}, {""characteristics"": [], ""meta"": {""object_iri"": null, ""predicate_iri"": ""http://dkm.fbk.eu/index.php/BPMN_Ontology#has_artifact_output_produce_at_completion"", ""predicate_type"": ""data"", ""subject_iri"": ""http://dkm.fbk.eu/index.php/BPMN_Ontology#artifact_output""}, ""text"": ""ArtifactOutput ProduceAtCompletion boolean."", ""triple"": [""ArtifactOutput"", ""ProduceAtCompletion"", ""boolean""]}, {""characteristics"": [], ""meta"": {""object_iri"": ""http://dkm.fbk.eu/index.php/BPMN_Ontology#gate"", ""predicate_iri"": ""http://dkm.fbk.eu/index.php/BPMN_Ontology#has_inclusive_gateway_default_gate"", ""predicate_type"": ""object"", ""subject_iri"": ""http://dkm.fbk.eu/index.php/BPMN_Ontology#inclusive_gateway""}, ""text"": ""Inclusive Gateway DefaultGate Gate."", ""triple"": [""Inclusive Gateway"", ""DefaultGate"", ""Gate""]}, {""characteristics"": [], ""meta"": {""object_iri"": null, ""predicate_iri"": ""http://dkm.fbk.eu/index.php/BPMN_Ontology#has_link_event_name"", ""predicate_type"": ""data"", ""subject_iri"": ""http://dkm.fbk.eu/index.php/BPMN_Ontology#link_event_detail""}, ""text"": ""Link Event Detail Name string."", ""triple"": [""Link Event Detail"", ""Name"", ""string""]}, {""characteristics"": [], ""meta"": {""object_iri"": ""http://dkm.fbk.eu/index.php/BPMN_Ontology#participant"", ""predicate_iri"": ""http://dkm.fbk.eu/index.php/BPMN_Ontology#has_message_from_ref"", ""predicate_type"": ""object"", ""subject_iri"": ""http://dkm.fbk.eu/index.php/BPMN_Ontology#message""}, ""text"": ""Message FromRef Participant."", ""triple"": [""Message"", ""FromRef"", ""Participant""]}, {""characteristics"": [], ""meta"": {""object_iri"": null, ""predicate_iri"": ""http://dkm.fbk.eu/index.php/BPMN_Ontology#has_message_name"", ""predicate_type"": ""data"", ""subject_iri"": ""http://dkm.fbk.eu/index.php/BPMN_Ontology#message""}, ""text"": ""Message Name string."", ""triple"": [""Message"", ""Name"", ""string""]}, {""characteristics"": [], ""meta"": {""object_iri"": ""http://dkm.fbk.eu/index.php/BPMN_Ontology#property"", ""predicate_iri"": ""http://dkm.fbk.eu/index.php/BPMN_Ontology#has_message_property"", ""predicate_type"": ""object"", ""subject_iri"": ""http://dkm.fbk.eu/index.php/BPMN_Ontology#message""}, ""text"": ""Message Property Property."", ""triple"": [""Message"", ""Property"", ""Property""]}, {""characteristics"": [], ""meta"": {""object_iri"": ""http://dkm.fbk.eu/index.php/BPMN_Ontology#participant"", ""predicate_iri"": ""http://dkm.fbk.eu/index.php/BPMN_Ontology#has_message_to_ref"", ""predicate_type"": ""object"", ""subject_iri"": ""http://dkm.fbk.eu/index.php/BPMN_Ontology#message""}, ""text"": ""Message ToRef Participant."", ""triple"": [""Message"", ""ToRef"", ""Participant""]}, {""characteristics"": [], ""meta"": {""object_iri"": ""http://dkm.fbk.eu/index.php/BPMN_Ontology#message"", ""predicate_iri"": ""http://dkm.fbk.eu/index.php/BPMN_Ontology#has_message_flow_message_ref"", ""predicate_type"": ""object"", ""subject_iri"": ""http://dkm.fbk.eu/index.php/BPMN_Ontology#message_flow""}, ""text"": ""Message Flow MessageRef Message."", ""triple"": [""Message Flow"", ""MessageRef"", ""Message""]}, {""characteristics"": [], ""meta"": {""object_iri"": null, ""predicate_iri"": ""http://dkm.fbk.eu/index.php/BPMN_Ontology#has_participant_participant_type"", ""predicate_type"": ""data"", ""subject_iri"": ""http://dkm.fbk.eu/index.php/BPMN_Ontology#participant""}, ""text"": ""Participant ParticipantType OneOf(['Entity', 'Role'])."", ""triple"": [""Participant"", ""ParticipantType"", ""OneOf(['Entity', 'Role'])""]}, {""characteristics"": [], ""meta"": {""object_iri"": null, ""predicate_iri"": ""http://dkm.fbk.eu/index.php/BPMN_Ontology#has_property_correlation"", ""predicate_type"": ""data"", ""subject_iri"": ""http://dkm.fbk.eu/index.php/BPMN_Ontology#property""}, ""text"": ""Property Correlation boolean."", ""triple"": [""Property"", ""Correlation"", ""boolean""]}, {""characteristics"": [], ""meta"": {""object_iri"": null, ""predicate_iri"": ""http://dkm.fbk.eu/index.php/BPMN_Ontology#has_property_name"", ""predicate_type"": ""data"", ""subject_iri"": ""http://dkm.fbk.eu/index.php/BPMN_Ontology#property""}, ""text"": ""Property Name string."", ""triple"": [""Property"", ""Name"", ""string""]}]",{}
L4_Business_Finance_Business_Finance_BPMN_property_BPMNOntology_00010,"In the BPMN ontology, given the following set of classes and properties, construct only object- and data-property relationships. Do not output subClassOf triples. Output only triples in the form (subject, predicate, object).

Classes:
- Artifact
- Condition
- Expression
- Message
- Message Event Detail
- Participant
- Property
- TimeDate Expression
- artifact types
- not activity boundary intermediate event

Object Properties:
- ConditionExpression
- FromRef
- MessageRef
- Name
- Property
- ToRef
- Value

Data Properties:
- Correlation
- ExpressionBody
- ExpressionLanguage
- Implementation
- Name
- ParticipantType",,"(Artifact, Name, artifact types)
(Condition, ConditionExpression, Expression)
(Condition, Name, string)
(Expression, ExpressionBody, string)
(Expression, ExpressionLanguage, string)
(Message, FromRef, Participant)
(Message, Name, string)
(Message, Property, Property)
(Message, ToRef, Participant)
(Message Event Detail, Implementation, OneOf(['Other', 'Unspecified', 'Web Service']))
(Message Event Detail, MessageRef, Message)
(Participant, ParticipantType, OneOf(['Entity', 'Role']))
(Property, Correlation, boolean)
(Property, Name, string)
(Property, Value, Expression)",3_4,L4,Property Relation Construction,Learning,Generation,triple_f1,Business_Finance,Business_Finance/BPMN,bench_3_4/Business_Finance/BPMN/BPMNOntology/property_BPMNOntology.json,9,,,,"(Artifact, Name, artifact types)
(Condition, ConditionExpression, Expression)
(Condition, Name, string)
(Expression, ExpressionBody, string)
(Expression, ExpressionLanguage, string)
(Message, FromRef, Participant)
(Message, Name, string)
(Message, Property, Property)
(Message, ToRef, Participant)
(Message Event Detail, Implementation, OneOf(['Other', 'Unspecified', 'Web Service']))
(Message Event Detail, MessageRef, Message)
(Participant, ParticipantType, OneOf(['Entity', 'Role']))
(Property, Correlation, boolean)
(Property, Name, string)
(Property, Value, Expression)","[""Artifact"", ""Condition"", ""Expression"", ""Message"", ""Message Event Detail"", ""Participant"", ""Property"", ""TimeDate Expression"", ""artifact_types"", ""not_activity_boundary_intermediate_event""]","[""ConditionExpression"", ""FromRef"", ""MessageRef"", ""Name"", ""Property"", ""ToRef"", ""Value""]","[{""characteristics"": [], ""meta"": {""object_iri"": ""http://dkm.fbk.eu/index.php/BPMN_Ontology#artifact_types"", ""predicate_iri"": ""http://dkm.fbk.eu/index.php/BPMN_Ontology#has_artifact_type"", ""predicate_type"": ""object"", ""subject_iri"": ""http://dkm.fbk.eu/index.php/BPMN_Ontology#artifact""}, ""text"": ""Artifact Name artifact_types."", ""triple"": [""Artifact"", ""Name"", ""artifact_types""]}, {""characteristics"": [], ""meta"": {""object_iri"": ""http://dkm.fbk.eu/index.php/BPMN_Ontology#expression"", ""predicate_iri"": ""http://dkm.fbk.eu/index.php/BPMN_Ontology#has_condition_condition_expression"", ""predicate_type"": ""object"", ""subject_iri"": ""http://dkm.fbk.eu/index.php/BPMN_Ontology#condition""}, ""text"": ""Condition ConditionExpression Expression."", ""triple"": [""Condition"", ""ConditionExpression"", ""Expression""]}, {""characteristics"": [], ""meta"": {""object_iri"": null, ""predicate_iri"": ""http://dkm.fbk.eu/index.php/BPMN_Ontology#has_condition_name"", ""predicate_type"": ""data"", ""subject_iri"": ""http://dkm.fbk.eu/index.php/BPMN_Ontology#condition""}, ""text"": ""Condition Name string."", ""triple"": [""Condition"", ""Name"", ""string""]}, {""characteristics"": [], ""meta"": {""object_iri"": null, ""predicate_iri"": ""http://dkm.fbk.eu/index.php/BPMN_Ontology#has_expression_expression_body"", ""predicate_type"": ""data"", ""subject_iri"": ""http://dkm.fbk.eu/index.php/BPMN_Ontology#expression""}, ""text"": ""Expression ExpressionBody string."", ""triple"": [""Expression"", ""ExpressionBody"", ""string""]}, {""characteristics"": [], ""meta"": {""object_iri"": null, ""predicate_iri"": ""http://dkm.fbk.eu/index.php/BPMN_Ontology#has_expression_expression_language"", ""predicate_type"": ""data"", ""subject_iri"": ""http://dkm.fbk.eu/index.php/BPMN_Ontology#expression""}, ""text"": ""Expression ExpressionLanguage string."", ""triple"": [""Expression"", ""ExpressionLanguage"", ""string""]}, {""characteristics"": [], ""meta"": {""object_iri"": ""http://dkm.fbk.eu/index.php/BPMN_Ontology#participant"", ""predicate_iri"": ""http://dkm.fbk.eu/index.php/BPMN_Ontology#has_message_from_ref"", ""predicate_type"": ""object"", ""subject_iri"": ""http://dkm.fbk.eu/index.php/BPMN_Ontology#message""}, ""text"": ""Message FromRef Participant."", ""triple"": [""Message"", ""FromRef"", ""Participant""]}, {""characteristics"": [], ""meta"": {""object_iri"": null, ""predicate_iri"": ""http://dkm.fbk.eu/index.php/BPMN_Ontology#has_message_name"", ""predicate_type"": ""data"", ""subject_iri"": ""http://dkm.fbk.eu/index.php/BPMN_Ontology#message""}, ""text"": ""Message Name string."", ""triple"": [""Message"", ""Name"", ""string""]}, {""characteristics"": [], ""meta"": {""object_iri"": ""http://dkm.fbk.eu/index.php/BPMN_Ontology#property"", ""predicate_iri"": ""http://dkm.fbk.eu/index.php/BPMN_Ontology#has_message_property"", ""predicate_type"": ""object"", ""subject_iri"": ""http://dkm.fbk.eu/index.php/BPMN_Ontology#message""}, ""text"": ""Message Property Property."", ""triple"": [""Message"", ""Property"", ""Property""]}, {""characteristics"": [], ""meta"": {""object_iri"": ""http://dkm.fbk.eu/index.php/BPMN_Ontology#participant"", ""predicate_iri"": ""http://dkm.fbk.eu/index.php/BPMN_Ontology#has_message_to_ref"", ""predicate_type"": ""object"", ""subject_iri"": ""http://dkm.fbk.eu/index.php/BPMN_Ontology#message""}, ""text"": ""Message ToRef Participant."", ""triple"": [""Message"", ""ToRef"", ""Participant""]}, {""characteristics"": [], ""meta"": {""object_iri"": null, ""predicate_iri"": ""http://dkm.fbk.eu/index.php/BPMN_Ontology#has_message_event_implementation"", ""predicate_type"": ""data"", ""subject_iri"": ""http://dkm.fbk.eu/index.php/BPMN_Ontology#message_event_detail""}, ""text"": ""Message Event Detail Implementation OneOf(['Other', 'Unspecified', 'Web_Service'])."", ""triple"": [""Message Event Detail"", ""Implementation"", ""OneOf(['Other', 'Unspecified', 'Web_Service'])""]}, {""characteristics"": [], ""meta"": {""object_iri"": ""http://dkm.fbk.eu/index.php/BPMN_Ontology#message"", ""predicate_iri"": ""http://dkm.fbk.eu/index.php/BPMN_Ontology#has_message_event_message_ref"", ""predicate_type"": ""object"", ""subject_iri"": ""http://dkm.fbk.eu/index.php/BPMN_Ontology#message_event_detail""}, ""text"": ""Message Event Detail MessageRef Message."", ""triple"": [""Message Event Detail"", ""MessageRef"", ""Message""]}, {""characteristics"": [], ""meta"": {""object_iri"": null, ""predicate_iri"": ""http://dkm.fbk.eu/index.php/BPMN_Ontology#has_participant_participant_type"", ""predicate_type"": ""data"", ""subject_iri"": ""http://dkm.fbk.eu/index.php/BPMN_Ontology#participant""}, ""text"": ""Participant ParticipantType OneOf(['Entity', 'Role'])."", ""triple"": [""Participant"", ""ParticipantType"", ""OneOf(['Entity', 'Role'])""]}, {""characteristics"": [], ""meta"": {""object_iri"": null, ""predicate_iri"": ""http://dkm.fbk.eu/index.php/BPMN_Ontology#has_property_correlation"", ""predicate_type"": ""data"", ""subject_iri"": ""http://dkm.fbk.eu/index.php/BPMN_Ontology#property""}, ""text"": ""Property Correlation boolean."", ""triple"": [""Property"", ""Correlation"", ""boolean""]}, {""characteristics"": [], ""meta"": {""object_iri"": null, ""predicate_iri"": ""http://dkm.fbk.eu/index.php/BPMN_Ontology#has_property_name"", ""predicate_type"": ""data"", ""subject_iri"": ""http://dkm.fbk.eu/index.php/BPMN_Ontology#property""}, ""text"": ""Property Name string."", ""triple"": [""Property"", ""Name"", ""string""]}, {""characteristics"": [], ""meta"": {""object_iri"": ""http://dkm.fbk.eu/index.php/BPMN_Ontology#expression"", ""predicate_iri"": ""http://dkm.fbk.eu/index.php/BPMN_Ontology#has_property_value"", ""predicate_type"": ""object"", ""subject_iri"": ""http://dkm.fbk.eu/index.php/BPMN_Ontology#property""}, ""text"": ""Property Value Expression."", ""triple"": [""Property"", ""Value"", ""Expression""]}]",{}
L4_Business_Finance_Business_Finance_BPMN_property_BPMNOntology_00011,"In the BPMN ontology, given the following set of classes and properties, construct only object- and data-property relationships. Do not output subClassOf triples. Output only triples in the form (subject, predicate, object).

Classes:
- Activity
- Activity Types
- Assignment
- Category
- Expression
- Input Set
- Intermediate
- Loop Types
- Property
- TimeDate Expression

Object Properties:
- ActivityType
- From
- IO Rules
- Properties
- PropertyInput
- Target
- To
- Value

Data Properties:
- AssignTime
- CompletionQuantity
- Correlation
- ExpressionBody
- ExpressionLanguage
- Name
- Performers",,"(Activity, ActivityType, Activity Types)
(Activity, CompletionQuantity, integer)
(Activity, IO Rules, Expression)
(Activity, Performers, string)
(Activity, Properties, Property)
(Assignment, AssignTime, OneOf(['End', 'Start']))
(Assignment, From, Expression)
(Assignment, To, Property)
(Category, Name, string)
(Expression, ExpressionBody, string)
(Expression, ExpressionLanguage, string)
(Input Set, PropertyInput, Property)
(Intermediate, Target, Activity)
(Property, Correlation, boolean)
(Property, Name, string)
(Property, Value, Expression)",3_4,L4,Property Relation Construction,Learning,Generation,triple_f1,Business_Finance,Business_Finance/BPMN,bench_3_4/Business_Finance/BPMN/BPMNOntology/property_BPMNOntology.json,10,,,,"(Activity, ActivityType, Activity Types)
(Activity, CompletionQuantity, integer)
(Activity, IO Rules, Expression)
(Activity, Performers, string)
(Activity, Properties, Property)
(Assignment, AssignTime, OneOf(['End', 'Start']))
(Assignment, From, Expression)
(Assignment, To, Property)
(Category, Name, string)
(Expression, ExpressionBody, string)
(Expression, ExpressionLanguage, string)
(Input Set, PropertyInput, Property)
(Intermediate, Target, Activity)
(Property, Correlation, boolean)
(Property, Name, string)
(Property, Value, Expression)","[""Activity"", ""Activity Types"", ""Assignment"", ""Category"", ""Expression"", ""Input Set"", ""Intermediate"", ""Loop Types"", ""Property"", ""TimeDate Expression""]","[""ActivityType"", ""From"", ""IO Rules"", ""Properties"", ""PropertyInput"", ""Target"", ""To"", ""Value""]","[{""characteristics"": [], ""meta"": {""object_iri"": ""http://dkm.fbk.eu/index.php/BPMN_Ontology#activity_types"", ""predicate_iri"": ""http://dkm.fbk.eu/index.php/BPMN_Ontology#has_activity_activity_type"", ""predicate_type"": ""object"", ""subject_iri"": ""http://dkm.fbk.eu/index.php/BPMN_Ontology#activity""}, ""text"": ""Activity ActivityType Activity Types."", ""triple"": [""Activity"", ""ActivityType"", ""Activity Types""]}, {""characteristics"": [], ""meta"": {""object_iri"": null, ""predicate_iri"": ""http://dkm.fbk.eu/index.php/BPMN_Ontology#has_activity_completion_quantity"", ""predicate_type"": ""data"", ""subject_iri"": ""http://dkm.fbk.eu/index.php/BPMN_Ontology#activity""}, ""text"": ""Activity CompletionQuantity integer."", ""triple"": [""Activity"", ""CompletionQuantity"", ""integer""]}, {""characteristics"": [], ""meta"": {""object_iri"": ""http://dkm.fbk.eu/index.php/BPMN_Ontology#expression"", ""predicate_iri"": ""http://dkm.fbk.eu/index.php/BPMN_Ontology#has_activity_IO_rules"", ""predicate_type"": ""object"", ""subject_iri"": ""http://dkm.fbk.eu/index.php/BPMN_Ontology#activity""}, ""text"": ""Activity IO Rules Expression."", ""triple"": [""Activity"", ""IO Rules"", ""Expression""]}, {""characteristics"": [], ""meta"": {""object_iri"": null, ""predicate_iri"": ""http://dkm.fbk.eu/index.php/BPMN_Ontology#has_activity_performers"", ""predicate_type"": ""data"", ""subject_iri"": ""http://dkm.fbk.eu/index.php/BPMN_Ontology#activity""}, ""text"": ""Activity Performers string."", ""triple"": [""Activity"", ""Performers"", ""string""]}, {""characteristics"": [], ""meta"": {""object_iri"": ""http://dkm.fbk.eu/index.php/BPMN_Ontology#property"", ""predicate_iri"": ""http://dkm.fbk.eu/index.php/BPMN_Ontology#has_activity_properties"", ""predicate_type"": ""object"", ""subject_iri"": ""http://dkm.fbk.eu/index.php/BPMN_Ontology#activity""}, ""text"": ""Activity Properties Property."", ""triple"": [""Activity"", ""Properties"", ""Property""]}, {""characteristics"": [], ""meta"": {""object_iri"": null, ""predicate_iri"": ""http://dkm.fbk.eu/index.php/BPMN_Ontology#has_assignment_assign_time"", ""predicate_type"": ""data"", ""subject_iri"": ""http://dkm.fbk.eu/index.php/BPMN_Ontology#assignment""}, ""text"": ""Assignment AssignTime OneOf(['End', 'Start'])."", ""triple"": [""Assignment"", ""AssignTime"", ""OneOf(['End', 'Start'])""]}, {""characteristics"": [], ""meta"": {""object_iri"": ""http://dkm.fbk.eu/index.php/BPMN_Ontology#expression"", ""predicate_iri"": ""http://dkm.fbk.eu/index.php/BPMN_Ontology#has_assignment_from"", ""predicate_type"": ""object"", ""subject_iri"": ""http://dkm.fbk.eu/index.php/BPMN_Ontology#assignment""}, ""text"": ""Assignment From Expression."", ""triple"": [""Assignment"", ""From"", ""Expression""]}, {""characteristics"": [], ""meta"": {""object_iri"": ""http://dkm.fbk.eu/index.php/BPMN_Ontology#property"", ""predicate_iri"": ""http://dkm.fbk.eu/index.php/BPMN_Ontology#has_assignment_to"", ""predicate_type"": ""object"", ""subject_iri"": ""http://dkm.fbk.eu/index.php/BPMN_Ontology#assignment""}, ""text"": ""Assignment To Property."", ""triple"": [""Assignment"", ""To"", ""Property""]}, {""characteristics"": [], ""meta"": {""object_iri"": null, ""predicate_iri"": ""http://dkm.fbk.eu/index.php/BPMN_Ontology#has_category_name"", ""predicate_type"": ""data"", ""subject_iri"": ""http://dkm.fbk.eu/index.php/BPMN_Ontology#category""}, ""text"": ""Category Name string."", ""triple"": [""Category"", ""Name"", ""string""]}, {""characteristics"": [], ""meta"": {""object_iri"": null, ""predicate_iri"": ""http://dkm.fbk.eu/index.php/BPMN_Ontology#has_expression_expression_body"", ""predicate_type"": ""data"", ""subject_iri"": ""http://dkm.fbk.eu/index.php/BPMN_Ontology#expression""}, ""text"": ""Expression ExpressionBody string."", ""triple"": [""Expression"", ""ExpressionBody"", ""string""]}, {""characteristics"": [], ""meta"": {""object_iri"": null, ""predicate_iri"": ""http://dkm.fbk.eu/index.php/BPMN_Ontology#has_expression_expression_language"", ""predicate_type"": ""data"", ""subject_iri"": ""http://dkm.fbk.eu/index.php/BPMN_Ontology#expression""}, ""text"": ""Expression ExpressionLanguage string."", ""triple"": [""Expression"", ""ExpressionLanguage"", ""string""]}, {""characteristics"": [], ""meta"": {""object_iri"": ""http://dkm.fbk.eu/index.php/BPMN_Ontology#property"", ""predicate_iri"": ""http://dkm.fbk.eu/index.php/BPMN_Ontology#has_input_set_property_input"", ""predicate_type"": ""object"", ""subject_iri"": ""http://dkm.fbk.eu/index.php/BPMN_Ontology#input_set""}, ""text"": ""Input Set PropertyInput Property."", ""triple"": [""Input Set"", ""PropertyInput"", ""Property""]}, {""characteristics"": [], ""meta"": {""object_iri"": ""http://dkm.fbk.eu/index.php/BPMN_Ontology#activity"", ""predicate_iri"": ""http://dkm.fbk.eu/index.php/BPMN_Ontology#has_intermediate_event_target"", ""predicate_type"": ""object"", ""subject_iri"": ""http://dkm.fbk.eu/index.php/BPMN_Ontology#intermediate_event""}, ""text"": ""Intermediate Target Activity."", ""triple"": [""Intermediate"", ""Target"", ""Activity""]}, {""characteristics"": [], ""meta"": {""object_iri"": null, ""predicate_iri"": ""http://dkm.fbk.eu/index.php/BPMN_Ontology#has_property_correlation"", ""predicate_type"": ""data"", ""subject_iri"": ""http://dkm.fbk.eu/index.php/BPMN_Ontology#property""}, ""text"": ""Property Correlation boolean."", ""triple"": [""Property"", ""Correlation"", ""boolean""]}, {""characteristics"": [], ""meta"": {""object_iri"": null, ""predicate_iri"": ""http://dkm.fbk.eu/index.php/BPMN_Ontology#has_property_name"", ""predicate_type"": ""data"", ""subject_iri"": ""http://dkm.fbk.eu/index.php/BPMN_Ontology#property""}, ""text"": ""Property Name string."", ""triple"": [""Property"", ""Name"", ""string""]}, {""characteristics"": [], ""meta"": {""object_iri"": ""http://dkm.fbk.eu/index.php/BPMN_Ontology#expression"", ""predicate_iri"": ""http://dkm.fbk.eu/index.php/BPMN_Ontology#has_property_value"", ""predicate_type"": ""object"", ""subject_iri"": ""http://dkm.fbk.eu/index.php/BPMN_Ontology#property""}, ""text"": ""Property Value Expression."", ""triple"": [""Property"", ""Value"", ""Expression""]}]",{}
L4_Business_Finance_Business_Finance_BPMN_property_BPMNOntology_00012,"In the BPMN ontology, given the following set of classes and properties, construct only object- and data-property relationships. Do not output subClassOf triples. Output only triples in the form (subject, predicate, object).

Classes:
- BPMN element
- Business Process Diagram
- Category
- Gate
- Inclusive Gateway
- Lane
- Message
- Object
- Pool
- Send Task

Object Properties:
- Category
- DefaultGate
- Id
- Lanes
- MessageRef
- Pools

Data Properties:
- Documentation
- Id
- Implementation
- Language
- Name
- Version
- boundary visible
- main pool",,"(BPMN element, Category, Category)
(BPMN element, Documentation, string)
(BPMN element, Id, Object)
(Business Process Diagram, Id, Object)
(Business Process Diagram, Language, string)
(Business Process Diagram, Pools, Pool)
(Business Process Diagram, Version, string)
(Category, Name, string)
(Inclusive Gateway, DefaultGate, Gate)
(Lane, Lanes, Lane)
(Message, Name, string)
(Object, Id, string)
(Pool, Lanes, Lane)
(Pool, boundary visible, boolean)
(Pool, main pool, boolean)
(Send Task, Implementation, OneOf(['Other', 'Unspecified', 'Web Service']))
(Send Task, MessageRef, Message)",3_4,L4,Property Relation Construction,Learning,Generation,triple_f1,Business_Finance,Business_Finance/BPMN,bench_3_4/Business_Finance/BPMN/BPMNOntology/property_BPMNOntology.json,11,,,,"(BPMN element, Category, Category)
(BPMN element, Documentation, string)
(BPMN element, Id, Object)
(Business Process Diagram, Id, Object)
(Business Process Diagram, Language, string)
(Business Process Diagram, Pools, Pool)
(Business Process Diagram, Version, string)
(Category, Name, string)
(Inclusive Gateway, DefaultGate, Gate)
(Lane, Lanes, Lane)
(Message, Name, string)
(Object, Id, string)
(Pool, Lanes, Lane)
(Pool, boundary visible, boolean)
(Pool, main pool, boolean)
(Send Task, Implementation, OneOf(['Other', 'Unspecified', 'Web Service']))
(Send Task, MessageRef, Message)","[""BPMN element"", ""Business Process Diagram"", ""Category"", ""Gate"", ""Inclusive Gateway"", ""Lane"", ""Message"", ""Object"", ""Pool"", ""Send Task""]","[""Category"", ""DefaultGate"", ""Id"", ""Lanes"", ""MessageRef"", ""Pools""]","[{""characteristics"": [], ""meta"": {""object_iri"": ""http://dkm.fbk.eu/index.php/BPMN_Ontology#category"", ""predicate_iri"": ""http://dkm.fbk.eu/index.php/BPMN_Ontology#has_BPMN_element_category"", ""predicate_type"": ""object"", ""subject_iri"": ""http://dkm.fbk.eu/index.php/BPMN_Ontology#BPMN_element""}, ""text"": ""BPMN element Category Category."", ""triple"": [""BPMN element"", ""Category"", ""Category""]}, {""characteristics"": [], ""meta"": {""object_iri"": null, ""predicate_iri"": ""http://dkm.fbk.eu/index.php/BPMN_Ontology#has_BPMN_element_documentation"", ""predicate_type"": ""data"", ""subject_iri"": ""http://dkm.fbk.eu/index.php/BPMN_Ontology#BPMN_element""}, ""text"": ""BPMN element Documentation string."", ""triple"": [""BPMN element"", ""Documentation"", ""string""]}, {""characteristics"": [], ""meta"": {""object_iri"": ""http://dkm.fbk.eu/index.php/BPMN_Ontology#object"", ""predicate_iri"": ""http://dkm.fbk.eu/index.php/BPMN_Ontology#has_BPMN_element_id"", ""predicate_type"": ""object"", ""subject_iri"": ""http://dkm.fbk.eu/index.php/BPMN_Ontology#BPMN_element""}, ""text"": ""BPMN element Id Object."", ""triple"": [""BPMN element"", ""Id"", ""Object""]}, {""characteristics"": [], ""meta"": {""object_iri"": ""http://dkm.fbk.eu/index.php/BPMN_Ontology#object"", ""predicate_iri"": ""http://dkm.fbk.eu/index.php/BPMN_Ontology#has_business_process_diagram_id"", ""predicate_type"": ""object"", ""subject_iri"": ""http://dkm.fbk.eu/index.php/BPMN_Ontology#business_process_diagram""}, ""text"": ""Business Process Diagram Id Object."", ""triple"": [""Business Process Diagram"", ""Id"", ""Object""]}, {""characteristics"": [], ""meta"": {""object_iri"": null, ""predicate_iri"": ""http://dkm.fbk.eu/index.php/BPMN_Ontology#has_business_process_diagram_language"", ""predicate_type"": ""data"", ""subject_iri"": ""http://dkm.fbk.eu/index.php/BPMN_Ontology#business_process_diagram""}, ""text"": ""Business Process Diagram Language string."", ""triple"": [""Business Process Diagram"", ""Language"", ""string""]}, {""characteristics"": [], ""meta"": {""object_iri"": ""http://dkm.fbk.eu/index.php/BPMN_Ontology#pool"", ""predicate_iri"": ""http://dkm.fbk.eu/index.php/BPMN_Ontology#has_business_process_diagram_pools"", ""predicate_type"": ""object"", ""subject_iri"": ""http://dkm.fbk.eu/index.php/BPMN_Ontology#business_process_diagram""}, ""text"": ""Business Process Diagram Pools Pool."", ""triple"": [""Business Process Diagram"", ""Pools"", ""Pool""]}, {""characteristics"": [], ""meta"": {""object_iri"": null, ""predicate_iri"": ""http://dkm.fbk.eu/index.php/BPMN_Ontology#has_business_process_diagram_version"", ""predicate_type"": ""data"", ""subject_iri"": ""http://dkm.fbk.eu/index.php/BPMN_Ontology#business_process_diagram""}, ""text"": ""Business Process Diagram Version string."", ""triple"": [""Business Process Diagram"", ""Version"", ""string""]}, {""characteristics"": [], ""meta"": {""object_iri"": null, ""predicate_iri"": ""http://dkm.fbk.eu/index.php/BPMN_Ontology#has_category_name"", ""predicate_type"": ""data"", ""subject_iri"": ""http://dkm.fbk.eu/index.php/BPMN_Ontology#category""}, ""text"": ""Category Name string."", ""triple"": [""Category"", ""Name"", ""string""]}, {""characteristics"": [], ""meta"": {""object_iri"": ""http://dkm.fbk.eu/index.php/BPMN_Ontology#gate"", ""predicate_iri"": ""http://dkm.fbk.eu/index.php/BPMN_Ontology#has_inclusive_gateway_default_gate"", ""predicate_type"": ""object"", ""subject_iri"": ""http://dkm.fbk.eu/index.php/BPMN_Ontology#inclusive_gateway""}, ""text"": ""Inclusive Gateway DefaultGate Gate."", ""triple"": [""Inclusive Gateway"", ""DefaultGate"", ""Gate""]}, {""characteristics"": [], ""meta"": {""object_iri"": ""http://dkm.fbk.eu/index.php/BPMN_Ontology#lane"", ""predicate_iri"": ""http://dkm.fbk.eu/index.php/BPMN_Ontology#has_lane_lanes"", ""predicate_type"": ""object"", ""subject_iri"": ""http://dkm.fbk.eu/index.php/BPMN_Ontology#lane""}, ""text"": ""Lane Lanes Lane."", ""triple"": [""Lane"", ""Lanes"", ""Lane""]}, {""characteristics"": [], ""meta"": {""object_iri"": null, ""predicate_iri"": ""http://dkm.fbk.eu/index.php/BPMN_Ontology#has_message_name"", ""predicate_type"": ""data"", ""subject_iri"": ""http://dkm.fbk.eu/index.php/BPMN_Ontology#message""}, ""text"": ""Message Name string."", ""triple"": [""Message"", ""Name"", ""string""]}, {""characteristics"": [], ""meta"": {""object_iri"": null, ""predicate_iri"": ""http://dkm.fbk.eu/index.php/BPMN_Ontology#has_object_id"", ""predicate_type"": ""data"", ""subject_iri"": ""http://dkm.fbk.eu/index.php/BPMN_Ontology#object""}, ""text"": ""Object Id string."", ""triple"": [""Object"", ""Id"", ""string""]}, {""characteristics"": [], ""meta"": {""object_iri"": ""http://dkm.fbk.eu/index.php/BPMN_Ontology#lane"", ""predicate_iri"": ""http://dkm.fbk.eu/index.php/BPMN_Ontology#has_pool_lanes"", ""predicate_type"": ""object"", ""subject_iri"": ""http://dkm.fbk.eu/index.php/BPMN_Ontology#pool""}, ""text"": ""Pool Lanes Lane."", ""triple"": [""Pool"", ""Lanes"", ""Lane""]}, {""characteristics"": [], ""meta"": {""object_iri"": null, ""predicate_iri"": ""http://dkm.fbk.eu/index.php/BPMN_Ontology#has_pool_boundary_visible"", ""predicate_type"": ""data"", ""subject_iri"": ""http://dkm.fbk.eu/index.php/BPMN_Ontology#pool""}, ""text"": ""Pool boundary_visible boolean."", ""triple"": [""Pool"", ""boundary_visible"", ""boolean""]}, {""characteristics"": [], ""meta"": {""object_iri"": null, ""predicate_iri"": ""http://dkm.fbk.eu/index.php/BPMN_Ontology#has_pool_main_pool"", ""predicate_type"": ""data"", ""subject_iri"": ""http://dkm.fbk.eu/index.php/BPMN_Ontology#pool""}, ""text"": ""Pool main_pool boolean."", ""triple"": [""Pool"", ""main_pool"", ""boolean""]}, {""characteristics"": [], ""meta"": {""object_iri"": null, ""predicate_iri"": ""http://dkm.fbk.eu/index.php/BPMN_Ontology#has_send_task_implementation"", ""predicate_type"": ""data"", ""subject_iri"": ""http://dkm.fbk.eu/index.php/BPMN_Ontology#send_task""}, ""text"": ""Send Task Implementation OneOf(['Other', 'Unspecified', 'Web_Service'])."", ""triple"": [""Send Task"", ""Implementation"", ""OneOf(['Other', 'Unspecified', 'Web_Service'])""]}, {""characteristics"": [], ""meta"": {""object_iri"": ""http://dkm.fbk.eu/index.php/BPMN_Ontology#message"", ""predicate_iri"": ""http://dkm.fbk.eu/index.php/BPMN_Ontology#has_send_task_message_ref"", ""predicate_type"": ""object"", ""subject_iri"": ""http://dkm.fbk.eu/index.php/BPMN_Ontology#send_task""}, ""text"": ""Send Task MessageRef Message."", ""triple"": [""Send Task"", ""MessageRef"", ""Message""]}]",{}
L4_Business_Finance_Business_Finance_BPMN_property_BPMNOntology_00013,"In the BPMN ontology, given the following set of classes and properties, construct only object- and data-property relationships. Do not output subClassOf triples. Output only triples in the form (subject, predicate, object).

Classes:
- Category
- Entity
- Expression
- Message
- Parallel Gateway
- Participant
- Property
- Reference Sub-process
- Role
- Sub-process

Object Properties:
- EntityRef
- FromRef
- Property
- RoleRef
- SubProcessRef
- ToRef
- Value

Data Properties:
- Correlation
- ExpressionBody
- ExpressionLanguage
- IsATransaction
- Name
- ParticipantType",,"(Category, Name, string)
(Entity, Name, string)
(Expression, ExpressionBody, string)
(Expression, ExpressionLanguage, string)
(Message, FromRef, Participant)
(Message, Name, string)
(Message, Property, Property)
(Message, ToRef, Participant)
(Participant, EntityRef, Entity)
(Participant, ParticipantType, OneOf(['Entity', 'Role']))
(Participant, RoleRef, Role)
(Property, Correlation, boolean)
(Property, Name, string)
(Property, Value, Expression)
(Reference Sub-process, SubProcessRef, Sub-process)
(Role, Name, string)
(Sub-process, IsATransaction, boolean)",3_4,L4,Property Relation Construction,Learning,Generation,triple_f1,Business_Finance,Business_Finance/BPMN,bench_3_4/Business_Finance/BPMN/BPMNOntology/property_BPMNOntology.json,12,,,,"(Category, Name, string)
(Entity, Name, string)
(Expression, ExpressionBody, string)
(Expression, ExpressionLanguage, string)
(Message, FromRef, Participant)
(Message, Name, string)
(Message, Property, Property)
(Message, ToRef, Participant)
(Participant, EntityRef, Entity)
(Participant, ParticipantType, OneOf(['Entity', 'Role']))
(Participant, RoleRef, Role)
(Property, Correlation, boolean)
(Property, Name, string)
(Property, Value, Expression)
(Reference Sub-process, SubProcessRef, Sub-process)
(Role, Name, string)
(Sub-process, IsATransaction, boolean)","[""Category"", ""Entity"", ""Expression"", ""Message"", ""Parallel Gateway"", ""Participant"", ""Property"", ""Reference Sub-process"", ""Role"", ""Sub-process""]","[""EntityRef"", ""FromRef"", ""Property"", ""RoleRef"", ""SubProcessRef"", ""ToRef"", ""Value""]","[{""characteristics"": [], ""meta"": {""object_iri"": null, ""predicate_iri"": ""http://dkm.fbk.eu/index.php/BPMN_Ontology#has_category_name"", ""predicate_type"": ""data"", ""subject_iri"": ""http://dkm.fbk.eu/index.php/BPMN_Ontology#category""}, ""text"": ""Category Name string."", ""triple"": [""Category"", ""Name"", ""string""]}, {""characteristics"": [], ""meta"": {""object_iri"": null, ""predicate_iri"": ""http://dkm.fbk.eu/index.php/BPMN_Ontology#has_entity_name"", ""predicate_type"": ""data"", ""subject_iri"": ""http://dkm.fbk.eu/index.php/BPMN_Ontology#entity""}, ""text"": ""Entity Name string."", ""triple"": [""Entity"", ""Name"", ""string""]}, {""characteristics"": [], ""meta"": {""object_iri"": null, ""predicate_iri"": ""http://dkm.fbk.eu/index.php/BPMN_Ontology#has_expression_expression_body"", ""predicate_type"": ""data"", ""subject_iri"": ""http://dkm.fbk.eu/index.php/BPMN_Ontology#expression""}, ""text"": ""Expression ExpressionBody string."", ""triple"": [""Expression"", ""ExpressionBody"", ""string""]}, {""characteristics"": [], ""meta"": {""object_iri"": null, ""predicate_iri"": ""http://dkm.fbk.eu/index.php/BPMN_Ontology#has_expression_expression_language"", ""predicate_type"": ""data"", ""subject_iri"": ""http://dkm.fbk.eu/index.php/BPMN_Ontology#expression""}, ""text"": ""Expression ExpressionLanguage string."", ""triple"": [""Expression"", ""ExpressionLanguage"", ""string""]}, {""characteristics"": [], ""meta"": {""object_iri"": ""http://dkm.fbk.eu/index.php/BPMN_Ontology#participant"", ""predicate_iri"": ""http://dkm.fbk.eu/index.php/BPMN_Ontology#has_message_from_ref"", ""predicate_type"": ""object"", ""subject_iri"": ""http://dkm.fbk.eu/index.php/BPMN_Ontology#message""}, ""text"": ""Message FromRef Participant."", ""triple"": [""Message"", ""FromRef"", ""Participant""]}, {""characteristics"": [], ""meta"": {""object_iri"": null, ""predicate_iri"": ""http://dkm.fbk.eu/index.php/BPMN_Ontology#has_message_name"", ""predicate_type"": ""data"", ""subject_iri"": ""http://dkm.fbk.eu/index.php/BPMN_Ontology#message""}, ""text"": ""Message Name string."", ""triple"": [""Message"", ""Name"", ""string""]}, {""characteristics"": [], ""meta"": {""object_iri"": ""http://dkm.fbk.eu/index.php/BPMN_Ontology#property"", ""predicate_iri"": ""http://dkm.fbk.eu/index.php/BPMN_Ontology#has_message_property"", ""predicate_type"": ""object"", ""subject_iri"": ""http://dkm.fbk.eu/index.php/BPMN_Ontology#message""}, ""text"": ""Message Property Property."", ""triple"": [""Message"", ""Property"", ""Property""]}, {""characteristics"": [], ""meta"": {""object_iri"": ""http://dkm.fbk.eu/index.php/BPMN_Ontology#participant"", ""predicate_iri"": ""http://dkm.fbk.eu/index.php/BPMN_Ontology#has_message_to_ref"", ""predicate_type"": ""object"", ""subject_iri"": ""http://dkm.fbk.eu/index.php/BPMN_Ontology#message""}, ""text"": ""Message ToRef Participant."", ""triple"": [""Message"", ""ToRef"", ""Participant""]}, {""characteristics"": [], ""meta"": {""object_iri"": ""http://dkm.fbk.eu/index.php/BPMN_Ontology#entity"", ""predicate_iri"": ""http://dkm.fbk.eu/index.php/BPMN_Ontology#has_participant_entity_ref"", ""predicate_type"": ""object"", ""subject_iri"": ""http://dkm.fbk.eu/index.php/BPMN_Ontology#participant""}, ""text"": ""Participant EntityRef Entity."", ""triple"": [""Participant"", ""EntityRef"", ""Entity""]}, {""characteristics"": [], ""meta"": {""object_iri"": null, ""predicate_iri"": ""http://dkm.fbk.eu/index.php/BPMN_Ontology#has_participant_participant_type"", ""predicate_type"": ""data"", ""subject_iri"": ""http://dkm.fbk.eu/index.php/BPMN_Ontology#participant""}, ""text"": ""Participant ParticipantType OneOf(['Entity', 'Role'])."", ""triple"": [""Participant"", ""ParticipantType"", ""OneOf(['Entity', 'Role'])""]}, {""characteristics"": [], ""meta"": {""object_iri"": ""http://dkm.fbk.eu/index.php/BPMN_Ontology#role"", ""predicate_iri"": ""http://dkm.fbk.eu/index.php/BPMN_Ontology#has_participant_role_ref"", ""predicate_type"": ""object"", ""subject_iri"": ""http://dkm.fbk.eu/index.php/BPMN_Ontology#participant""}, ""text"": ""Participant RoleRef Role."", ""triple"": [""Participant"", ""RoleRef"", ""Role""]}, {""characteristics"": [], ""meta"": {""object_iri"": null, ""predicate_iri"": ""http://dkm.fbk.eu/index.php/BPMN_Ontology#has_property_correlation"", ""predicate_type"": ""data"", ""subject_iri"": ""http://dkm.fbk.eu/index.php/BPMN_Ontology#property""}, ""text"": ""Property Correlation boolean."", ""triple"": [""Property"", ""Correlation"", ""boolean""]}, {""characteristics"": [], ""meta"": {""object_iri"": null, ""predicate_iri"": ""http://dkm.fbk.eu/index.php/BPMN_Ontology#has_property_name"", ""predicate_type"": ""data"", ""subject_iri"": ""http://dkm.fbk.eu/index.php/BPMN_Ontology#property""}, ""text"": ""Property Name string."", ""triple"": [""Property"", ""Name"", ""string""]}, {""characteristics"": [], ""meta"": {""object_iri"": ""http://dkm.fbk.eu/index.php/BPMN_Ontology#expression"", ""predicate_iri"": ""http://dkm.fbk.eu/index.php/BPMN_Ontology#has_property_value"", ""predicate_type"": ""object"", ""subject_iri"": ""http://dkm.fbk.eu/index.php/BPMN_Ontology#property""}, ""text"": ""Property Value Expression."", ""triple"": [""Property"", ""Value"", ""Expression""]}, {""characteristics"": [], ""meta"": {""object_iri"": ""http://dkm.fbk.eu/index.php/BPMN_Ontology#sub_process"", ""predicate_iri"": ""http://dkm.fbk.eu/index.php/BPMN_Ontology#has_reference_sub_process_sub_sub_process_ref"", ""predicate_type"": ""object"", ""subject_iri"": ""http://dkm.fbk.eu/index.php/BPMN_Ontology#reference_sub_process""}, ""text"": ""Reference Sub-process SubProcessRef Sub-process."", ""triple"": [""Reference Sub-process"", ""SubProcessRef"", ""Sub-process""]}, {""characteristics"": [], ""meta"": {""object_iri"": null, ""predicate_iri"": ""http://dkm.fbk.eu/index.php/BPMN_Ontology#has_role_name"", ""predicate_type"": ""data"", ""subject_iri"": ""http://dkm.fbk.eu/index.php/BPMN_Ontology#role""}, ""text"": ""Role Name string."", ""triple"": [""Role"", ""Name"", ""string""]}, {""characteristics"": [], ""meta"": {""object_iri"": null, ""predicate_iri"": ""http://dkm.fbk.eu/index.php/BPMN_Ontology#has_sub_process_is_a_transaction"", ""predicate_type"": ""data"", ""subject_iri"": ""http://dkm.fbk.eu/index.php/BPMN_Ontology#sub_process""}, ""text"": ""Sub-process IsATransaction boolean."", ""triple"": [""Sub-process"", ""IsATransaction"", ""boolean""]}]",{}
L4_Business_Finance_Business_Finance_BPMN_property_BPMNOntology_00014,"In the BPMN ontology, given the following set of classes and properties, construct only object- and data-property relationships. Do not output subClassOf triples. Output only triples in the form (subject, predicate, object).

Classes:
- Connecting object
- Data Object
- End
- Expression
- Graphical element
- Property
- Sequence Flow
- TimeDate Expression

Object Properties:
- Condition Expression
- Properties
- SourceRef
- TargetRef
- Value

Data Properties:
- Condition Type
- Correlation
- ExpressionBody
- ExpressionLanguage
- Name
- State",,"(Connecting object, Name, string)
(Connecting object, SourceRef, Graphical element)
(Connecting object, TargetRef, Graphical element)
(Data Object, Name, string)
(Data Object, Properties, Property)
(Data Object, State, string)
(Expression, ExpressionBody, string)
(Expression, ExpressionLanguage, string)
(Property, Correlation, boolean)
(Property, Name, string)
(Property, Value, Expression)
(Sequence Flow, Condition Expression, Expression)
(Sequence Flow, Condition Type, OneOf(['Default', 'Expression', 'None']))",3_4,L4,Property Relation Construction,Learning,Generation,triple_f1,Business_Finance,Business_Finance/BPMN,bench_3_4/Business_Finance/BPMN/BPMNOntology/property_BPMNOntology.json,13,,,,"(Connecting object, Name, string)
(Connecting object, SourceRef, Graphical element)
(Connecting object, TargetRef, Graphical element)
(Data Object, Name, string)
(Data Object, Properties, Property)
(Data Object, State, string)
(Expression, ExpressionBody, string)
(Expression, ExpressionLanguage, string)
(Property, Correlation, boolean)
(Property, Name, string)
(Property, Value, Expression)
(Sequence Flow, Condition Expression, Expression)
(Sequence Flow, Condition Type, OneOf(['Default', 'Expression', 'None']))","[""Connecting object"", ""Data Object"", ""End"", ""Expression"", ""Graphical element"", ""Property"", ""Sequence Flow"", ""TimeDate Expression""]","[""Condition Expression"", ""Properties"", ""SourceRef"", ""TargetRef"", ""Value""]","[{""characteristics"": [], ""meta"": {""object_iri"": null, ""predicate_iri"": ""http://dkm.fbk.eu/index.php/BPMN_Ontology#has_connecting_object_name"", ""predicate_type"": ""data"", ""subject_iri"": ""http://dkm.fbk.eu/index.php/BPMN_Ontology#connecting_object""}, ""text"": ""Connecting object Name string."", ""triple"": [""Connecting object"", ""Name"", ""string""]}, {""characteristics"": [], ""meta"": {""object_iri"": ""http://dkm.fbk.eu/index.php/BPMN_Ontology#graphical_element"", ""predicate_iri"": ""http://dkm.fbk.eu/index.php/BPMN_Ontology#has_connecting_object_source_ref"", ""predicate_type"": ""object"", ""subject_iri"": ""http://dkm.fbk.eu/index.php/BPMN_Ontology#connecting_object""}, ""text"": ""Connecting object SourceRef Graphical element."", ""triple"": [""Connecting object"", ""SourceRef"", ""Graphical element""]}, {""characteristics"": [], ""meta"": {""object_iri"": ""http://dkm.fbk.eu/index.php/BPMN_Ontology#graphical_element"", ""predicate_iri"": ""http://dkm.fbk.eu/index.php/BPMN_Ontology#has_connecting_object_target_ref"", ""predicate_type"": ""object"", ""subject_iri"": ""http://dkm.fbk.eu/index.php/BPMN_Ontology#connecting_object""}, ""text"": ""Connecting object TargetRef Graphical element."", ""triple"": [""Connecting object"", ""TargetRef"", ""Graphical element""]}, {""characteristics"": [], ""meta"": {""object_iri"": null, ""predicate_iri"": ""http://dkm.fbk.eu/index.php/BPMN_Ontology#has_data_object_name"", ""predicate_type"": ""data"", ""subject_iri"": ""http://dkm.fbk.eu/index.php/BPMN_Ontology#data_object""}, ""text"": ""Data Object Name string."", ""triple"": [""Data Object"", ""Name"", ""string""]}, {""characteristics"": [], ""meta"": {""object_iri"": ""http://dkm.fbk.eu/index.php/BPMN_Ontology#property"", ""predicate_iri"": ""http://dkm.fbk.eu/index.php/BPMN_Ontology#has_data_object_properties"", ""predicate_type"": ""object"", ""subject_iri"": ""http://dkm.fbk.eu/index.php/BPMN_Ontology#data_object""}, ""text"": ""Data Object Properties Property."", ""triple"": [""Data Object"", ""Properties"", ""Property""]}, {""characteristics"": [], ""meta"": {""object_iri"": null, ""predicate_iri"": ""http://dkm.fbk.eu/index.php/BPMN_Ontology#has_data_object_state"", ""predicate_type"": ""data"", ""subject_iri"": ""http://dkm.fbk.eu/index.php/BPMN_Ontology#data_object""}, ""text"": ""Data Object State string."", ""triple"": [""Data Object"", ""State"", ""string""]}, {""characteristics"": [], ""meta"": {""object_iri"": null, ""predicate_iri"": ""http://dkm.fbk.eu/index.php/BPMN_Ontology#has_expression_expression_body"", ""predicate_type"": ""data"", ""subject_iri"": ""http://dkm.fbk.eu/index.php/BPMN_Ontology#expression""}, ""text"": ""Expression ExpressionBody string."", ""triple"": [""Expression"", ""ExpressionBody"", ""string""]}, {""characteristics"": [], ""meta"": {""object_iri"": null, ""predicate_iri"": ""http://dkm.fbk.eu/index.php/BPMN_Ontology#has_expression_expression_language"", ""predicate_type"": ""data"", ""subject_iri"": ""http://dkm.fbk.eu/index.php/BPMN_Ontology#expression""}, ""text"": ""Expression ExpressionLanguage string."", ""triple"": [""Expression"", ""ExpressionLanguage"", ""string""]}, {""characteristics"": [], ""meta"": {""object_iri"": null, ""predicate_iri"": ""http://dkm.fbk.eu/index.php/BPMN_Ontology#has_property_correlation"", ""predicate_type"": ""data"", ""subject_iri"": ""http://dkm.fbk.eu/index.php/BPMN_Ontology#property""}, ""text"": ""Property Correlation boolean."", ""triple"": [""Property"", ""Correlation"", ""boolean""]}, {""characteristics"": [], ""meta"": {""object_iri"": null, ""predicate_iri"": ""http://dkm.fbk.eu/index.php/BPMN_Ontology#has_property_name"", ""predicate_type"": ""data"", ""subject_iri"": ""http://dkm.fbk.eu/index.php/BPMN_Ontology#property""}, ""text"": ""Property Name string."", ""triple"": [""Property"", ""Name"", ""string""]}, {""characteristics"": [], ""meta"": {""object_iri"": ""http://dkm.fbk.eu/index.php/BPMN_Ontology#expression"", ""predicate_iri"": ""http://dkm.fbk.eu/index.php/BPMN_Ontology#has_property_value"", ""predicate_type"": ""object"", ""subject_iri"": ""http://dkm.fbk.eu/index.php/BPMN_Ontology#property""}, ""text"": ""Property Value Expression."", ""triple"": [""Property"", ""Value"", ""Expression""]}, {""characteristics"": [], ""meta"": {""object_iri"": ""http://dkm.fbk.eu/index.php/BPMN_Ontology#expression"", ""predicate_iri"": ""http://dkm.fbk.eu/index.php/BPMN_Ontology#has_sequence_flow_condition_expression"", ""predicate_type"": ""object"", ""subject_iri"": ""http://dkm.fbk.eu/index.php/BPMN_Ontology#sequence_flow""}, ""text"": ""Sequence Flow Condition Expression Expression."", ""triple"": [""Sequence Flow"", ""Condition Expression"", ""Expression""]}, {""characteristics"": [], ""meta"": {""object_iri"": null, ""predicate_iri"": ""http://dkm.fbk.eu/index.php/BPMN_Ontology#has_sequence_flow_condition_type"", ""predicate_type"": ""data"", ""subject_iri"": ""http://dkm.fbk.eu/index.php/BPMN_Ontology#sequence_flow""}, ""text"": ""Sequence Flow Condition Type OneOf(['Default', 'Expression', 'None'])."", ""triple"": [""Sequence Flow"", ""Condition Type"", ""OneOf(['Default', 'Expression', 'None'])""]}]",{}
L4_Business_Finance_Business_Finance_BPMN_property_BPMNOntology_00015,"In the BPMN ontology, given the following set of classes and properties, construct only object- and data-property relationships. Do not output subClassOf triples. Output only triples in the form (subject, predicate, object).

Classes:
- Artifact
- ArtifactOutput
- Property
- Signal Event Detail
- Sub-process
- Transaction
- artifact types
- signal
- sub process types

Object Properties:
- ArtifactRef
- Name
- Property
- SignalRef
- SubProcessType
- Transaction Ref

Data Properties:
- IsATransaction
- Name
- ProduceAtCompletion
- TransactionMethod
- TransactionProtocol
- Type",,"(Artifact, Name, artifact types)
(ArtifactOutput, ArtifactRef, Artifact)
(ArtifactOutput, ProduceAtCompletion, boolean)
(Property, Name, string)
(Property, Type, string)
(Signal Event Detail, SignalRef, signal)
(Sub-process, IsATransaction, boolean)
(Sub-process, SubProcessType, sub process types)
(Sub-process, Transaction Ref, Transaction)
(Transaction, TransactionMethod, OneOf(['Compensate', 'Image', 'Store']))
(Transaction, TransactionProtocol, string)
(signal, Name, string)
(signal, Property, Property)",3_4,L4,Property Relation Construction,Learning,Generation,triple_f1,Business_Finance,Business_Finance/BPMN,bench_3_4/Business_Finance/BPMN/BPMNOntology/property_BPMNOntology.json,14,,,,"(Artifact, Name, artifact types)
(ArtifactOutput, ArtifactRef, Artifact)
(ArtifactOutput, ProduceAtCompletion, boolean)
(Property, Name, string)
(Property, Type, string)
(Signal Event Detail, SignalRef, signal)
(Sub-process, IsATransaction, boolean)
(Sub-process, SubProcessType, sub process types)
(Sub-process, Transaction Ref, Transaction)
(Transaction, TransactionMethod, OneOf(['Compensate', 'Image', 'Store']))
(Transaction, TransactionProtocol, string)
(signal, Name, string)
(signal, Property, Property)","[""Artifact"", ""ArtifactOutput"", ""Property"", ""Signal Event Detail"", ""Sub-process"", ""Transaction"", ""artifact_types"", ""signal"", ""sub_process_types""]","[""ArtifactRef"", ""Name"", ""Property"", ""SignalRef"", ""SubProcessType"", ""Transaction_Ref""]","[{""characteristics"": [], ""meta"": {""object_iri"": ""http://dkm.fbk.eu/index.php/BPMN_Ontology#artifact_types"", ""predicate_iri"": ""http://dkm.fbk.eu/index.php/BPMN_Ontology#has_artifact_type"", ""predicate_type"": ""object"", ""subject_iri"": ""http://dkm.fbk.eu/index.php/BPMN_Ontology#artifact""}, ""text"": ""Artifact Name artifact_types."", ""triple"": [""Artifact"", ""Name"", ""artifact_types""]}, {""characteristics"": [], ""meta"": {""object_iri"": ""http://dkm.fbk.eu/index.php/BPMN_Ontology#artifact"", ""predicate_iri"": ""http://dkm.fbk.eu/index.php/BPMN_Ontology#has_artifact_output_artifact_ref"", ""predicate_type"": ""object"", ""subject_iri"": ""http://dkm.fbk.eu/index.php/BPMN_Ontology#artifact_output""}, ""text"": ""ArtifactOutput ArtifactRef Artifact."", ""triple"": [""ArtifactOutput"", ""ArtifactRef"", ""Artifact""]}, {""characteristics"": [], ""meta"": {""object_iri"": null, ""predicate_iri"": ""http://dkm.fbk.eu/index.php/BPMN_Ontology#has_artifact_output_produce_at_completion"", ""predicate_type"": ""data"", ""subject_iri"": ""http://dkm.fbk.eu/index.php/BPMN_Ontology#artifact_output""}, ""text"": ""ArtifactOutput ProduceAtCompletion boolean."", ""triple"": [""ArtifactOutput"", ""ProduceAtCompletion"", ""boolean""]}, {""characteristics"": [], ""meta"": {""object_iri"": null, ""predicate_iri"": ""http://dkm.fbk.eu/index.php/BPMN_Ontology#has_property_name"", ""predicate_type"": ""data"", ""subject_iri"": ""http://dkm.fbk.eu/index.php/BPMN_Ontology#property""}, ""text"": ""Property Name string."", ""triple"": [""Property"", ""Name"", ""string""]}, {""characteristics"": [], ""meta"": {""object_iri"": null, ""predicate_iri"": ""http://dkm.fbk.eu/index.php/BPMN_Ontology#has_property_type"", ""predicate_type"": ""data"", ""subject_iri"": ""http://dkm.fbk.eu/index.php/BPMN_Ontology#property""}, ""text"": ""Property Type string."", ""triple"": [""Property"", ""Type"", ""string""]}, {""characteristics"": [], ""meta"": {""object_iri"": ""http://dkm.fbk.eu/index.php/BPMN_Ontology#signal"", ""predicate_iri"": ""http://dkm.fbk.eu/index.php/BPMN_Ontology#has_signal_event_signal_ref"", ""predicate_type"": ""object"", ""subject_iri"": ""http://dkm.fbk.eu/index.php/BPMN_Ontology#signal_event_detail""}, ""text"": ""Signal Event Detail SignalRef signal."", ""triple"": [""Signal Event Detail"", ""SignalRef"", ""signal""]}, {""characteristics"": [], ""meta"": {""object_iri"": null, ""predicate_iri"": ""http://dkm.fbk.eu/index.php/BPMN_Ontology#has_sub_process_is_a_transaction"", ""predicate_type"": ""data"", ""subject_iri"": ""http://dkm.fbk.eu/index.php/BPMN_Ontology#sub_process""}, ""text"": ""Sub-process IsATransaction boolean."", ""triple"": [""Sub-process"", ""IsATransaction"", ""boolean""]}, {""characteristics"": [], ""meta"": {""object_iri"": ""http://dkm.fbk.eu/index.php/BPMN_Ontology#sub_process_types"", ""predicate_iri"": ""http://dkm.fbk.eu/index.php/BPMN_Ontology#has_sub_process_sub_process_type"", ""predicate_type"": ""object"", ""subject_iri"": ""http://dkm.fbk.eu/index.php/BPMN_Ontology#sub_process""}, ""text"": ""Sub-process SubProcessType sub_process_types."", ""triple"": [""Sub-process"", ""SubProcessType"", ""sub_process_types""]}, {""characteristics"": [], ""meta"": {""object_iri"": ""http://dkm.fbk.eu/index.php/BPMN_Ontology#transaction"", ""predicate_iri"": ""http://dkm.fbk.eu/index.php/BPMN_Ontology#has_sub_process_sub_transaction_ref"", ""predicate_type"": ""object"", ""subject_iri"": ""http://dkm.fbk.eu/index.php/BPMN_Ontology#sub_process""}, ""text"": ""Sub-process Transaction_Ref Transaction."", ""triple"": [""Sub-process"", ""Transaction_Ref"", ""Transaction""]}, {""characteristics"": [], ""meta"": {""object_iri"": null, ""predicate_iri"": ""http://dkm.fbk.eu/index.php/BPMN_Ontology#has_transaction_transaction_method"", ""predicate_type"": ""data"", ""subject_iri"": ""http://dkm.fbk.eu/index.php/BPMN_Ontology#transaction""}, ""text"": ""Transaction TransactionMethod OneOf(['Compensate', 'Image', 'Store'])."", ""triple"": [""Transaction"", ""TransactionMethod"", ""OneOf(['Compensate', 'Image', 'Store'])""]}, {""characteristics"": [], ""meta"": {""object_iri"": null, ""predicate_iri"": ""http://dkm.fbk.eu/index.php/BPMN_Ontology#has_transaction_transaction_protocol"", ""predicate_type"": ""data"", ""subject_iri"": ""http://dkm.fbk.eu/index.php/BPMN_Ontology#transaction""}, ""text"": ""Transaction TransactionProtocol string."", ""triple"": [""Transaction"", ""TransactionProtocol"", ""string""]}, {""characteristics"": [], ""meta"": {""object_iri"": null, ""predicate_iri"": ""http://dkm.fbk.eu/index.php/BPMN_Ontology#has_signal_name"", ""predicate_type"": ""data"", ""subject_iri"": ""http://dkm.fbk.eu/index.php/BPMN_Ontology#signal""}, ""text"": ""signal Name string."", ""triple"": [""signal"", ""Name"", ""string""]}, {""characteristics"": [], ""meta"": {""object_iri"": ""http://dkm.fbk.eu/index.php/BPMN_Ontology#property"", ""predicate_iri"": ""http://dkm.fbk.eu/index.php/BPMN_Ontology#has_signal_property"", ""predicate_type"": ""object"", ""subject_iri"": ""http://dkm.fbk.eu/index.php/BPMN_Ontology#signal""}, ""text"": ""signal Property Property."", ""triple"": [""signal"", ""Property"", ""Property""]}]",{}
L4_Business_Finance_Business_Finance_BPMN_property_BPMNOntology_00018,"In the BPMN ontology, given the following set of classes and properties, construct only object- and data-property relationships. Do not output subClassOf triples. Output only triples in the form (subject, predicate, object).

Classes:
- Connecting object
- Graphical element
- Sub-process
- Transaction
- cancel intermediate event
- sub process types
- task types

Object Properties:
- SourceRef
- SubProcessType
- TargetRef
- Transaction Ref

Data Properties:
- IsATransaction
- Name
- TransactionMethod
- TransactionProtocol",,"(Connecting object, Name, string)
(Connecting object, SourceRef, Graphical element)
(Connecting object, TargetRef, Graphical element)
(Sub-process, IsATransaction, boolean)
(Sub-process, SubProcessType, sub process types)
(Sub-process, Transaction Ref, Transaction)
(Transaction, TransactionMethod, OneOf(['Compensate', 'Image', 'Store']))
(Transaction, TransactionProtocol, string)",3_4,L4,Property Relation Construction,Learning,Generation,triple_f1,Business_Finance,Business_Finance/BPMN,bench_3_4/Business_Finance/BPMN/BPMNOntology/property_BPMNOntology.json,17,,,,"(Connecting object, Name, string)
(Connecting object, SourceRef, Graphical element)
(Connecting object, TargetRef, Graphical element)
(Sub-process, IsATransaction, boolean)
(Sub-process, SubProcessType, sub process types)
(Sub-process, Transaction Ref, Transaction)
(Transaction, TransactionMethod, OneOf(['Compensate', 'Image', 'Store']))
(Transaction, TransactionProtocol, string)","[""Connecting object"", ""Graphical element"", ""Sub-process"", ""Transaction"", ""cancel_intermediate_event"", ""sub_process_types"", ""task_types""]","[""SourceRef"", ""SubProcessType"", ""TargetRef"", ""Transaction_Ref""]","[{""characteristics"": [], ""meta"": {""object_iri"": null, ""predicate_iri"": ""http://dkm.fbk.eu/index.php/BPMN_Ontology#has_connecting_object_name"", ""predicate_type"": ""data"", ""subject_iri"": ""http://dkm.fbk.eu/index.php/BPMN_Ontology#connecting_object""}, ""text"": ""Connecting object Name string."", ""triple"": [""Connecting object"", ""Name"", ""string""]}, {""characteristics"": [], ""meta"": {""object_iri"": ""http://dkm.fbk.eu/index.php/BPMN_Ontology#graphical_element"", ""predicate_iri"": ""http://dkm.fbk.eu/index.php/BPMN_Ontology#has_connecting_object_source_ref"", ""predicate_type"": ""object"", ""subject_iri"": ""http://dkm.fbk.eu/index.php/BPMN_Ontology#connecting_object""}, ""text"": ""Connecting object SourceRef Graphical element."", ""triple"": [""Connecting object"", ""SourceRef"", ""Graphical element""]}, {""characteristics"": [], ""meta"": {""object_iri"": ""http://dkm.fbk.eu/index.php/BPMN_Ontology#graphical_element"", ""predicate_iri"": ""http://dkm.fbk.eu/index.php/BPMN_Ontology#has_connecting_object_target_ref"", ""predicate_type"": ""object"", ""subject_iri"": ""http://dkm.fbk.eu/index.php/BPMN_Ontology#connecting_object""}, ""text"": ""Connecting object TargetRef Graphical element."", ""triple"": [""Connecting object"", ""TargetRef"", ""Graphical element""]}, {""characteristics"": [], ""meta"": {""object_iri"": null, ""predicate_iri"": ""http://dkm.fbk.eu/index.php/BPMN_Ontology#has_sub_process_is_a_transaction"", ""predicate_type"": ""data"", ""subject_iri"": ""http://dkm.fbk.eu/index.php/BPMN_Ontology#sub_process""}, ""text"": ""Sub-process IsATransaction boolean."", ""triple"": [""Sub-process"", ""IsATransaction"", ""boolean""]}, {""characteristics"": [], ""meta"": {""object_iri"": ""http://dkm.fbk.eu/index.php/BPMN_Ontology#sub_process_types"", ""predicate_iri"": ""http://dkm.fbk.eu/index.php/BPMN_Ontology#has_sub_process_sub_process_type"", ""predicate_type"": ""object"", ""subject_iri"": ""http://dkm.fbk.eu/index.php/BPMN_Ontology#sub_process""}, ""text"": ""Sub-process SubProcessType sub_process_types."", ""triple"": [""Sub-process"", ""SubProcessType"", ""sub_process_types""]}, {""characteristics"": [], ""meta"": {""object_iri"": ""http://dkm.fbk.eu/index.php/BPMN_Ontology#transaction"", ""predicate_iri"": ""http://dkm.fbk.eu/index.php/BPMN_Ontology#has_sub_process_sub_transaction_ref"", ""predicate_type"": ""object"", ""subject_iri"": ""http://dkm.fbk.eu/index.php/BPMN_Ontology#sub_process""}, ""text"": ""Sub-process Transaction_Ref Transaction."", ""triple"": [""Sub-process"", ""Transaction_Ref"", ""Transaction""]}, {""characteristics"": [], ""meta"": {""object_iri"": null, ""predicate_iri"": ""http://dkm.fbk.eu/index.php/BPMN_Ontology#has_transaction_transaction_method"", ""predicate_type"": ""data"", ""subject_iri"": ""http://dkm.fbk.eu/index.php/BPMN_Ontology#transaction""}, ""text"": ""Transaction TransactionMethod OneOf(['Compensate', 'Image', 'Store'])."", ""triple"": [""Transaction"", ""TransactionMethod"", ""OneOf(['Compensate', 'Image', 'Store'])""]}, {""characteristics"": [], ""meta"": {""object_iri"": null, ""predicate_iri"": ""http://dkm.fbk.eu/index.php/BPMN_Ontology#has_transaction_transaction_protocol"", ""predicate_type"": ""data"", ""subject_iri"": ""http://dkm.fbk.eu/index.php/BPMN_Ontology#transaction""}, ""text"": ""Transaction TransactionProtocol string."", ""triple"": [""Transaction"", ""TransactionProtocol"", ""string""]}]",{}
L4_Business_Finance_Business_Finance_BPMN_property_BPMNOntology_00019,"In the BPMN ontology, given the following set of classes and properties, construct only object- and data-property relationships. Do not output subClassOf triples. Output only triples in the form (subject, predicate, object).

Classes:
- Data Object
- Expression
- Property
- Supporting Element
- TimeDate Expression
- abstract task

Object Properties:
- Properties
- Value

Data Properties:
- Correlation
- ExpressionBody
- ExpressionLanguage
- Name
- State",,"(Data Object, Name, string)
(Data Object, Properties, Property)
(Data Object, State, string)
(Expression, ExpressionBody, string)
(Expression, ExpressionLanguage, string)
(Property, Correlation, boolean)
(Property, Name, string)
(Property, Value, Expression)",3_4,L4,Property Relation Construction,Learning,Generation,triple_f1,Business_Finance,Business_Finance/BPMN,bench_3_4/Business_Finance/BPMN/BPMNOntology/property_BPMNOntology.json,18,,,,"(Data Object, Name, string)
(Data Object, Properties, Property)
(Data Object, State, string)
(Expression, ExpressionBody, string)
(Expression, ExpressionLanguage, string)
(Property, Correlation, boolean)
(Property, Name, string)
(Property, Value, Expression)","[""Data Object"", ""Expression"", ""Property"", ""Supporting Element"", ""TimeDate Expression"", ""abstract_task""]","[""Properties"", ""Value""]","[{""characteristics"": [], ""meta"": {""object_iri"": null, ""predicate_iri"": ""http://dkm.fbk.eu/index.php/BPMN_Ontology#has_data_object_name"", ""predicate_type"": ""data"", ""subject_iri"": ""http://dkm.fbk.eu/index.php/BPMN_Ontology#data_object""}, ""text"": ""Data Object Name string."", ""triple"": [""Data Object"", ""Name"", ""string""]}, {""characteristics"": [], ""meta"": {""object_iri"": ""http://dkm.fbk.eu/index.php/BPMN_Ontology#property"", ""predicate_iri"": ""http://dkm.fbk.eu/index.php/BPMN_Ontology#has_data_object_properties"", ""predicate_type"": ""object"", ""subject_iri"": ""http://dkm.fbk.eu/index.php/BPMN_Ontology#data_object""}, ""text"": ""Data Object Properties Property."", ""triple"": [""Data Object"", ""Properties"", ""Property""]}, {""characteristics"": [], ""meta"": {""object_iri"": null, ""predicate_iri"": ""http://dkm.fbk.eu/index.php/BPMN_Ontology#has_data_object_state"", ""predicate_type"": ""data"", ""subject_iri"": ""http://dkm.fbk.eu/index.php/BPMN_Ontology#data_object""}, ""text"": ""Data Object State string."", ""triple"": [""Data Object"", ""State"", ""string""]}, {""characteristics"": [], ""meta"": {""object_iri"": null, ""predicate_iri"": ""http://dkm.fbk.eu/index.php/BPMN_Ontology#has_expression_expression_body"", ""predicate_type"": ""data"", ""subject_iri"": ""http://dkm.fbk.eu/index.php/BPMN_Ontology#expression""}, ""text"": ""Expression ExpressionBody string."", ""triple"": [""Expression"", ""ExpressionBody"", ""string""]}, {""characteristics"": [], ""meta"": {""object_iri"": null, ""predicate_iri"": ""http://dkm.fbk.eu/index.php/BPMN_Ontology#has_expression_expression_language"", ""predicate_type"": ""data"", ""subject_iri"": ""http://dkm.fbk.eu/index.php/BPMN_Ontology#expression""}, ""text"": ""Expression ExpressionLanguage string."", ""triple"": [""Expression"", ""ExpressionLanguage"", ""string""]}, {""characteristics"": [], ""meta"": {""object_iri"": null, ""predicate_iri"": ""http://dkm.fbk.eu/index.php/BPMN_Ontology#has_property_correlation"", ""predicate_type"": ""data"", ""subject_iri"": ""http://dkm.fbk.eu/index.php/BPMN_Ontology#property""}, ""text"": ""Property Correlation boolean."", ""triple"": [""Property"", ""Correlation"", ""boolean""]}, {""characteristics"": [], ""meta"": {""object_iri"": null, ""predicate_iri"": ""http://dkm.fbk.eu/index.php/BPMN_Ontology#has_property_name"", ""predicate_type"": ""data"", ""subject_iri"": ""http://dkm.fbk.eu/index.php/BPMN_Ontology#property""}, ""text"": ""Property Name string."", ""triple"": [""Property"", ""Name"", ""string""]}, {""characteristics"": [], ""meta"": {""object_iri"": ""http://dkm.fbk.eu/index.php/BPMN_Ontology#expression"", ""predicate_iri"": ""http://dkm.fbk.eu/index.php/BPMN_Ontology#has_property_value"", ""predicate_type"": ""object"", ""subject_iri"": ""http://dkm.fbk.eu/index.php/BPMN_Ontology#property""}, ""text"": ""Property Value Expression."", ""triple"": [""Property"", ""Value"", ""Expression""]}]",{}
L4_Business_Finance_Business_Finance_BPMN_property_BPMNOntology_00020,"In the BPMN ontology, given the following set of classes and properties, construct only object- and data-property relationships. Do not output subClassOf triples. Output only triples in the form (subject, predicate, object).

Classes:
- Assignment
- Connecting object
- Expression
- Graphical element
- Property
- TimeDate Expression
- cancel intermediate event
- signal

Object Properties:
- From
- Property
- SourceRef
- TargetRef
- To
- Value

Data Properties:
- AssignTime
- Correlation
- ExpressionBody
- ExpressionLanguage
- Name",,"(Assignment, AssignTime, OneOf(['End', 'Start']))
(Assignment, From, Expression)
(Assignment, To, Property)
(Connecting object, Name, string)
(Connecting object, SourceRef, Graphical element)
(Connecting object, TargetRef, Graphical element)
(Expression, ExpressionBody, string)
(Expression, ExpressionLanguage, string)
(Property, Correlation, boolean)
(Property, Name, string)
(Property, Value, Expression)
(signal, Name, string)
(signal, Property, Property)",3_4,L4,Property Relation Construction,Learning,Generation,triple_f1,Business_Finance,Business_Finance/BPMN,bench_3_4/Business_Finance/BPMN/BPMNOntology/property_BPMNOntology.json,19,,,,"(Assignment, AssignTime, OneOf(['End', 'Start']))
(Assignment, From, Expression)
(Assignment, To, Property)
(Connecting object, Name, string)
(Connecting object, SourceRef, Graphical element)
(Connecting object, TargetRef, Graphical element)
(Expression, ExpressionBody, string)
(Expression, ExpressionLanguage, string)
(Property, Correlation, boolean)
(Property, Name, string)
(Property, Value, Expression)
(signal, Name, string)
(signal, Property, Property)","[""Assignment"", ""Connecting object"", ""Expression"", ""Graphical element"", ""Property"", ""TimeDate Expression"", ""cancel_intermediate_event"", ""signal""]","[""From"", ""Property"", ""SourceRef"", ""TargetRef"", ""To"", ""Value""]","[{""characteristics"": [], ""meta"": {""object_iri"": null, ""predicate_iri"": ""http://dkm.fbk.eu/index.php/BPMN_Ontology#has_assignment_assign_time"", ""predicate_type"": ""data"", ""subject_iri"": ""http://dkm.fbk.eu/index.php/BPMN_Ontology#assignment""}, ""text"": ""Assignment AssignTime OneOf(['End', 'Start'])."", ""triple"": [""Assignment"", ""AssignTime"", ""OneOf(['End', 'Start'])""]}, {""characteristics"": [], ""meta"": {""object_iri"": ""http://dkm.fbk.eu/index.php/BPMN_Ontology#expression"", ""predicate_iri"": ""http://dkm.fbk.eu/index.php/BPMN_Ontology#has_assignment_from"", ""predicate_type"": ""object"", ""subject_iri"": ""http://dkm.fbk.eu/index.php/BPMN_Ontology#assignment""}, ""text"": ""Assignment From Expression."", ""triple"": [""Assignment"", ""From"", ""Expression""]}, {""characteristics"": [], ""meta"": {""object_iri"": ""http://dkm.fbk.eu/index.php/BPMN_Ontology#property"", ""predicate_iri"": ""http://dkm.fbk.eu/index.php/BPMN_Ontology#has_assignment_to"", ""predicate_type"": ""object"", ""subject_iri"": ""http://dkm.fbk.eu/index.php/BPMN_Ontology#assignment""}, ""text"": ""Assignment To Property."", ""triple"": [""Assignment"", ""To"", ""Property""]}, {""characteristics"": [], ""meta"": {""object_iri"": null, ""predicate_iri"": ""http://dkm.fbk.eu/index.php/BPMN_Ontology#has_connecting_object_name"", ""predicate_type"": ""data"", ""subject_iri"": ""http://dkm.fbk.eu/index.php/BPMN_Ontology#connecting_object""}, ""text"": ""Connecting object Name string."", ""triple"": [""Connecting object"", ""Name"", ""string""]}, {""characteristics"": [], ""meta"": {""object_iri"": ""http://dkm.fbk.eu/index.php/BPMN_Ontology#graphical_element"", ""predicate_iri"": ""http://dkm.fbk.eu/index.php/BPMN_Ontology#has_connecting_object_source_ref"", ""predicate_type"": ""object"", ""subject_iri"": ""http://dkm.fbk.eu/index.php/BPMN_Ontology#connecting_object""}, ""text"": ""Connecting object SourceRef Graphical element."", ""triple"": [""Connecting object"", ""SourceRef"", ""Graphical element""]}, {""characteristics"": [], ""meta"": {""object_iri"": ""http://dkm.fbk.eu/index.php/BPMN_Ontology#graphical_element"", ""predicate_iri"": ""http://dkm.fbk.eu/index.php/BPMN_Ontology#has_connecting_object_target_ref"", ""predicate_type"": ""object"", ""subject_iri"": ""http://dkm.fbk.eu/index.php/BPMN_Ontology#connecting_object""}, ""text"": ""Connecting object TargetRef Graphical element."", ""triple"": [""Connecting object"", ""TargetRef"", ""Graphical element""]}, {""characteristics"": [], ""meta"": {""object_iri"": null, ""predicate_iri"": ""http://dkm.fbk.eu/index.php/BPMN_Ontology#has_expression_expression_body"", ""predicate_type"": ""data"", ""subject_iri"": ""http://dkm.fbk.eu/index.php/BPMN_Ontology#expression""}, ""text"": ""Expression ExpressionBody string."", ""triple"": [""Expression"", ""ExpressionBody"", ""string""]}, {""characteristics"": [], ""meta"": {""object_iri"": null, ""predicate_iri"": ""http://dkm.fbk.eu/index.php/BPMN_Ontology#has_expression_expression_language"", ""predicate_type"": ""data"", ""subject_iri"": ""http://dkm.fbk.eu/index.php/BPMN_Ontology#expression""}, ""text"": ""Expression ExpressionLanguage string."", ""triple"": [""Expression"", ""ExpressionLanguage"", ""string""]}, {""characteristics"": [], ""meta"": {""object_iri"": null, ""predicate_iri"": ""http://dkm.fbk.eu/index.php/BPMN_Ontology#has_property_correlation"", ""predicate_type"": ""data"", ""subject_iri"": ""http://dkm.fbk.eu/index.php/BPMN_Ontology#property""}, ""text"": ""Property Correlation boolean."", ""triple"": [""Property"", ""Correlation"", ""boolean""]}, {""characteristics"": [], ""meta"": {""object_iri"": null, ""predicate_iri"": ""http://dkm.fbk.eu/index.php/BPMN_Ontology#has_property_name"", ""predicate_type"": ""data"", ""subject_iri"": ""http://dkm.fbk.eu/index.php/BPMN_Ontology#property""}, ""text"": ""Property Name string."", ""triple"": [""Property"", ""Name"", ""string""]}, {""characteristics"": [], ""meta"": {""object_iri"": ""http://dkm.fbk.eu/index.php/BPMN_Ontology#expression"", ""predicate_iri"": ""http://dkm.fbk.eu/index.php/BPMN_Ontology#has_property_value"", ""predicate_type"": ""object"", ""subject_iri"": ""http://dkm.fbk.eu/index.php/BPMN_Ontology#property""}, ""text"": ""Property Value Expression."", ""triple"": [""Property"", ""Value"", ""Expression""]}, {""characteristics"": [], ""meta"": {""object_iri"": null, ""predicate_iri"": ""http://dkm.fbk.eu/index.php/BPMN_Ontology#has_signal_name"", ""predicate_type"": ""data"", ""subject_iri"": ""http://dkm.fbk.eu/index.php/BPMN_Ontology#signal""}, ""text"": ""signal Name string."", ""triple"": [""signal"", ""Name"", ""string""]}, {""characteristics"": [], ""meta"": {""object_iri"": ""http://dkm.fbk.eu/index.php/BPMN_Ontology#property"", ""predicate_iri"": ""http://dkm.fbk.eu/index.php/BPMN_Ontology#has_signal_property"", ""predicate_type"": ""object"", ""subject_iri"": ""http://dkm.fbk.eu/index.php/BPMN_Ontology#signal""}, ""text"": ""signal Property Property."", ""triple"": [""signal"", ""Property"", ""Property""]}]",{}
L4_Business_Finance_Business_Finance_BPMN_property_BPMNOntology_00022,"In the BPMN ontology, given the following set of classes and properties, construct only object- and data-property relationships. Do not output subClassOf triples. Output only triples in the form (subject, predicate, object).

Classes:
- Assignment
- Data Object
- Entity
- Expression
- Lane
- Participant
- Pool
- Process
- Property
- Role

Object Properties:
- AdHocCompletionCondition
- Assignments
- EntityRef
- From
- Lanes
- ParticipantRef
- ProcessRef
- Properties
- RoleRef
- To

Data Properties:
- AdHocOrdering
- AssignTime
- Correlation
- ExpressionBody
- ExpressionLanguage
- Name
- ParticipantType
- Performers
- State
- boundary visible
- main pool",,"(Assignment, AssignTime, OneOf(['End', 'Start']))
(Assignment, From, Expression)
(Assignment, To, Property)
(Data Object, Name, string)
(Data Object, Properties, Property)
(Data Object, State, string)
(Entity, Name, string)
(Expression, ExpressionBody, string)
(Expression, ExpressionLanguage, string)
(Lane, Lanes, Lane)
(Participant, EntityRef, Entity)
(Participant, ParticipantType, OneOf(['Entity', 'Role']))
(Participant, RoleRef, Role)
(Pool, Lanes, Lane)
(Pool, ParticipantRef, Participant)
(Pool, ProcessRef, Process)
(Pool, boundary visible, boolean)
(Pool, main pool, boolean)
(Process, AdHocCompletionCondition, Expression)
(Process, AdHocOrdering, OneOf(['Parallel', 'Sequential']))
(Process, Assignments, Assignment)
(Process, Performers, string)
(Process, Properties, Property)
(Property, Correlation, boolean)",3_4,L4,Property Relation Construction,Learning,Generation,triple_f1,Business_Finance,Business_Finance/BPMN,bench_3_4/Business_Finance/BPMN/BPMNOntology/property_BPMNOntology.json,21,,,,"(Assignment, AssignTime, OneOf(['End', 'Start']))
(Assignment, From, Expression)
(Assignment, To, Property)
(Data Object, Name, string)
(Data Object, Properties, Property)
(Data Object, State, string)
(Entity, Name, string)
(Expression, ExpressionBody, string)
(Expression, ExpressionLanguage, string)
(Lane, Lanes, Lane)
(Participant, EntityRef, Entity)
(Participant, ParticipantType, OneOf(['Entity', 'Role']))
(Participant, RoleRef, Role)
(Pool, Lanes, Lane)
(Pool, ParticipantRef, Participant)
(Pool, ProcessRef, Process)
(Pool, boundary visible, boolean)
(Pool, main pool, boolean)
(Process, AdHocCompletionCondition, Expression)
(Process, AdHocOrdering, OneOf(['Parallel', 'Sequential']))
(Process, Assignments, Assignment)
(Process, Performers, string)
(Process, Properties, Property)
(Property, Correlation, boolean)","[""Assignment"", ""Data Object"", ""Entity"", ""Expression"", ""Lane"", ""Participant"", ""Pool"", ""Process"", ""Property"", ""Role""]","[""AdHocCompletionCondition"", ""Assignments"", ""EntityRef"", ""From"", ""Lanes"", ""ParticipantRef"", ""ProcessRef"", ""Properties"", ""RoleRef"", ""To""]","[{""characteristics"": [], ""meta"": {""object_iri"": null, ""predicate_iri"": ""http://dkm.fbk.eu/index.php/BPMN_Ontology#has_assignment_assign_time"", ""predicate_type"": ""data"", ""subject_iri"": ""http://dkm.fbk.eu/index.php/BPMN_Ontology#assignment""}, ""text"": ""Assignment AssignTime OneOf(['End', 'Start'])."", ""triple"": [""Assignment"", ""AssignTime"", ""OneOf(['End', 'Start'])""]}, {""characteristics"": [], ""meta"": {""object_iri"": ""http://dkm.fbk.eu/index.php/BPMN_Ontology#expression"", ""predicate_iri"": ""http://dkm.fbk.eu/index.php/BPMN_Ontology#has_assignment_from"", ""predicate_type"": ""object"", ""subject_iri"": ""http://dkm.fbk.eu/index.php/BPMN_Ontology#assignment""}, ""text"": ""Assignment From Expression."", ""triple"": [""Assignment"", ""From"", ""Expression""]}, {""characteristics"": [], ""meta"": {""object_iri"": ""http://dkm.fbk.eu/index.php/BPMN_Ontology#property"", ""predicate_iri"": ""http://dkm.fbk.eu/index.php/BPMN_Ontology#has_assignment_to"", ""predicate_type"": ""object"", ""subject_iri"": ""http://dkm.fbk.eu/index.php/BPMN_Ontology#assignment""}, ""text"": ""Assignment To Property."", ""triple"": [""Assignment"", ""To"", ""Property""]}, {""characteristics"": [], ""meta"": {""object_iri"": null, ""predicate_iri"": ""http://dkm.fbk.eu/index.php/BPMN_Ontology#has_data_object_name"", ""predicate_type"": ""data"", ""subject_iri"": ""http://dkm.fbk.eu/index.php/BPMN_Ontology#data_object""}, ""text"": ""Data Object Name string."", ""triple"": [""Data Object"", ""Name"", ""string""]}, {""characteristics"": [], ""meta"": {""object_iri"": ""http://dkm.fbk.eu/index.php/BPMN_Ontology#property"", ""predicate_iri"": ""http://dkm.fbk.eu/index.php/BPMN_Ontology#has_data_object_properties"", ""predicate_type"": ""object"", ""subject_iri"": ""http://dkm.fbk.eu/index.php/BPMN_Ontology#data_object""}, ""text"": ""Data Object Properties Property."", ""triple"": [""Data Object"", ""Properties"", ""Property""]}, {""characteristics"": [], ""meta"": {""object_iri"": null, ""predicate_iri"": ""http://dkm.fbk.eu/index.php/BPMN_Ontology#has_data_object_state"", ""predicate_type"": ""data"", ""subject_iri"": ""http://dkm.fbk.eu/index.php/BPMN_Ontology#data_object""}, ""text"": ""Data Object State string."", ""triple"": [""Data Object"", ""State"", ""string""]}, {""characteristics"": [], ""meta"": {""object_iri"": null, ""predicate_iri"": ""http://dkm.fbk.eu/index.php/BPMN_Ontology#has_entity_name"", ""predicate_type"": ""data"", ""subject_iri"": ""http://dkm.fbk.eu/index.php/BPMN_Ontology#entity""}, ""text"": ""Entity Name string."", ""triple"": [""Entity"", ""Name"", ""string""]}, {""characteristics"": [], ""meta"": {""object_iri"": null, ""predicate_iri"": ""http://dkm.fbk.eu/index.php/BPMN_Ontology#has_expression_expression_body"", ""predicate_type"": ""data"", ""subject_iri"": ""http://dkm.fbk.eu/index.php/BPMN_Ontology#expression""}, ""text"": ""Expression ExpressionBody string."", ""triple"": [""Expression"", ""ExpressionBody"", ""string""]}, {""characteristics"": [], ""meta"": {""object_iri"": null, ""predicate_iri"": ""http://dkm.fbk.eu/index.php/BPMN_Ontology#has_expression_expression_language"", ""predicate_type"": ""data"", ""subject_iri"": ""http://dkm.fbk.eu/index.php/BPMN_Ontology#expression""}, ""text"": ""Expression ExpressionLanguage string."", ""triple"": [""Expression"", ""ExpressionLanguage"", ""string""]}, {""characteristics"": [], ""meta"": {""object_iri"": ""http://dkm.fbk.eu/index.php/BPMN_Ontology#lane"", ""predicate_iri"": ""http://dkm.fbk.eu/index.php/BPMN_Ontology#has_lane_lanes"", ""predicate_type"": ""object"", ""subject_iri"": ""http://dkm.fbk.eu/index.php/BPMN_Ontology#lane""}, ""text"": ""Lane Lanes Lane."", ""triple"": [""Lane"", ""Lanes"", ""Lane""]}, {""characteristics"": [], ""meta"": {""object_iri"": ""http://dkm.fbk.eu/index.php/BPMN_Ontology#entity"", ""predicate_iri"": ""http://dkm.fbk.eu/index.php/BPMN_Ontology#has_participant_entity_ref"", ""predicate_type"": ""object"", ""subject_iri"": ""http://dkm.fbk.eu/index.php/BPMN_Ontology#participant""}, ""text"": ""Participant EntityRef Entity."", ""triple"": [""Participant"", ""EntityRef"", ""Entity""]}, {""characteristics"": [], ""meta"": {""object_iri"": null, ""predicate_iri"": ""http://dkm.fbk.eu/index.php/BPMN_Ontology#has_participant_participant_type"", ""predicate_type"": ""data"", ""subject_iri"": ""http://dkm.fbk.eu/index.php/BPMN_Ontology#participant""}, ""text"": ""Participant ParticipantType OneOf(['Entity', 'Role'])."", ""triple"": [""Participant"", ""ParticipantType"", ""OneOf(['Entity', 'Role'])""]}, {""characteristics"": [], ""meta"": {""object_iri"": ""http://dkm.fbk.eu/index.php/BPMN_Ontology#role"", ""predicate_iri"": ""http://dkm.fbk.eu/index.php/BPMN_Ontology#has_participant_role_ref"", ""predicate_type"": ""object"", ""subject_iri"": ""http://dkm.fbk.eu/index.php/BPMN_Ontology#participant""}, ""text"": ""Participant RoleRef Role."", ""triple"": [""Participant"", ""RoleRef"", ""Role""]}, {""characteristics"": [], ""meta"": {""object_iri"": ""http://dkm.fbk.eu/index.php/BPMN_Ontology#lane"", ""predicate_iri"": ""http://dkm.fbk.eu/index.php/BPMN_Ontology#has_pool_lanes"", ""predicate_type"": ""object"", ""subject_iri"": ""http://dkm.fbk.eu/index.php/BPMN_Ontology#pool""}, ""text"": ""Pool Lanes Lane."", ""triple"": [""Pool"", ""Lanes"", ""Lane""]}, {""characteristics"": [], ""meta"": {""object_iri"": ""http://dkm.fbk.eu/index.php/BPMN_Ontology#participant"", ""predicate_iri"": ""http://dkm.fbk.eu/index.php/BPMN_Ontology#has_pool_participant_ref"", ""predicate_type"": ""object"", ""subject_iri"": ""http://dkm.fbk.eu/index.php/BPMN_Ontology#pool""}, ""text"": ""Pool ParticipantRef Participant."", ""triple"": [""Pool"", ""ParticipantRef"", ""Participant""]}, {""characteristics"": [], ""meta"": {""object_iri"": ""http://dkm.fbk.eu/index.php/BPMN_Ontology#process"", ""predicate_iri"": ""http://dkm.fbk.eu/index.php/BPMN_Ontology#has_pool_process_ref"", ""predicate_type"": ""object"", ""subject_iri"": ""http://dkm.fbk.eu/index.php/BPMN_Ontology#pool""}, ""text"": ""Pool ProcessRef Process."", ""triple"": [""Pool"", ""ProcessRef"", ""Process""]}, {""characteristics"": [], ""meta"": {""object_iri"": null, ""predicate_iri"": ""http://dkm.fbk.eu/index.php/BPMN_Ontology#has_pool_boundary_visible"", ""predicate_type"": ""data"", ""subject_iri"": ""http://dkm.fbk.eu/index.php/BPMN_Ontology#pool""}, ""text"": ""Pool boundary_visible boolean."", ""triple"": [""Pool"", ""boundary_visible"", ""boolean""]}, {""characteristics"": [], ""meta"": {""object_iri"": null, ""predicate_iri"": ""http://dkm.fbk.eu/index.php/BPMN_Ontology#has_pool_main_pool"", ""predicate_type"": ""data"", ""subject_iri"": ""http://dkm.fbk.eu/index.php/BPMN_Ontology#pool""}, ""text"": ""Pool main_pool boolean."", ""triple"": [""Pool"", ""main_pool"", ""boolean""]}, {""characteristics"": [], ""meta"": {""object_iri"": ""http://dkm.fbk.eu/index.php/BPMN_Ontology#expression"", ""predicate_iri"": ""http://dkm.fbk.eu/index.php/BPMN_Ontology#has_process_ad_hoc_completion_condition"", ""predicate_type"": ""object"", ""subject_iri"": ""http://dkm.fbk.eu/index.php/BPMN_Ontology#process""}, ""text"": ""Process AdHocCompletionCondition Expression."", ""triple"": [""Process"", ""AdHocCompletionCondition"", ""Expression""]}, {""characteristics"": [], ""meta"": {""object_iri"": null, ""predicate_iri"": ""http://dkm.fbk.eu/index.php/BPMN_Ontology#has_process_ad_hoc_ordering"", ""predicate_type"": ""data"", ""subject_iri"": ""http://dkm.fbk.eu/index.php/BPMN_Ontology#process""}, ""text"": ""Process AdHocOrdering OneOf(['Parallel', 'Sequential'])."", ""triple"": [""Process"", ""AdHocOrdering"", ""OneOf(['Parallel', 'Sequential'])""]}, {""characteristics"": [], ""meta"": {""object_iri"": ""http://dkm.fbk.eu/index.php/BPMN_Ontology#assignment"", ""predicate_iri"": ""http://dkm.fbk.eu/index.php/BPMN_Ontology#has_process_assignments"", ""predicate_type"": ""object"", ""subject_iri"": ""http://dkm.fbk.eu/index.php/BPMN_Ontology#process""}, ""text"": ""Process Assignments Assignment."", ""triple"": [""Process"", ""Assignments"", ""Assignment""]}, {""characteristics"": [], ""meta"": {""object_iri"": null, ""predicate_iri"": ""http://dkm.fbk.eu/index.php/BPMN_Ontology#has_process_performers"", ""predicate_type"": ""data"", ""subject_iri"": ""http://dkm.fbk.eu/index.php/BPMN_Ontology#process""}, ""text"": ""Process Performers string."", ""triple"": [""Process"", ""Performers"", ""string""]}, {""characteristics"": [], ""meta"": {""object_iri"": ""http://dkm.fbk.eu/index.php/BPMN_Ontology#property"", ""predicate_iri"": ""http://dkm.fbk.eu/index.php/BPMN_Ontology#has_process_properties"", ""predicate_type"": ""object"", ""subject_iri"": ""http://dkm.fbk.eu/index.php/BPMN_Ontology#process""}, ""text"": ""Process Properties Property."", ""triple"": [""Process"", ""Properties"", ""Property""]}, {""characteristics"": [], ""meta"": {""object_iri"": null, ""predicate_iri"": ""http://dkm.fbk.eu/index.php/BPMN_Ontology#has_property_correlation"", ""predicate_type"": ""data"", ""subject_iri"": ""http://dkm.fbk.eu/index.php/BPMN_Ontology#property""}, ""text"": ""Property Correlation boolean."", ""triple"": [""Property"", ""Correlation"", ""boolean""]}]",{}
L4_Business_Finance_Business_Finance_BPMN_property_BPMNOntology_00023,"In the BPMN ontology, given the following set of classes and properties, construct only object- and data-property relationships. Do not output subClassOf triples. Output only triples in the form (subject, predicate, object).

Classes:
- Category
- Reference Sub-process
- Sub-process
- Swimlane
- Transaction
- sub process types

Object Properties:
- SubProcessRef
- SubProcessType
- Transaction Ref

Data Properties:
- IsATransaction
- Name
- TransactionMethod
- TransactionProtocol",,"(Category, Name, string)
(Reference Sub-process, SubProcessRef, Sub-process)
(Sub-process, IsATransaction, boolean)
(Sub-process, SubProcessType, sub process types)
(Sub-process, Transaction Ref, Transaction)
(Swimlane, Name, string)
(Transaction, TransactionMethod, OneOf(['Compensate', 'Image', 'Store']))
(Transaction, TransactionProtocol, string)",3_4,L4,Property Relation Construction,Learning,Generation,triple_f1,Business_Finance,Business_Finance/BPMN,bench_3_4/Business_Finance/BPMN/BPMNOntology/property_BPMNOntology.json,22,,,,"(Category, Name, string)
(Reference Sub-process, SubProcessRef, Sub-process)
(Sub-process, IsATransaction, boolean)
(Sub-process, SubProcessType, sub process types)
(Sub-process, Transaction Ref, Transaction)
(Swimlane, Name, string)
(Transaction, TransactionMethod, OneOf(['Compensate', 'Image', 'Store']))
(Transaction, TransactionProtocol, string)","[""Category"", ""Reference Sub-process"", ""Sub-process"", ""Swimlane"", ""Transaction"", ""sub_process_types""]","[""SubProcessRef"", ""SubProcessType"", ""Transaction_Ref""]","[{""characteristics"": [], ""meta"": {""object_iri"": null, ""predicate_iri"": ""http://dkm.fbk.eu/index.php/BPMN_Ontology#has_category_name"", ""predicate_type"": ""data"", ""subject_iri"": ""http://dkm.fbk.eu/index.php/BPMN_Ontology#category""}, ""text"": ""Category Name string."", ""triple"": [""Category"", ""Name"", ""string""]}, {""characteristics"": [], ""meta"": {""object_iri"": ""http://dkm.fbk.eu/index.php/BPMN_Ontology#sub_process"", ""predicate_iri"": ""http://dkm.fbk.eu/index.php/BPMN_Ontology#has_reference_sub_process_sub_sub_process_ref"", ""predicate_type"": ""object"", ""subject_iri"": ""http://dkm.fbk.eu/index.php/BPMN_Ontology#reference_sub_process""}, ""text"": ""Reference Sub-process SubProcessRef Sub-process."", ""triple"": [""Reference Sub-process"", ""SubProcessRef"", ""Sub-process""]}, {""characteristics"": [], ""meta"": {""object_iri"": null, ""predicate_iri"": ""http://dkm.fbk.eu/index.php/BPMN_Ontology#has_sub_process_is_a_transaction"", ""predicate_type"": ""data"", ""subject_iri"": ""http://dkm.fbk.eu/index.php/BPMN_Ontology#sub_process""}, ""text"": ""Sub-process IsATransaction boolean."", ""triple"": [""Sub-process"", ""IsATransaction"", ""boolean""]}, {""characteristics"": [], ""meta"": {""object_iri"": ""http://dkm.fbk.eu/index.php/BPMN_Ontology#sub_process_types"", ""predicate_iri"": ""http://dkm.fbk.eu/index.php/BPMN_Ontology#has_sub_process_sub_process_type"", ""predicate_type"": ""object"", ""subject_iri"": ""http://dkm.fbk.eu/index.php/BPMN_Ontology#sub_process""}, ""text"": ""Sub-process SubProcessType sub_process_types."", ""triple"": [""Sub-process"", ""SubProcessType"", ""sub_process_types""]}, {""characteristics"": [], ""meta"": {""object_iri"": ""http://dkm.fbk.eu/index.php/BPMN_Ontology#transaction"", ""predicate_iri"": ""http://dkm.fbk.eu/index.php/BPMN_Ontology#has_sub_process_sub_transaction_ref"", ""predicate_type"": ""object"", ""subject_iri"": ""http://dkm.fbk.eu/index.php/BPMN_Ontology#sub_process""}, ""text"": ""Sub-process Transaction_Ref Transaction."", ""triple"": [""Sub-process"", ""Transaction_Ref"", ""Transaction""]}, {""characteristics"": [], ""meta"": {""object_iri"": null, ""predicate_iri"": ""http://dkm.fbk.eu/index.php/BPMN_Ontology#has_swimlane_name"", ""predicate_type"": ""data"", ""subject_iri"": ""http://dkm.fbk.eu/index.php/BPMN_Ontology#swimlane""}, ""text"": ""Swimlane Name string."", ""triple"": [""Swimlane"", ""Name"", ""string""]}, {""characteristics"": [], ""meta"": {""object_iri"": null, ""predicate_iri"": ""http://dkm.fbk.eu/index.php/BPMN_Ontology#has_transaction_transaction_method"", ""predicate_type"": ""data"", ""subject_iri"": ""http://dkm.fbk.eu/index.php/BPMN_Ontology#transaction""}, ""text"": ""Transaction TransactionMethod OneOf(['Compensate', 'Image', 'Store'])."", ""triple"": [""Transaction"", ""TransactionMethod"", ""OneOf(['Compensate', 'Image', 'Store'])""]}, {""characteristics"": [], ""meta"": {""object_iri"": null, ""predicate_iri"": ""http://dkm.fbk.eu/index.php/BPMN_Ontology#has_transaction_transaction_protocol"", ""predicate_type"": ""data"", ""subject_iri"": ""http://dkm.fbk.eu/index.php/BPMN_Ontology#transaction""}, ""text"": ""Transaction TransactionProtocol string."", ""triple"": [""Transaction"", ""TransactionProtocol"", ""string""]}]",{}
L4_Business_Finance_Business_Finance_Financial_Industry_Business_Ontology_property_FunctionalEntities_00001,"In the Financial Industry Business Ontology, given the following set of classes and properties, construct only object- and data-property relationships. Do not output subClassOf triples. Output only triples in the form (subject, predicate, object).

Classes:
- classifier
- code element
- currency identifier
- designation
- geographic directional symbol
- industry sector classifier
- merchant category code
- name
- physical address identifier
- postcode

Object Properties:
None

Data Properties:
- has merchant category description",,"(merchant category code, has merchant category description, string)",3_4,L4,Property Relation Construction,Learning,Generation,triple_f1,Business_Finance,Business_Finance/Financial_Industry_Business_Ontology,bench_3_4/Business_Finance/Financial_Industry_Business_Ontology/BE/FunctionalEntities/FunctionalEntities/property_FunctionalEntities.json,0,,,,"(merchant category code, has merchant category description, string)","[""classifier"", ""code element"", ""currency identifier"", ""designation"", ""geographic directional symbol"", ""industry sector classifier"", ""merchant category code"", ""name"", ""physical address identifier"", ""postcode""]",[],"[{""characteristics"": [], ""meta"": {""object_iri"": null, ""predicate_iri"": ""https://spec.edmcouncil.org/fibo/ontology/BE/FunctionalEntities/FunctionalEntities/hasMerchantCategoryDescription"", ""predicate_type"": ""data"", ""subject_iri"": ""https://spec.edmcouncil.org/fibo/ontology/BE/FunctionalEntities/FunctionalEntities/MerchantCategoryCode""}, ""text"": ""merchant category code has merchant category description string."", ""triple"": [""merchant category code"", ""has merchant category description"", ""string""]}]",{}
L4_Business_Finance_Business_Finance_Financial_Industry_Business_Ontology_property_FormalBusinessOrganizations_00001,"In the Financial Industry Business Ontology, given the following set of classes and properties, construct only object- and data-property relationships. Do not output subClassOf triples. Output only triples in the form (subject, predicate, object).

Classes:
- LegalEntity
- chartered legal person
- corporation
- fonds commun de placement
- government body
- instrumentality
- joint venture
- owners' equity
- statutory body
- variable interest entity

Object Properties:
- has equity

Data Properties:
None",,"(LegalEntity, has equity, owners' equity)",3_4,L4,Property Relation Construction,Learning,Generation,triple_f1,Business_Finance,Business_Finance/Financial_Industry_Business_Ontology,bench_3_4/Business_Finance/Financial_Industry_Business_Ontology/BE/LegalEntities/FormalBusinessOrganizations/property_FormalBusinessOrganizations.json,0,,,,"(LegalEntity, has equity, owners' equity)","[""LegalEntity"", ""chartered legal person"", ""corporation"", ""fonds commun de placement"", ""government body"", ""instrumentality"", ""joint venture"", ""owners' equity"", ""statutory body"", ""variable interest entity""]","[""has equity""]","[{""characteristics"": [], ""meta"": {""object_iri"": ""https://spec.edmcouncil.org/fibo/ontology/FND/Accounting/AccountingEquity/OwnersEquity"", ""predicate_iri"": ""https://spec.edmcouncil.org/fibo/ontology/BE/LegalEntities/FormalBusinessOrganizations/hasEquity"", ""predicate_type"": ""object"", ""subject_iri"": ""https://www.omg.org/spec/Commons/Organizations/LegalEntity""}, ""text"": ""LegalEntity has equity owners' equity."", ""triple"": [""LegalEntity"", ""has equity"", ""owners' equity""]}]",{}
L4_Business_Finance_Business_Finance_Financial_Industry_Business_Ontology_property_CorporateControl_00001,"In the Financial Industry Business Ontology, given the following set of classes and properties, construct only object- and data-property relationships. Do not output subClassOf triples. Output only triples in the form (subject, predicate, object).

Classes:
- actor
- affiliate
- agent role
- controlled affiliate
- controlling affiliate
- controlling party
- entity controlling party
- majority controlling party
- party role
- responsible party

Object Properties:
- has controlling affiliate
- is affiliate of
- is controlling affiliate of

Data Properties:
None",,"(affiliate, is affiliate of, affiliate)
(controlled affiliate, has controlling affiliate, controlling affiliate)
(controlling affiliate, is controlling affiliate of, controlled affiliate)",3_4,L4,Property Relation Construction,Learning,Generation,triple_f1,Business_Finance,Business_Finance/Financial_Industry_Business_Ontology,bench_3_4/Business_Finance/Financial_Industry_Business_Ontology/BE/OwnershipAndControl/CorporateControl/property_CorporateControl.json,0,,,,"(affiliate, is affiliate of, affiliate)
(controlled affiliate, has controlling affiliate, controlling affiliate)
(controlling affiliate, is controlling affiliate of, controlled affiliate)","[""actor"", ""affiliate"", ""agent role"", ""controlled affiliate"", ""controlling affiliate"", ""controlling party"", ""entity controlling party"", ""majority controlling party"", ""party role"", ""responsible party""]","[""has controlling affiliate"", ""is affiliate of"", ""is controlling affiliate of""]","[{""characteristics"": [], ""meta"": {""object_iri"": ""https://spec.edmcouncil.org/fibo/ontology/BE/OwnershipAndControl/CorporateControl/Affiliate"", ""predicate_iri"": ""https://spec.edmcouncil.org/fibo/ontology/BE/OwnershipAndControl/CorporateControl/isAffiliateOf"", ""predicate_type"": ""object"", ""subject_iri"": ""https://spec.edmcouncil.org/fibo/ontology/BE/OwnershipAndControl/CorporateControl/Affiliate""}, ""text"": ""affiliate is affiliate of affiliate."", ""triple"": [""affiliate"", ""is affiliate of"", ""affiliate""]}, {""characteristics"": [], ""meta"": {""object_iri"": ""https://spec.edmcouncil.org/fibo/ontology/BE/OwnershipAndControl/CorporateControl/ControllingAffiliate"", ""predicate_iri"": ""https://spec.edmcouncil.org/fibo/ontology/BE/OwnershipAndControl/CorporateControl/hasControllingAffiliate"", ""predicate_type"": ""object"", ""subject_iri"": ""https://spec.edmcouncil.org/fibo/ontology/BE/OwnershipAndControl/CorporateControl/ControlledAffiliate""}, ""text"": ""controlled affiliate has controlling affiliate controlling affiliate."", ""triple"": [""controlled affiliate"", ""has controlling affiliate"", ""controlling affiliate""]}, {""characteristics"": [], ""meta"": {""object_iri"": ""https://spec.edmcouncil.org/fibo/ontology/BE/OwnershipAndControl/CorporateControl/ControlledAffiliate"", ""predicate_iri"": ""https://spec.edmcouncil.org/fibo/ontology/BE/OwnershipAndControl/CorporateControl/isControllingAffiliateOf"", ""predicate_type"": ""object"", ""subject_iri"": ""https://spec.edmcouncil.org/fibo/ontology/BE/OwnershipAndControl/CorporateControl/ControllingAffiliate""}, ""text"": ""controlling affiliate is controlling affiliate of controlled affiliate."", ""triple"": [""controlling affiliate"", ""is controlling affiliate of"", ""controlled affiliate""]}]",{}
L4_Business_Finance_Business_Finance_Financial_Industry_Business_Ontology_property_CorporateControl_00002,"In the Financial Industry Business Ontology, given the following set of classes and properties, construct only object- and data-property relationships. Do not output subClassOf triples. Output only triples in the form (subject, predicate, object).

Classes:
- affiliate
- agent role
- controlled affiliate
- controlled party
- controlled thing
- controlling affiliate
- party role
- responsible party
- subsidiary
- undergoer

Object Properties:
- has controlling affiliate
- is affiliate of
- is controlling affiliate of
- is parent company of
- is subsidiary of

Data Properties:
None",,"(affiliate, is affiliate of, affiliate)
(controlled affiliate, has controlling affiliate, controlling affiliate)
(controlling affiliate, is controlling affiliate of, controlled affiliate)
(controlling affiliate, is parent company of, subsidiary)
(subsidiary, is subsidiary of, controlling affiliate)",3_4,L4,Property Relation Construction,Learning,Generation,triple_f1,Business_Finance,Business_Finance/Financial_Industry_Business_Ontology,bench_3_4/Business_Finance/Financial_Industry_Business_Ontology/BE/OwnershipAndControl/CorporateControl/property_CorporateControl.json,1,,,,"(affiliate, is affiliate of, affiliate)
(controlled affiliate, has controlling affiliate, controlling affiliate)
(controlling affiliate, is controlling affiliate of, controlled affiliate)
(controlling affiliate, is parent company of, subsidiary)
(subsidiary, is subsidiary of, controlling affiliate)","[""affiliate"", ""agent role"", ""controlled affiliate"", ""controlled party"", ""controlled thing"", ""controlling affiliate"", ""party role"", ""responsible party"", ""subsidiary"", ""undergoer""]","[""has controlling affiliate"", ""is affiliate of"", ""is controlling affiliate of"", ""is parent company of"", ""is subsidiary of""]","[{""characteristics"": [], ""meta"": {""object_iri"": ""https://spec.edmcouncil.org/fibo/ontology/BE/OwnershipAndControl/CorporateControl/Affiliate"", ""predicate_iri"": ""https://spec.edmcouncil.org/fibo/ontology/BE/OwnershipAndControl/CorporateControl/isAffiliateOf"", ""predicate_type"": ""object"", ""subject_iri"": ""https://spec.edmcouncil.org/fibo/ontology/BE/OwnershipAndControl/CorporateControl/Affiliate""}, ""text"": ""affiliate is affiliate of affiliate."", ""triple"": [""affiliate"", ""is affiliate of"", ""affiliate""]}, {""characteristics"": [], ""meta"": {""object_iri"": ""https://spec.edmcouncil.org/fibo/ontology/BE/OwnershipAndControl/CorporateControl/ControllingAffiliate"", ""predicate_iri"": ""https://spec.edmcouncil.org/fibo/ontology/BE/OwnershipAndControl/CorporateControl/hasControllingAffiliate"", ""predicate_type"": ""object"", ""subject_iri"": ""https://spec.edmcouncil.org/fibo/ontology/BE/OwnershipAndControl/CorporateControl/ControlledAffiliate""}, ""text"": ""controlled affiliate has controlling affiliate controlling affiliate."", ""triple"": [""controlled affiliate"", ""has controlling affiliate"", ""controlling affiliate""]}, {""characteristics"": [], ""meta"": {""object_iri"": ""https://spec.edmcouncil.org/fibo/ontology/BE/OwnershipAndControl/CorporateControl/ControlledAffiliate"", ""predicate_iri"": ""https://spec.edmcouncil.org/fibo/ontology/BE/OwnershipAndControl/CorporateControl/isControllingAffiliateOf"", ""predicate_type"": ""object"", ""subject_iri"": ""https://spec.edmcouncil.org/fibo/ontology/BE/OwnershipAndControl/CorporateControl/ControllingAffiliate""}, ""text"": ""controlling affiliate is controlling affiliate of controlled affiliate."", ""triple"": [""controlling affiliate"", ""is controlling affiliate of"", ""controlled affiliate""]}, {""characteristics"": [], ""meta"": {""object_iri"": ""https://spec.edmcouncil.org/fibo/ontology/BE/OwnershipAndControl/CorporateControl/Subsidiary"", ""predicate_iri"": ""https://spec.edmcouncil.org/fibo/ontology/BE/OwnershipAndControl/CorporateControl/isParentCompanyOf"", ""predicate_type"": ""object"", ""subject_iri"": ""https://spec.edmcouncil.org/fibo/ontology/BE/OwnershipAndControl/CorporateControl/ControllingAffiliate""}, ""text"": ""controlling affiliate is parent company of subsidiary."", ""triple"": [""controlling affiliate"", ""is parent company of"", ""subsidiary""]}, {""characteristics"": [], ""meta"": {""object_iri"": ""https://spec.edmcouncil.org/fibo/ontology/BE/OwnershipAndControl/CorporateControl/ControllingAffiliate"", ""predicate_iri"": ""https://spec.edmcouncil.org/fibo/ontology/BE/OwnershipAndControl/CorporateControl/isSubsidiaryOf"", ""predicate_type"": ""object"", ""subject_iri"": ""https://spec.edmcouncil.org/fibo/ontology/BE/OwnershipAndControl/CorporateControl/Subsidiary""}, ""text"": ""subsidiary is subsidiary of controlling affiliate."", ""triple"": [""subsidiary"", ""is subsidiary of"", ""controlling affiliate""]}]",{}
L4_Business_Finance_Business_Finance_Financial_Industry_Business_Ontology_property_Executives_00001,"In the Financial Industry Business Ontology, given the following set of classes and properties, construct only object- and data-property relationships. Do not output subClassOf triples. Output only triples in the form (subject, predicate, object).

Classes:
- agent role
- board member
- controlling party
- corporate officer
- executive board member
- legally delegated authority
- non-executive board member
- organisation member
- party role
- responsible party

Object Properties:
- elects
- nominates

Data Properties:
None",,"(party role, elects, party role)
(party role, nominates, party role)",3_4,L4,Property Relation Construction,Learning,Generation,triple_f1,Business_Finance,Business_Finance/Financial_Industry_Business_Ontology,bench_3_4/Business_Finance/Financial_Industry_Business_Ontology/BE/OwnershipAndControl/Executives/property_Executives.json,0,,,,"(party role, elects, party role)
(party role, nominates, party role)","[""agent role"", ""board member"", ""controlling party"", ""corporate officer"", ""executive board member"", ""legally delegated authority"", ""non-executive board member"", ""organisation member"", ""party role"", ""responsible party""]","[""elects"", ""nominates""]","[{""characteristics"": [], ""meta"": {""object_iri"": ""https://www.omg.org/spec/Commons/PartiesAndSituations/PartyRole"", ""predicate_iri"": ""https://spec.edmcouncil.org/fibo/ontology/BE/OwnershipAndControl/Executives/elects"", ""predicate_type"": ""object"", ""subject_iri"": ""https://www.omg.org/spec/Commons/PartiesAndSituations/PartyRole""}, ""text"": ""party role elects party role."", ""triple"": [""party role"", ""elects"", ""party role""]}, {""characteristics"": [], ""meta"": {""object_iri"": ""https://www.omg.org/spec/Commons/PartiesAndSituations/PartyRole"", ""predicate_iri"": ""https://spec.edmcouncil.org/fibo/ontology/BE/OwnershipAndControl/Executives/nominates"", ""predicate_type"": ""object"", ""subject_iri"": ""https://www.omg.org/spec/Commons/PartiesAndSituations/PartyRole""}, ""text"": ""party role nominates party role."", ""triple"": [""party role"", ""nominates"", ""party role""]}]",{}
L4_Business_Finance_Business_Finance_Financial_Industry_Business_Ontology_property_AgencyMBSIssuance_00001,"In the Financial Industry Business Ontology, given the following set of classes and properties, construct only object- and data-property relationships. Do not output subClassOf triples. Output only triples in the form (subject, predicate, object).

Classes:
- acquire mortgage
- add mortgage to pool
- classifier
- close deal
- get commitment from investors
- issuance process activity
- loan secured by real estate
- make securities available in market
- occurrence kind
- purchase mortgage into pool

Object Properties:
- adds to pool
- purchase

Data Properties:
None",,"(acquire mortgage, purchase, loan secured by real estate)
(add mortgage to pool, adds to pool, loan secured by real estate)",3_4,L4,Property Relation Construction,Learning,Generation,triple_f1,Business_Finance,Business_Finance/Financial_Industry_Business_Ontology,bench_3_4/Business_Finance/Financial_Industry_Business_Ontology/BP/SecuritiesIssuance/AgencyMBSIssuance/property_AgencyMBSIssuance.json,0,,,,"(acquire mortgage, purchase, loan secured by real estate)
(add mortgage to pool, adds to pool, loan secured by real estate)","[""acquire mortgage"", ""add mortgage to pool"", ""classifier"", ""close deal"", ""get commitment from investors"", ""issuance process activity"", ""loan secured by real estate"", ""make securities available in market"", ""occurrence kind"", ""purchase mortgage into pool""]","[""adds to pool"", ""purchase""]","[{""characteristics"": [], ""meta"": {""object_iri"": ""https://spec.edmcouncil.org/fibo/ontology/LOAN/RealEstateLoans/Mortgages/LoanSecuredByRealEstate"", ""predicate_iri"": ""https://spec.edmcouncil.org/fibo/ontology/BP/SecuritiesIssuance/AgencyMBSIssuance/purchase"", ""predicate_type"": ""object"", ""subject_iri"": ""https://spec.edmcouncil.org/fibo/ontology/BP/SecuritiesIssuance/AgencyMBSIssuance/AcquireMortgage""}, ""text"": ""acquire mortgage purchase loan secured by real estate."", ""triple"": [""acquire mortgage"", ""purchase"", ""loan secured by real estate""]}, {""characteristics"": [], ""meta"": {""object_iri"": ""https://spec.edmcouncil.org/fibo/ontology/LOAN/RealEstateLoans/Mortgages/LoanSecuredByRealEstate"", ""predicate_iri"": ""https://spec.edmcouncil.org/fibo/ontology/BP/SecuritiesIssuance/AgencyMBSIssuance/addsToPool"", ""predicate_type"": ""object"", ""subject_iri"": ""https://spec.edmcouncil.org/fibo/ontology/BP/SecuritiesIssuance/AgencyMBSIssuance/AddMortgageToPool""}, ""text"": ""add mortgage to pool adds to pool loan secured by real estate."", ""triple"": [""add mortgage to pool"", ""adds to pool"", ""loan secured by real estate""]}]",{}
L4_Business_Finance_Business_Finance_Financial_Industry_Business_Ontology_property_DebtIssuance_00001,"In the Financial Industry Business Ontology, given the following set of classes and properties, construct only object- and data-property relationships. Do not output subClassOf triples. Output only triples in the form (subject, predicate, object).

Classes:
- agency c m o
- agreement
- bond offering
- bond offering with warrant
- c d o deal
- debt offering
- medium term note offering
- offering
- pass through m b s deal
- securities offering

Object Properties:
None

Data Properties:
- is bank qualified",,"(bond offering, is bank qualified, boolean)",3_4,L4,Property Relation Construction,Learning,Generation,triple_f1,Business_Finance,Business_Finance/Financial_Industry_Business_Ontology,bench_3_4/Business_Finance/Financial_Industry_Business_Ontology/BP/SecuritiesIssuance/DebtIssuance/property_DebtIssuance.json,0,,,,"(bond offering, is bank qualified, boolean)","[""agency c m o"", ""agreement"", ""bond offering"", ""bond offering with warrant"", ""c d o deal"", ""debt offering"", ""medium term note offering"", ""offering"", ""pass through m b s deal"", ""securities offering""]",[],"[{""characteristics"": [], ""meta"": {""object_iri"": null, ""predicate_iri"": ""https://spec.edmcouncil.org/fibo/ontology/BP/SecuritiesIssuance/DebtIssuance/isBankQualified"", ""predicate_type"": ""data"", ""subject_iri"": ""https://spec.edmcouncil.org/fibo/ontology/BP/SecuritiesIssuance/DebtIssuance/BondOffering""}, ""text"": ""bond offering is bank qualified boolean."", ""triple"": [""bond offering"", ""is bank qualified"", ""boolean""]}]",{}
L4_Business_Finance_Business_Finance_Financial_Industry_Business_Ontology_property_DebtIssuance_00002,"In the Financial Industry Business Ontology, given the following set of classes and properties, construct only object- and data-property relationships. Do not output subClassOf triples. Output only triples in the form (subject, predicate, object).

Classes:
- allotment information
- debt issuance process information
- debt issuance purpose
- document
- issue subscription information
- registration information
- subscription closing information
- traded instrument issuance process information
- underwriter takedown
- underwriting process details

Object Properties:
- has debt issuance purpose

Data Properties:
None",,"(debt issuance process information, has debt issuance purpose, debt issuance purpose)",3_4,L4,Property Relation Construction,Learning,Generation,triple_f1,Business_Finance,Business_Finance/Financial_Industry_Business_Ontology,bench_3_4/Business_Finance/Financial_Industry_Business_Ontology/BP/SecuritiesIssuance/DebtIssuance/property_DebtIssuance.json,1,,,,"(debt issuance process information, has debt issuance purpose, debt issuance purpose)","[""allotment information"", ""debt issuance process information"", ""debt issuance purpose"", ""document"", ""issue subscription information"", ""registration information"", ""subscription closing information"", ""traded instrument issuance process information"", ""underwriter takedown"", ""underwriting process details""]","[""has debt issuance purpose""]","[{""characteristics"": [], ""meta"": {""object_iri"": ""https://spec.edmcouncil.org/fibo/ontology/BP/SecuritiesIssuance/DebtIssuance/DebtIssuancePurpose"", ""predicate_iri"": ""https://spec.edmcouncil.org/fibo/ontology/BP/SecuritiesIssuance/DebtIssuance/hasDebtIssuancePurpose"", ""predicate_type"": ""object"", ""subject_iri"": ""https://spec.edmcouncil.org/fibo/ontology/BP/SecuritiesIssuance/DebtIssuance/DebtIssuanceProcessInformation""}, ""text"": ""debt issuance process information has debt issuance purpose debt issuance purpose."", ""triple"": [""debt issuance process information"", ""has debt issuance purpose"", ""debt issuance purpose""]}]",{}
L4_Business_Finance_Business_Finance_Financial_Industry_Business_Ontology_property_EquitiesIPOIssuance_00001,"In the Financial Industry Business Ontology, given the following set of classes and properties, construct only object- and data-property relationships. Do not output subClassOf triples. Output only triples in the form (subject, predicate, object).

Classes:
- agree basis for allocation
- allocation
- announce equity issue
- appoint advisors
- approve for flotation
- classifier
- formal approval for listing and trading
- initial public offering process step
- occurrence kind
- sponsor

Object Properties:
- lead

Data Properties:
None",,"(appoint advisors, lead, sponsor)",3_4,L4,Property Relation Construction,Learning,Generation,triple_f1,Business_Finance,Business_Finance/Financial_Industry_Business_Ontology,bench_3_4/Business_Finance/Financial_Industry_Business_Ontology/BP/SecuritiesIssuance/EquitiesIPOIssuance/property_EquitiesIPOIssuance.json,0,,,,"(appoint advisors, lead, sponsor)","[""agree basis for allocation"", ""allocation"", ""announce equity issue"", ""appoint advisors"", ""approve for flotation"", ""classifier"", ""formal approval for listing and trading"", ""initial public offering process step"", ""occurrence kind"", ""sponsor""]","[""lead""]","[{""characteristics"": [], ""meta"": {""object_iri"": ""https://spec.edmcouncil.org/fibo/ontology/BP/SecuritiesIssuance/EquitiesIPOIssuance/Sponsor"", ""predicate_iri"": ""https://spec.edmcouncil.org/fibo/ontology/BP/SecuritiesIssuance/EquitiesIPOIssuance/lead"", ""predicate_type"": ""object"", ""subject_iri"": ""https://spec.edmcouncil.org/fibo/ontology/BP/SecuritiesIssuance/EquitiesIPOIssuance/AppointAdvisors""}, ""text"": ""appoint advisors lead sponsor."", ""triple"": [""appoint advisors"", ""lead"", ""sponsor""]}]",{}
L4_Business_Finance_Business_Finance_Financial_Industry_Business_Ontology_property_IssuanceProcess_00001,"In the Financial Industry Business Ontology, given the following set of classes and properties, construct only object- and data-property relationships. Do not output subClassOf triples. Output only triples in the form (subject, predicate, object).

Classes:
- Document
- allotment information
- date period
- debt issuance process information
- issue subscription information
- registration information
- security
- subscription closing information
- traded instrument issuance process information
- underwriting process details

Object Properties:
- describes allotment of
- subscription period

Data Properties:
- minimum issue subscription
- over alloted
- subscription amount",,"(allotment information, describes allotment of, security)
(issue subscription information, minimum issue subscription, float)
(issue subscription information, subscription period, date period)
(subscription closing information, over alloted, boolean)
(subscription closing information, subscription amount, integer)",3_4,L4,Property Relation Construction,Learning,Generation,triple_f1,Business_Finance,Business_Finance/Financial_Industry_Business_Ontology,bench_3_4/Business_Finance/Financial_Industry_Business_Ontology/BP/SecuritiesIssuance/IssuanceProcess/property_IssuanceProcess.json,0,,,,"(allotment information, describes allotment of, security)
(issue subscription information, minimum issue subscription, float)
(issue subscription information, subscription period, date period)
(subscription closing information, over alloted, boolean)
(subscription closing information, subscription amount, integer)","[""Document"", ""allotment information"", ""date period"", ""debt issuance process information"", ""issue subscription information"", ""registration information"", ""security"", ""subscription closing information"", ""traded instrument issuance process information"", ""underwriting process details""]","[""describes allotment of"", ""subscription period""]","[{""characteristics"": [], ""meta"": {""object_iri"": ""https://spec.edmcouncil.org/fibo/ontology/FBC/FinancialInstruments/FinancialInstruments/Security"", ""predicate_iri"": ""https://spec.edmcouncil.org/fibo/ontology/BP/SecuritiesIssuance/IssuanceProcess/describesAllotmentOf"", ""predicate_type"": ""object"", ""subject_iri"": ""https://spec.edmcouncil.org/fibo/ontology/BP/SecuritiesIssuance/IssuanceProcess/AllotmentInformation""}, ""text"": ""allotment information describes allotment of security."", ""triple"": [""allotment information"", ""describes allotment of"", ""security""]}, {""characteristics"": [], ""meta"": {""object_iri"": null, ""predicate_iri"": ""https://spec.edmcouncil.org/fibo/ontology/BP/SecuritiesIssuance/IssuanceProcess/minimumIssueSubscription"", ""predicate_type"": ""data"", ""subject_iri"": ""https://spec.edmcouncil.org/fibo/ontology/BP/SecuritiesIssuance/IssuanceProcess/IssueSubscriptionInformation""}, ""text"": ""issue subscription information minimum issue subscription float."", ""triple"": [""issue subscription information"", ""minimum issue subscription"", ""float""]}, {""characteristics"": [], ""meta"": {""object_iri"": ""https://www.omg.org/spec/Commons/DatesAndTimes/DatePeriod"", ""predicate_iri"": ""https://spec.edmcouncil.org/fibo/ontology/BP/SecuritiesIssuance/IssuanceProcess/subscriptionPeriod"", ""predicate_type"": ""object"", ""subject_iri"": ""https://spec.edmcouncil.org/fibo/ontology/BP/SecuritiesIssuance/IssuanceProcess/IssueSubscriptionInformation""}, ""text"": ""issue subscription information subscription period date period."", ""triple"": [""issue subscription information"", ""subscription period"", ""date period""]}, {""characteristics"": [], ""meta"": {""object_iri"": null, ""predicate_iri"": ""https://spec.edmcouncil.org/fibo/ontology/BP/SecuritiesIssuance/IssuanceProcess/overAlloted"", ""predicate_type"": ""data"", ""subject_iri"": ""https://spec.edmcouncil.org/fibo/ontology/BP/SecuritiesIssuance/IssuanceProcess/SubscriptionClosingInformation""}, ""text"": ""subscription closing information over alloted boolean."", ""triple"": [""subscription closing information"", ""over alloted"", ""boolean""]}, {""characteristics"": [], ""meta"": {""object_iri"": null, ""predicate_iri"": ""https://spec.edmcouncil.org/fibo/ontology/BP/SecuritiesIssuance/IssuanceProcess/subscriptionAmount"", ""predicate_type"": ""data"", ""subject_iri"": ""https://spec.edmcouncil.org/fibo/ontology/BP/SecuritiesIssuance/IssuanceProcess/SubscriptionClosingInformation""}, ""text"": ""subscription closing information subscription amount integer."", ""triple"": [""subscription closing information"", ""subscription amount"", ""integer""]}]",{}
L4_Business_Finance_Business_Finance_Financial_Industry_Business_Ontology_property_MuniIssuance_00001,"In the Financial Industry Business Ontology, given the following set of classes and properties, construct only object- and data-property relationships. Do not output subClassOf triples. Output only triples in the form (subject, predicate, object).

Classes:
- announcement
- date time
- dissemination
- issuance closing
- issuance process activity
- issuance settlement
- offering
- registration
- underwriting issuance closing
- underwriting process activity

Object Properties:
- dissemination decision date and time

Data Properties:
None",,"(dissemination, dissemination decision date and time, date time)",3_4,L4,Property Relation Construction,Learning,Generation,triple_f1,Business_Finance,Business_Finance/Financial_Industry_Business_Ontology,bench_3_4/Business_Finance/Financial_Industry_Business_Ontology/BP/SecuritiesIssuance/MuniIssuance/property_MuniIssuance.json,0,,,,"(dissemination, dissemination decision date and time, date time)","[""announcement"", ""date time"", ""dissemination"", ""issuance closing"", ""issuance process activity"", ""issuance settlement"", ""offering"", ""registration"", ""underwriting issuance closing"", ""underwriting process activity""]","[""dissemination decision date and time""]","[{""characteristics"": [], ""meta"": {""object_iri"": ""https://www.omg.org/spec/Commons/DatesAndTimes/DateTime"", ""predicate_iri"": ""https://spec.edmcouncil.org/fibo/ontology/BP/SecuritiesIssuance/MuniIssuance/disseminationDecisionDateAndTime"", ""predicate_type"": ""object"", ""subject_iri"": ""https://spec.edmcouncil.org/fibo/ontology/BP/SecuritiesIssuance/MuniIssuance/Dissemination""}, ""text"": ""dissemination dissemination decision date and time date time."", ""triple"": [""dissemination"", ""dissemination decision date and time"", ""date time""]}]",{}
L4_Business_Finance_Business_Finance_Financial_Industry_Business_Ontology_property_MuniIssuance_00002,"In the Financial Industry Business Ontology, given the following set of classes and properties, construct only object- and data-property relationships. Do not output subClassOf triples. Output only triples in the form (subject, predicate, object).

Classes:
- announcement
- issuance closing
- issuance process activity
- issuance settlement
- jurisdiction
- m t n registration
- offering
- registration
- underwriting issuance closing
- underwriting process activity

Object Properties:
- registered under

Data Properties:
None",,"(registration, registered under, jurisdiction)",3_4,L4,Property Relation Construction,Learning,Generation,triple_f1,Business_Finance,Business_Finance/Financial_Industry_Business_Ontology,bench_3_4/Business_Finance/Financial_Industry_Business_Ontology/BP/SecuritiesIssuance/MuniIssuance/property_MuniIssuance.json,1,,,,"(registration, registered under, jurisdiction)","[""announcement"", ""issuance closing"", ""issuance process activity"", ""issuance settlement"", ""jurisdiction"", ""m t n registration"", ""offering"", ""registration"", ""underwriting issuance closing"", ""underwriting process activity""]","[""registered under""]","[{""characteristics"": [], ""meta"": {""object_iri"": ""https://www.omg.org/spec/Commons/RegulatoryAgencies/Jurisdiction"", ""predicate_iri"": ""https://spec.edmcouncil.org/fibo/ontology/BP/SecuritiesIssuance/MuniIssuance/registeredUnder"", ""predicate_type"": ""object"", ""subject_iri"": ""https://spec.edmcouncil.org/fibo/ontology/BP/SecuritiesIssuance/MuniIssuance/Registration""}, ""text"": ""registration registered under jurisdiction."", ""triple"": [""registration"", ""registered under"", ""jurisdiction""]}]",{}
L4_Business_Finance_Business_Finance_Financial_Industry_Business_Ontology_property_MuniIssuance_00003,"In the Financial Industry Business Ontology, given the following set of classes and properties, construct only object- and data-property relationships. Do not output subClassOf triples. Output only triples in the form (subject, predicate, object).

Classes:
- debt auction process
- debt securitization process
- equity demutualization process
- equity i p o process
- equity underwriting issuance process
- pool backed security securitization process
- registered security issuance process
- registration
- securities issuance process
- securities underwriting issuance process

Object Properties:
- includes step

Data Properties:
None",,"(registered security issuance process, includes step, registration)",3_4,L4,Property Relation Construction,Learning,Generation,triple_f1,Business_Finance,Business_Finance/Financial_Industry_Business_Ontology,bench_3_4/Business_Finance/Financial_Industry_Business_Ontology/BP/SecuritiesIssuance/MuniIssuance/property_MuniIssuance.json,2,,,,"(registered security issuance process, includes step, registration)","[""debt auction process"", ""debt securitization process"", ""equity demutualization process"", ""equity i p o process"", ""equity underwriting issuance process"", ""pool backed security securitization process"", ""registered security issuance process"", ""registration"", ""securities issuance process"", ""securities underwriting issuance process""]","[""includes step""]","[{""characteristics"": [], ""meta"": {""object_iri"": ""https://spec.edmcouncil.org/fibo/ontology/BP/SecuritiesIssuance/MuniIssuance/Registration"", ""predicate_iri"": ""https://spec.edmcouncil.org/fibo/ontology/BP/SecuritiesIssuance/MuniIssuance/includesStep"", ""predicate_type"": ""object"", ""subject_iri"": ""https://spec.edmcouncil.org/fibo/ontology/BP/SecuritiesIssuance/MuniIssuance/RegisteredSecurityIssuanceProcess""}, ""text"": ""registered security issuance process includes step registration."", ""triple"": [""registered security issuance process"", ""includes step"", ""registration""]}]",{}
L4_Business_Finance_Business_Finance_Financial_Industry_Business_Ontology_property_MuniIssuance_00004,"In the Financial Industry Business Ontology, given the following set of classes and properties, construct only object- and data-property relationships. Do not output subClassOf triples. Output only triples in the form (subject, predicate, object).

Classes:
- announcement
- date
- dissemination
- issuance closing
- issuance process activity
- issuance settlement
- offering
- registration
- underwriting issuance closing
- underwriting process activity

Object Properties:
- actual closing date
- issuance settlement date

Data Properties:
None",,"(issuance closing, actual closing date, date)
(issuance settlement, issuance settlement date, date)",3_4,L4,Property Relation Construction,Learning,Generation,triple_f1,Business_Finance,Business_Finance/Financial_Industry_Business_Ontology,bench_3_4/Business_Finance/Financial_Industry_Business_Ontology/BP/SecuritiesIssuance/MuniIssuance/property_MuniIssuance.json,3,,,,"(issuance closing, actual closing date, date)
(issuance settlement, issuance settlement date, date)","[""announcement"", ""date"", ""dissemination"", ""issuance closing"", ""issuance process activity"", ""issuance settlement"", ""offering"", ""registration"", ""underwriting issuance closing"", ""underwriting process activity""]","[""actual closing date"", ""issuance settlement date""]","[{""characteristics"": [], ""meta"": {""object_iri"": ""https://www.omg.org/spec/Commons/DatesAndTimes/Date"", ""predicate_iri"": ""https://spec.edmcouncil.org/fibo/ontology/BP/SecuritiesIssuance/MuniIssuance/actualClosingDate"", ""predicate_type"": ""object"", ""subject_iri"": ""https://spec.edmcouncil.org/fibo/ontology/BP/SecuritiesIssuance/MuniIssuance/IssuanceClosing""}, ""text"": ""issuance closing actual closing date date."", ""triple"": [""issuance closing"", ""actual closing date"", ""date""]}, {""characteristics"": [], ""meta"": {""object_iri"": ""https://www.omg.org/spec/Commons/DatesAndTimes/Date"", ""predicate_iri"": ""https://spec.edmcouncil.org/fibo/ontology/BP/SecuritiesIssuance/MuniIssuance/issuanceSettlementDate"", ""predicate_type"": ""object"", ""subject_iri"": ""https://spec.edmcouncil.org/fibo/ontology/BP/SecuritiesIssuance/MuniIssuance/IssuanceSettlement""}, ""text"": ""issuance settlement issuance settlement date date."", ""triple"": [""issuance settlement"", ""issuance settlement date"", ""date""]}]",{}
L4_Business_Finance_Business_Finance_Financial_Industry_Business_Ontology_property_MuniIssuance_00005,"In the Financial Industry Business Ontology, given the following set of classes and properties, construct only object- and data-property relationships. Do not output subClassOf triples. Output only triples in the form (subject, predicate, object).

Classes:
- debt auction process
- debt securitization process
- debt underwriting issuance process
- equity demutualization process
- issuance agent
- issuance financial advisor
- private placement
- registered security issuance process
- securities issuance process
- securities underwriting issuance process

Object Properties:
- advises
- has agent
- has financial advisor
- is agent in

Data Properties:
None",,"(issuance agent, is agent in, securities underwriting issuance process)
(issuance financial advisor, advises, securities underwriting issuance process)
(securities underwriting issuance process, has agent, issuance agent)
(securities underwriting issuance process, has financial advisor, issuance financial advisor)",3_4,L4,Property Relation Construction,Learning,Generation,triple_f1,Business_Finance,Business_Finance/Financial_Industry_Business_Ontology,bench_3_4/Business_Finance/Financial_Industry_Business_Ontology/BP/SecuritiesIssuance/MuniIssuance/property_MuniIssuance.json,4,,,,"(issuance agent, is agent in, securities underwriting issuance process)
(issuance financial advisor, advises, securities underwriting issuance process)
(securities underwriting issuance process, has agent, issuance agent)
(securities underwriting issuance process, has financial advisor, issuance financial advisor)","[""debt auction process"", ""debt securitization process"", ""debt underwriting issuance process"", ""equity demutualization process"", ""issuance agent"", ""issuance financial advisor"", ""private placement"", ""registered security issuance process"", ""securities issuance process"", ""securities underwriting issuance process""]","[""advises"", ""has agent"", ""has financial advisor"", ""is agent in""]","[{""characteristics"": [], ""meta"": {""object_iri"": ""https://spec.edmcouncil.org/fibo/ontology/BP/SecuritiesIssuance/MuniIssuance/SecuritiesUnderwritingIssuanceProcess"", ""predicate_iri"": ""https://spec.edmcouncil.org/fibo/ontology/BP/SecuritiesIssuance/MuniIssuance/isAgentIn"", ""predicate_type"": ""object"", ""subject_iri"": ""https://spec.edmcouncil.org/fibo/ontology/BP/SecuritiesIssuance/MuniIssuance/IssuanceAgent""}, ""text"": ""issuance agent is agent in securities underwriting issuance process."", ""triple"": [""issuance agent"", ""is agent in"", ""securities underwriting issuance process""]}, {""characteristics"": [], ""meta"": {""object_iri"": ""https://spec.edmcouncil.org/fibo/ontology/BP/SecuritiesIssuance/MuniIssuance/SecuritiesUnderwritingIssuanceProcess"", ""predicate_iri"": ""https://spec.edmcouncil.org/fibo/ontology/BP/SecuritiesIssuance/MuniIssuance/advises"", ""predicate_type"": ""object"", ""subject_iri"": ""https://spec.edmcouncil.org/fibo/ontology/BP/SecuritiesIssuance/MuniIssuance/IssuanceFinancialAdvisor""}, ""text"": ""issuance financial advisor advises securities underwriting issuance process."", ""triple"": [""issuance financial advisor"", ""advises"", ""securities underwriting issuance process""]}, {""characteristics"": [], ""meta"": {""object_iri"": ""https://spec.edmcouncil.org/fibo/ontology/BP/SecuritiesIssuance/MuniIssuance/IssuanceAgent"", ""predicate_iri"": ""https://spec.edmcouncil.org/fibo/ontology/BP/SecuritiesIssuance/MuniIssuance/hasAgent"", ""predicate_type"": ""object"", ""subject_iri"": ""https://spec.edmcouncil.org/fibo/ontology/BP/SecuritiesIssuance/MuniIssuance/SecuritiesUnderwritingIssuanceProcess""}, ""text"": ""securities underwriting issuance process has agent issuance agent."", ""triple"": [""securities underwriting issuance process"", ""has agent"", ""issuance agent""]}, {""characteristics"": [], ""meta"": {""object_iri"": ""https://spec.edmcouncil.org/fibo/ontology/BP/SecuritiesIssuance/MuniIssuance/IssuanceFinancialAdvisor"", ""predicate_iri"": ""https://spec.edmcouncil.org/fibo/ontology/BP/SecuritiesIssuance/MuniIssuance/hasFinancialAdvisor"", ""predicate_type"": ""object"", ""subject_iri"": ""https://spec.edmcouncil.org/fibo/ontology/BP/SecuritiesIssuance/MuniIssuance/SecuritiesUnderwritingIssuanceProcess""}, ""text"": ""securities underwriting issuance process has financial advisor issuance financial advisor."", ""triple"": [""securities underwriting issuance process"", ""has financial advisor"", ""issuance financial advisor""]}]",{}
L4_Business_Finance_Business_Finance_Financial_Industry_Business_Ontology_property_MuniIssuance_00006,"In the Financial Industry Business Ontology, given the following set of classes and properties, construct only object- and data-property relationships. Do not output subClassOf triples. Output only triples in the form (subject, predicate, object).

Classes:
- bond counsel
- debt auction process
- debt offering
- debt securitization process
- debt underwriting issuance process
- equity demutualization process
- private placement
- registered security issuance process
- securities issuance process
- securities underwriting issuance process

Object Properties:
- has bond counsel
- is bond counsel
- step

Data Properties:
None",,"(bond counsel, is bond counsel, debt underwriting issuance process)
(debt underwriting issuance process, has bond counsel, bond counsel)
(debt underwriting issuance process, step, debt offering)",3_4,L4,Property Relation Construction,Learning,Generation,triple_f1,Business_Finance,Business_Finance/Financial_Industry_Business_Ontology,bench_3_4/Business_Finance/Financial_Industry_Business_Ontology/BP/SecuritiesIssuance/MuniIssuance/property_MuniIssuance.json,5,,,,"(bond counsel, is bond counsel, debt underwriting issuance process)
(debt underwriting issuance process, has bond counsel, bond counsel)
(debt underwriting issuance process, step, debt offering)","[""bond counsel"", ""debt auction process"", ""debt offering"", ""debt securitization process"", ""debt underwriting issuance process"", ""equity demutualization process"", ""private placement"", ""registered security issuance process"", ""securities issuance process"", ""securities underwriting issuance process""]","[""has bond counsel"", ""is bond counsel"", ""step""]","[{""characteristics"": [], ""meta"": {""object_iri"": ""https://spec.edmcouncil.org/fibo/ontology/BP/SecuritiesIssuance/MuniIssuance/DebtUnderwritingIssuanceProcess"", ""predicate_iri"": ""https://spec.edmcouncil.org/fibo/ontology/BP/SecuritiesIssuance/MuniIssuance/isBondCounsel"", ""predicate_type"": ""object"", ""subject_iri"": ""https://spec.edmcouncil.org/fibo/ontology/BP/SecuritiesIssuance/MuniIssuance/BondCounsel""}, ""text"": ""bond counsel is bond counsel debt underwriting issuance process."", ""triple"": [""bond counsel"", ""is bond counsel"", ""debt underwriting issuance process""]}, {""characteristics"": [], ""meta"": {""object_iri"": ""https://spec.edmcouncil.org/fibo/ontology/BP/SecuritiesIssuance/MuniIssuance/BondCounsel"", ""predicate_iri"": ""https://spec.edmcouncil.org/fibo/ontology/BP/SecuritiesIssuance/MuniIssuance/hasBondCounsel"", ""predicate_type"": ""object"", ""subject_iri"": ""https://spec.edmcouncil.org/fibo/ontology/BP/SecuritiesIssuance/MuniIssuance/DebtUnderwritingIssuanceProcess""}, ""text"": ""debt underwriting issuance process has bond counsel bond counsel."", ""triple"": [""debt underwriting issuance process"", ""has bond counsel"", ""bond counsel""]}, {""characteristics"": [], ""meta"": {""object_iri"": ""https://spec.edmcouncil.org/fibo/ontology/SEC/Debt/DebtInstruments/DebtOffering"", ""predicate_iri"": ""https://spec.edmcouncil.org/fibo/ontology/BP/SecuritiesIssuance/MuniIssuance/step"", ""predicate_type"": ""object"", ""subject_iri"": ""https://spec.edmcouncil.org/fibo/ontology/BP/SecuritiesIssuance/MuniIssuance/DebtUnderwritingIssuanceProcess""}, ""text"": ""debt underwriting issuance process step debt offering."", ""triple"": [""debt underwriting issuance process"", ""step"", ""debt offering""]}]",{}
L4_Business_Finance_Business_Finance_Financial_Industry_Business_Ontology_property_PrivateLabelMBSIssuance_00001,"In the Financial Industry Business Ontology, given the following set of classes and properties, construct only object- and data-property relationships. Do not output subClassOf triples. Output only triples in the form (subject, predicate, object).

Classes:
- contractual transaction
- covered transaction
- economic transaction
- financial primary market transaction
- financial securities secondary market transaction
- market transaction
- non agency m b s issuer
- primary investor
- tranched m b s deal transaction
- when issued transaction

Object Properties:
- has counterparty
- has principal party

Data Properties:
None",,"(tranched m b s deal transaction, has counterparty, primary investor)
(tranched m b s deal transaction, has principal party, non agency m b s issuer)",3_4,L4,Property Relation Construction,Learning,Generation,triple_f1,Business_Finance,Business_Finance/Financial_Industry_Business_Ontology,bench_3_4/Business_Finance/Financial_Industry_Business_Ontology/BP/SecuritiesIssuance/PrivateLabelMBSIssuance/property_PrivateLabelMBSIssuance.json,0,,,,"(tranched m b s deal transaction, has counterparty, primary investor)
(tranched m b s deal transaction, has principal party, non agency m b s issuer)","[""contractual transaction"", ""covered transaction"", ""economic transaction"", ""financial primary market transaction"", ""financial securities secondary market transaction"", ""market transaction"", ""non agency m b s issuer"", ""primary investor"", ""tranched m b s deal transaction"", ""when issued transaction""]","[""has counterparty"", ""has principal party""]","[{""characteristics"": [], ""meta"": {""object_iri"": ""https://spec.edmcouncil.org/fibo/ontology/BP/SecuritiesIssuance/PrivateLabelMBSIssuance/PrimaryInvestor"", ""predicate_iri"": ""https://spec.edmcouncil.org/fibo/ontology/BP/SecuritiesIssuance/PrivateLabelMBSIssuance/hasCounterparty"", ""predicate_type"": ""object"", ""subject_iri"": ""https://spec.edmcouncil.org/fibo/ontology/BP/SecuritiesIssuance/PrivateLabelMBSIssuance/TranchedMBSDealTransaction""}, ""text"": ""tranched m b s deal transaction has counterparty primary investor."", ""triple"": [""tranched m b s deal transaction"", ""has counterparty"", ""primary investor""]}, {""characteristics"": [], ""meta"": {""object_iri"": ""https://spec.edmcouncil.org/fibo/ontology/SEC/Debt/MortgageBackedSecurities/NonAgencyMBSIssuer"", ""predicate_iri"": ""https://spec.edmcouncil.org/fibo/ontology/BP/SecuritiesIssuance/PrivateLabelMBSIssuance/hasPrincipalParty"", ""predicate_type"": ""object"", ""subject_iri"": ""https://spec.edmcouncil.org/fibo/ontology/BP/SecuritiesIssuance/PrivateLabelMBSIssuance/TranchedMBSDealTransaction""}, ""text"": ""tranched m b s deal transaction has principal party non agency m b s issuer."", ""triple"": [""tranched m b s deal transaction"", ""has principal party"", ""non agency m b s issuer""]}]",{}
L4_Business_Finance_Business_Finance_Financial_Industry_Business_Ontology_property_PrivateLabelMBSIssuance_00002,"In the Financial Industry Business Ontology, given the following set of classes and properties, construct only object- and data-property relationships. Do not output subClassOf triples. Output only triples in the form (subject, predicate, object).

Classes:
- assess pool suitability for issuance
- classifier
- close deal
- define notes parameters
- get commitment from investors
- in assembly mortgage pool
- issuance process activity
- make securities available in market
- occurrence kind
- purchase mortgage into pool

Object Properties:
- adds to
- is assessment of

Data Properties:
None",,"(assess pool suitability for issuance, is assessment of, in assembly mortgage pool)
(purchase mortgage into pool, adds to, in assembly mortgage pool)",3_4,L4,Property Relation Construction,Learning,Generation,triple_f1,Business_Finance,Business_Finance/Financial_Industry_Business_Ontology,bench_3_4/Business_Finance/Financial_Industry_Business_Ontology/BP/SecuritiesIssuance/PrivateLabelMBSIssuance/property_PrivateLabelMBSIssuance.json,1,,,,"(assess pool suitability for issuance, is assessment of, in assembly mortgage pool)
(purchase mortgage into pool, adds to, in assembly mortgage pool)","[""assess pool suitability for issuance"", ""classifier"", ""close deal"", ""define notes parameters"", ""get commitment from investors"", ""in assembly mortgage pool"", ""issuance process activity"", ""make securities available in market"", ""occurrence kind"", ""purchase mortgage into pool""]","[""adds to"", ""is assessment of""]","[{""characteristics"": [], ""meta"": {""object_iri"": ""https://spec.edmcouncil.org/fibo/ontology/BP/SecuritiesIssuance/PrivateLabelMBSIssuance/InAssemblyMortgagePool"", ""predicate_iri"": ""https://spec.edmcouncil.org/fibo/ontology/BP/SecuritiesIssuance/PrivateLabelMBSIssuance/isAssessmentOf"", ""predicate_type"": ""object"", ""subject_iri"": ""https://spec.edmcouncil.org/fibo/ontology/BP/SecuritiesIssuance/PrivateLabelMBSIssuance/AssessPoolSuitabilityForIssuance""}, ""text"": ""assess pool suitability for issuance is assessment of in assembly mortgage pool."", ""triple"": [""assess pool suitability for issuance"", ""is assessment of"", ""in assembly mortgage pool""]}, {""characteristics"": [], ""meta"": {""object_iri"": ""https://spec.edmcouncil.org/fibo/ontology/BP/SecuritiesIssuance/PrivateLabelMBSIssuance/InAssemblyMortgagePool"", ""predicate_iri"": ""https://spec.edmcouncil.org/fibo/ontology/BP/SecuritiesIssuance/PrivateLabelMBSIssuance/addsTo"", ""predicate_type"": ""object"", ""subject_iri"": ""https://spec.edmcouncil.org/fibo/ontology/BP/SecuritiesIssuance/PrivateLabelMBSIssuance/PurchaseMortgageIntoPool""}, ""text"": ""purchase mortgage into pool adds to in assembly mortgage pool."", ""triple"": [""purchase mortgage into pool"", ""adds to"", ""in assembly mortgage pool""]}]",{}
L4_Business_Finance_Business_Finance_Financial_Industry_Business_Ontology_property_PrivateLabelMBSIssuance_00003,"In the Financial Industry Business Ontology, given the following set of classes and properties, construct only object- and data-property relationships. Do not output subClassOf triples. Output only triples in the form (subject, predicate, object).

Classes:
- assess pool suitability for issuance
- classifier
- close deal
- define notes parameters
- get commitment from investors
- issuance process activity
- make securities available in market
- occurrence kind
- purchase mortgage into pool
- tranched draft prospectus

Object Properties:
- commitment based on

Data Properties:
None",,"(get commitment from investors, commitment based on, tranched draft prospectus)",3_4,L4,Property Relation Construction,Learning,Generation,triple_f1,Business_Finance,Business_Finance/Financial_Industry_Business_Ontology,bench_3_4/Business_Finance/Financial_Industry_Business_Ontology/BP/SecuritiesIssuance/PrivateLabelMBSIssuance/property_PrivateLabelMBSIssuance.json,2,,,,"(get commitment from investors, commitment based on, tranched draft prospectus)","[""assess pool suitability for issuance"", ""classifier"", ""close deal"", ""define notes parameters"", ""get commitment from investors"", ""issuance process activity"", ""make securities available in market"", ""occurrence kind"", ""purchase mortgage into pool"", ""tranched draft prospectus""]","[""commitment based on""]","[{""characteristics"": [], ""meta"": {""object_iri"": ""https://spec.edmcouncil.org/fibo/ontology/BP/SecuritiesIssuance/PrivateLabelMBSIssuance/TranchedDraftProspectus"", ""predicate_iri"": ""https://spec.edmcouncil.org/fibo/ontology/BP/SecuritiesIssuance/PrivateLabelMBSIssuance/commitmentBasedOn"", ""predicate_type"": ""object"", ""subject_iri"": ""https://spec.edmcouncil.org/fibo/ontology/BP/SecuritiesIssuance/PrivateLabelMBSIssuance/GetCommitmentFromInvestors""}, ""text"": ""get commitment from investors commitment based on tranched draft prospectus."", ""triple"": [""get commitment from investors"", ""commitment based on"", ""tranched draft prospectus""]}]",{}
L4_Business_Finance_Business_Finance_Financial_Industry_Business_Ontology_property_PrivateLabelMBSIssuance_00004,"In the Financial Industry Business Ontology, given the following set of classes and properties, construct only object- and data-property relationships. Do not output subClassOf triples. Output only triples in the form (subject, predicate, object).

Classes:
- assess pool suitability for issuance
- classifier
- close deal
- define notes parameters
- get commitment from investors
- issuance process activity
- make securities available in market
- occurrence kind
- purchase mortgage into pool
- tranched m b s deal

Object Properties:
- is issue of

Data Properties:
None",,"(make securities available in market, is issue of, tranched m b s deal)",3_4,L4,Property Relation Construction,Learning,Generation,triple_f1,Business_Finance,Business_Finance/Financial_Industry_Business_Ontology,bench_3_4/Business_Finance/Financial_Industry_Business_Ontology/BP/SecuritiesIssuance/PrivateLabelMBSIssuance/property_PrivateLabelMBSIssuance.json,3,,,,"(make securities available in market, is issue of, tranched m b s deal)","[""assess pool suitability for issuance"", ""classifier"", ""close deal"", ""define notes parameters"", ""get commitment from investors"", ""issuance process activity"", ""make securities available in market"", ""occurrence kind"", ""purchase mortgage into pool"", ""tranched m b s deal""]","[""is issue of""]","[{""characteristics"": [], ""meta"": {""object_iri"": ""https://spec.edmcouncil.org/fibo/ontology/SEC/Debt/CollateralizedDebtObligations/TranchedMBSDeal"", ""predicate_iri"": ""https://spec.edmcouncil.org/fibo/ontology/BP/SecuritiesIssuance/PrivateLabelMBSIssuance/isIssueOf"", ""predicate_type"": ""object"", ""subject_iri"": ""https://spec.edmcouncil.org/fibo/ontology/BP/SecuritiesIssuance/PrivateLabelMBSIssuance/MakeSecuritiesAvailableInMarket""}, ""text"": ""make securities available in market is issue of tranched m b s deal."", ""triple"": [""make securities available in market"", ""is issue of"", ""tranched m b s deal""]}]",{}
L4_Business_Finance_Business_Finance_Financial_Industry_Business_Ontology_property_PrivateLabelMBSIssuance_00005,"In the Financial Industry Business Ontology, given the following set of classes and properties, construct only object- and data-property relationships. Do not output subClassOf triples. Output only triples in the form (subject, predicate, object).

Classes:
- assess pool suitability for issuance
- classifier
- close deal
- draw up tranche termsheets
- get commitment from investors
- issuance process activity
- make securities available in market
- non agency mortgage pool
- occurrence kind
- purchase mortgage into pool

Object Properties:
- requires

Data Properties:
None",,"(draw up tranche termsheets, requires, non agency mortgage pool)",3_4,L4,Property Relation Construction,Learning,Generation,triple_f1,Business_Finance,Business_Finance/Financial_Industry_Business_Ontology,bench_3_4/Business_Finance/Financial_Industry_Business_Ontology/BP/SecuritiesIssuance/PrivateLabelMBSIssuance/property_PrivateLabelMBSIssuance.json,4,,,,"(draw up tranche termsheets, requires, non agency mortgage pool)","[""assess pool suitability for issuance"", ""classifier"", ""close deal"", ""draw up tranche termsheets"", ""get commitment from investors"", ""issuance process activity"", ""make securities available in market"", ""non agency mortgage pool"", ""occurrence kind"", ""purchase mortgage into pool""]","[""requires""]","[{""characteristics"": [], ""meta"": {""object_iri"": ""https://spec.edmcouncil.org/fibo/ontology/SEC/Debt/MortgageBackedSecurities/NonAgencyMortgagePool"", ""predicate_iri"": ""https://spec.edmcouncil.org/fibo/ontology/BP/SecuritiesIssuance/PrivateLabelMBSIssuance/requires"", ""predicate_type"": ""object"", ""subject_iri"": ""https://spec.edmcouncil.org/fibo/ontology/BP/SecuritiesIssuance/PrivateLabelMBSIssuance/DrawUpTrancheTermsheets""}, ""text"": ""draw up tranche termsheets requires non agency mortgage pool."", ""triple"": [""draw up tranche termsheets"", ""requires"", ""non agency mortgage pool""]}]",{}
L4_Business_Finance_Business_Finance_Financial_Industry_Business_Ontology_property_DerivativesMasterAgreements_00001,"In the Financial Industry Business Ontology, given the following set of classes and properties, construct only object- and data-property relationships. Do not output subClassOf triples. Output only triples in the form (subject, predicate, object).

Classes:
- constituent
- contractual commitment
- contractual definition
- contractual element
- credit event definition
- currency specification term
- master agreement conditions precedent
- master agreement contractual commitment
- master agreement element
- master agreement termination provision

Object Properties:
None

Data Properties:
- ongoing default
- transaction early termination date",,"(master agreement conditions precedent, ongoing default, boolean)
(master agreement conditions precedent, transaction early termination date, boolean)",3_4,L4,Property Relation Construction,Learning,Generation,triple_f1,Business_Finance,Business_Finance/Financial_Industry_Business_Ontology,bench_3_4/Business_Finance/Financial_Industry_Business_Ontology/DER/DerivativesContracts/DerivativesMasterAgreements/property_DerivativesMasterAgreements.json,0,,,,"(master agreement conditions precedent, ongoing default, boolean)
(master agreement conditions precedent, transaction early termination date, boolean)","[""constituent"", ""contractual commitment"", ""contractual definition"", ""contractual element"", ""credit event definition"", ""currency specification term"", ""master agreement conditions precedent"", ""master agreement contractual commitment"", ""master agreement element"", ""master agreement termination provision""]",[],"[{""characteristics"": [], ""meta"": {""object_iri"": null, ""predicate_iri"": ""https://spec.edmcouncil.org/fibo/ontology/DER/DerivativesContracts/DerivativesMasterAgreements/ongoingDefault"", ""predicate_type"": ""data"", ""subject_iri"": ""https://spec.edmcouncil.org/fibo/ontology/DER/DerivativesContracts/DerivativesMasterAgreements/MasterAgreementConditionsPrecedent""}, ""text"": ""master agreement conditions precedent ongoing default boolean."", ""triple"": [""master agreement conditions precedent"", ""ongoing default"", ""boolean""]}, {""characteristics"": [], ""meta"": {""object_iri"": null, ""predicate_iri"": ""https://spec.edmcouncil.org/fibo/ontology/DER/DerivativesContracts/DerivativesMasterAgreements/transactionEarlyTerminationDate"", ""predicate_type"": ""data"", ""subject_iri"": ""https://spec.edmcouncil.org/fibo/ontology/DER/DerivativesContracts/DerivativesMasterAgreements/MasterAgreementConditionsPrecedent""}, ""text"": ""master agreement conditions precedent transaction early termination date boolean."", ""triple"": [""master agreement conditions precedent"", ""transaction early termination date"", ""boolean""]}]",{}
L4_Business_Finance_Business_Finance_Financial_Industry_Business_Ontology_property_DerivativesMasterAgreements_00002,"In the Financial Industry Business Ontology, given the following set of classes and properties, construct only object- and data-property relationships. Do not output subClassOf triples. Output only triples in the form (subject, predicate, object).

Classes:
- contingent right
- contractual option
- contractual right
- credit event
- legal capacity
- legal construct
- master agreement early termination right
- master agreement right to termination following default event
- master agreement right to termination following termination event
- right

Object Properties:
- invoked in event of

Data Properties:
None",,"(master agreement right to termination following default event, invoked in event of, credit event)",3_4,L4,Property Relation Construction,Learning,Generation,triple_f1,Business_Finance,Business_Finance/Financial_Industry_Business_Ontology,bench_3_4/Business_Finance/Financial_Industry_Business_Ontology/DER/DerivativesContracts/DerivativesMasterAgreements/property_DerivativesMasterAgreements.json,1,,,,"(master agreement right to termination following default event, invoked in event of, credit event)","[""contingent right"", ""contractual option"", ""contractual right"", ""credit event"", ""legal capacity"", ""legal construct"", ""master agreement early termination right"", ""master agreement right to termination following default event"", ""master agreement right to termination following termination event"", ""right""]","[""invoked in event of""]","[{""characteristics"": [], ""meta"": {""object_iri"": ""https://spec.edmcouncil.org/fibo/ontology/FBC/DebtAndEquities/CreditEvents/CreditEvent"", ""predicate_iri"": ""https://spec.edmcouncil.org/fibo/ontology/DER/DerivativesContracts/DerivativesMasterAgreements/invokedInEventOf.1"", ""predicate_type"": ""object"", ""subject_iri"": ""https://spec.edmcouncil.org/fibo/ontology/DER/DerivativesContracts/DerivativesMasterAgreements/MasterAgreementRightToTerminationFollowingDefaultEvent""}, ""text"": ""master agreement right to termination following default event invoked in event of credit event."", ""triple"": [""master agreement right to termination following default event"", ""invoked in event of"", ""credit event""]}]",{}
L4_Business_Finance_Business_Finance_Financial_Industry_Business_Ontology_property_DerivativesMasterAgreements_00003,"In the Financial Industry Business Ontology, given the following set of classes and properties, construct only object- and data-property relationships. Do not output subClassOf triples. Output only triples in the form (subject, predicate, object).

Classes:
- constituent
- contractual commitment
- contractual element
- cross default provisions
- debt terms
- master agreement contractual commitment
- master agreement element
- master agreement obligations terms
- mutual commitment
- netting terms

Object Properties:
None

Data Properties:
- automatic netting applicable
- cross transaction netting election
- specified indebtedness",,"(cross default provisions, specified indebtedness, string)
(netting terms, automatic netting applicable, boolean)
(netting terms, cross transaction netting election, boolean)",3_4,L4,Property Relation Construction,Learning,Generation,triple_f1,Business_Finance,Business_Finance/Financial_Industry_Business_Ontology,bench_3_4/Business_Finance/Financial_Industry_Business_Ontology/DER/DerivativesContracts/DerivativesMasterAgreements/property_DerivativesMasterAgreements.json,2,,,,"(cross default provisions, specified indebtedness, string)
(netting terms, automatic netting applicable, boolean)
(netting terms, cross transaction netting election, boolean)","[""constituent"", ""contractual commitment"", ""contractual element"", ""cross default provisions"", ""debt terms"", ""master agreement contractual commitment"", ""master agreement element"", ""master agreement obligations terms"", ""mutual commitment"", ""netting terms""]",[],"[{""characteristics"": [], ""meta"": {""object_iri"": null, ""predicate_iri"": ""https://spec.edmcouncil.org/fibo/ontology/DER/DerivativesContracts/DerivativesMasterAgreements/specifiedIndebtedness"", ""predicate_type"": ""data"", ""subject_iri"": ""https://spec.edmcouncil.org/fibo/ontology/DER/DerivativesContracts/DerivativesMasterAgreements/CrossDefaultProvisions""}, ""text"": ""cross default provisions specified indebtedness string."", ""triple"": [""cross default provisions"", ""specified indebtedness"", ""string""]}, {""characteristics"": [], ""meta"": {""object_iri"": null, ""predicate_iri"": ""https://spec.edmcouncil.org/fibo/ontology/DER/DerivativesContracts/DerivativesMasterAgreements/automaticNettingApplicable"", ""predicate_type"": ""data"", ""subject_iri"": ""https://spec.edmcouncil.org/fibo/ontology/DER/DerivativesContracts/DerivativesMasterAgreements/NettingTerms""}, ""text"": ""netting terms automatic netting applicable boolean."", ""triple"": [""netting terms"", ""automatic netting applicable"", ""boolean""]}, {""characteristics"": [], ""meta"": {""object_iri"": null, ""predicate_iri"": ""https://spec.edmcouncil.org/fibo/ontology/DER/DerivativesContracts/DerivativesMasterAgreements/crossTransactionNettingElection"", ""predicate_type"": ""data"", ""subject_iri"": ""https://spec.edmcouncil.org/fibo/ontology/DER/DerivativesContracts/DerivativesMasterAgreements/NettingTerms""}, ""text"": ""netting terms cross transaction netting election boolean."", ""triple"": [""netting terms"", ""cross transaction netting election"", ""boolean""]}]",{}
L4_Business_Finance_Business_Finance_Financial_Industry_Business_Ontology_property_DerivativesMasterAgreements_00004,"In the Financial Industry Business Ontology, given the following set of classes and properties, construct only object- and data-property relationships. Do not output subClassOf triples. Output only triples in the form (subject, predicate, object).

Classes:
- contingent obligation
- contractual obligation
- duty
- interest obligation in light of default
- legal obligation
- master agreement account change notification obligation
- master agreement change notification obligation
- obligation in respect of netting
- payment obligation
- tax withholding obligation

Object Properties:
None

Data Properties:
- change of account details allowed
- discharged by netting
- freely transferable funds
- required days notice
- subject to other provisions",,"(master agreement account change notification obligation, change of account details allowed, boolean)
(master agreement change notification obligation, required days notice, integer)
(obligation in respect of netting, discharged by netting, boolean)
(payment obligation, freely transferable funds, boolean)
(payment obligation, subject to other provisions, boolean)",3_4,L4,Property Relation Construction,Learning,Generation,triple_f1,Business_Finance,Business_Finance/Financial_Industry_Business_Ontology,bench_3_4/Business_Finance/Financial_Industry_Business_Ontology/DER/DerivativesContracts/DerivativesMasterAgreements/property_DerivativesMasterAgreements.json,3,,,,"(master agreement account change notification obligation, change of account details allowed, boolean)
(master agreement change notification obligation, required days notice, integer)
(obligation in respect of netting, discharged by netting, boolean)
(payment obligation, freely transferable funds, boolean)
(payment obligation, subject to other provisions, boolean)","[""contingent obligation"", ""contractual obligation"", ""duty"", ""interest obligation in light of default"", ""legal obligation"", ""master agreement account change notification obligation"", ""master agreement change notification obligation"", ""obligation in respect of netting"", ""payment obligation"", ""tax withholding obligation""]",[],"[{""characteristics"": [], ""meta"": {""object_iri"": null, ""predicate_iri"": ""https://spec.edmcouncil.org/fibo/ontology/DER/DerivativesContracts/DerivativesMasterAgreements/changeOfAccountDetailsAllowed"", ""predicate_type"": ""data"", ""subject_iri"": ""https://spec.edmcouncil.org/fibo/ontology/DER/DerivativesContracts/DerivativesMasterAgreements/MasterAgreementAccountChangeNotificationObligation""}, ""text"": ""master agreement account change notification obligation change of account details allowed boolean."", ""triple"": [""master agreement account change notification obligation"", ""change of account details allowed"", ""boolean""]}, {""characteristics"": [], ""meta"": {""object_iri"": null, ""predicate_iri"": ""https://spec.edmcouncil.org/fibo/ontology/DER/DerivativesContracts/DerivativesMasterAgreements/requiredDaysNotice"", ""predicate_type"": ""data"", ""subject_iri"": ""https://spec.edmcouncil.org/fibo/ontology/DER/DerivativesContracts/DerivativesMasterAgreements/MasterAgreementChangeNotificationObligation""}, ""text"": ""master agreement change notification obligation required days notice integer."", ""triple"": [""master agreement change notification obligation"", ""required days notice"", ""integer""]}, {""characteristics"": [], ""meta"": {""object_iri"": null, ""predicate_iri"": ""https://spec.edmcouncil.org/fibo/ontology/DER/DerivativesContracts/DerivativesMasterAgreements/dischargedByNetting"", ""predicate_type"": ""data"", ""subject_iri"": ""https://spec.edmcouncil.org/fibo/ontology/DER/DerivativesContracts/DerivativesMasterAgreements/ObligationInRespectOfNetting""}, ""text"": ""obligation in respect of netting discharged by netting boolean."", ""triple"": [""obligation in respect of netting"", ""discharged by netting"", ""boolean""]}, {""characteristics"": [], ""meta"": {""object_iri"": null, ""predicate_iri"": ""https://spec.edmcouncil.org/fibo/ontology/DER/DerivativesContracts/DerivativesMasterAgreements/freelyTransferableFunds"", ""predicate_type"": ""data"", ""subject_iri"": ""https://spec.edmcouncil.org/fibo/ontology/DER/DerivativesContracts/DerivativesMasterAgreements/PaymentObligation""}, ""text"": ""payment obligation freely transferable funds boolean."", ""triple"": [""payment obligation"", ""freely transferable funds"", ""boolean""]}, {""characteristics"": [], ""meta"": {""object_iri"": null, ""predicate_iri"": ""https://spec.edmcouncil.org/fibo/ontology/DER/DerivativesContracts/DerivativesMasterAgreements/subjectToOtherProvisions"", ""predicate_type"": ""data"", ""subject_iri"": ""https://spec.edmcouncil.org/fibo/ontology/DER/DerivativesContracts/DerivativesMasterAgreements/PaymentObligation""}, ""text"": ""payment obligation subject to other provisions boolean."", ""triple"": [""payment obligation"", ""subject to other provisions"", ""boolean""]}]",{}
L4_Business_Finance_Business_Finance_Financial_Industry_Business_Ontology_property_ExoticOptions_00001,"In the Financial Industry Business Ontology, given the following set of classes and properties, construct only object- and data-property relationships. Do not output subClassOf triples. Output only triples in the form (subject, predicate, object).

Classes:
- barrier option
- derivative instrument
- digital option
- double barrier option
- exotic option
- knock-in option
- knock-out option
- option
- over-the-counter derivative instrument
- over-the-counter instrument

Object Properties:
None

Data Properties:
- has monitoring frequency
- is above strike price",,"(barrier option, has monitoring frequency, integer)
(barrier option, is above strike price, boolean)",3_4,L4,Property Relation Construction,Learning,Generation,triple_f1,Business_Finance,Business_Finance/Financial_Industry_Business_Ontology,bench_3_4/Business_Finance/Financial_Industry_Business_Ontology/DER/DerivativesContracts/ExoticOptions/property_ExoticOptions.json,0,,,,"(barrier option, has monitoring frequency, integer)
(barrier option, is above strike price, boolean)","[""barrier option"", ""derivative instrument"", ""digital option"", ""double barrier option"", ""exotic option"", ""knock-in option"", ""knock-out option"", ""option"", ""over-the-counter derivative instrument"", ""over-the-counter instrument""]",[],"[{""characteristics"": [], ""meta"": {""object_iri"": null, ""predicate_iri"": ""https://spec.edmcouncil.org/fibo/ontology/DER/DerivativesContracts/ExoticOptions/hasMonitoringFrequency"", ""predicate_type"": ""data"", ""subject_iri"": ""https://spec.edmcouncil.org/fibo/ontology/DER/DerivativesContracts/ExoticOptions/BarrierOption""}, ""text"": ""barrier option has monitoring frequency integer."", ""triple"": [""barrier option"", ""has monitoring frequency"", ""integer""]}, {""characteristics"": [], ""meta"": {""object_iri"": null, ""predicate_iri"": ""https://spec.edmcouncil.org/fibo/ontology/DER/DerivativesContracts/ExoticOptions/isAboveStrikePrice"", ""predicate_type"": ""data"", ""subject_iri"": ""https://spec.edmcouncil.org/fibo/ontology/DER/DerivativesContracts/ExoticOptions/BarrierOption""}, ""text"": ""barrier option is above strike price boolean."", ""triple"": [""barrier option"", ""is above strike price"", ""boolean""]}]",{}
L4_Business_Finance_Business_Finance_Financial_Industry_Business_Ontology_property_ExoticOptions_00002,"In the Financial Industry Business Ontology, given the following set of classes and properties, construct only object- and data-property relationships. Do not output subClassOf triples. Output only triples in the form (subject, predicate, object).

Classes:
- Asian option
- barrier option
- call option
- chooser option
- cliquet option
- exotic option
- low exercise price option
- option
- over-the-counter derivative instrument
- over-the-counter instrument

Object Properties:
None

Data Properties:
- has monitoring frequency
- is above strike price
- uses weighted average",,"(Asian option, uses weighted average, boolean)
(barrier option, has monitoring frequency, integer)
(barrier option, is above strike price, boolean)",3_4,L4,Property Relation Construction,Learning,Generation,triple_f1,Business_Finance,Business_Finance/Financial_Industry_Business_Ontology,bench_3_4/Business_Finance/Financial_Industry_Business_Ontology/DER/DerivativesContracts/ExoticOptions/property_ExoticOptions.json,1,,,,"(Asian option, uses weighted average, boolean)
(barrier option, has monitoring frequency, integer)
(barrier option, is above strike price, boolean)","[""Asian option"", ""barrier option"", ""call option"", ""chooser option"", ""cliquet option"", ""exotic option"", ""low exercise price option"", ""option"", ""over-the-counter derivative instrument"", ""over-the-counter instrument""]",[],"[{""characteristics"": [], ""meta"": {""object_iri"": null, ""predicate_iri"": ""https://spec.edmcouncil.org/fibo/ontology/DER/DerivativesContracts/ExoticOptions/usesWeightedAverage"", ""predicate_type"": ""data"", ""subject_iri"": ""https://spec.edmcouncil.org/fibo/ontology/DER/DerivativesContracts/ExoticOptions/AsianOption""}, ""text"": ""Asian option uses weighted average boolean."", ""triple"": [""Asian option"", ""uses weighted average"", ""boolean""]}, {""characteristics"": [], ""meta"": {""object_iri"": null, ""predicate_iri"": ""https://spec.edmcouncil.org/fibo/ontology/DER/DerivativesContracts/ExoticOptions/hasMonitoringFrequency"", ""predicate_type"": ""data"", ""subject_iri"": ""https://spec.edmcouncil.org/fibo/ontology/DER/DerivativesContracts/ExoticOptions/BarrierOption""}, ""text"": ""barrier option has monitoring frequency integer."", ""triple"": [""barrier option"", ""has monitoring frequency"", ""integer""]}, {""characteristics"": [], ""meta"": {""object_iri"": null, ""predicate_iri"": ""https://spec.edmcouncil.org/fibo/ontology/DER/DerivativesContracts/ExoticOptions/isAboveStrikePrice"", ""predicate_type"": ""data"", ""subject_iri"": ""https://spec.edmcouncil.org/fibo/ontology/DER/DerivativesContracts/ExoticOptions/BarrierOption""}, ""text"": ""barrier option is above strike price boolean."", ""triple"": [""barrier option"", ""is above strike price"", ""boolean""]}]",{}
L4_Business_Finance_Business_Finance_Financial_Industry_Business_Ontology_property_FuturesAndForwards_00001,"In the Financial Industry Business Ontology, given the following set of classes and properties, construct only object- and data-property relationships. Do not output subClassOf triples. Output only triples in the form (subject, predicate, object).

Classes:
- bond future
- debt instrument derivative
- debt instrument future
- derivative instrument
- dividend future
- equity future
- financial future
- future
- money market future
- security-based derivative

Object Properties:
None

Data Properties:
- has conversion factor",,"(bond future, has conversion factor, float)",3_4,L4,Property Relation Construction,Learning,Generation,triple_f1,Business_Finance,Business_Finance/Financial_Industry_Business_Ontology,bench_3_4/Business_Finance/Financial_Industry_Business_Ontology/DER/DerivativesContracts/FuturesAndForwards/property_FuturesAndForwards.json,0,,,,"(bond future, has conversion factor, float)","[""bond future"", ""debt instrument derivative"", ""debt instrument future"", ""derivative instrument"", ""dividend future"", ""equity future"", ""financial future"", ""future"", ""money market future"", ""security-based derivative""]",[],"[{""characteristics"": [], ""meta"": {""object_iri"": null, ""predicate_iri"": ""https://spec.edmcouncil.org/fibo/ontology/DER/DerivativesContracts/FuturesAndForwards/hasConversionFactor"", ""predicate_type"": ""data"", ""subject_iri"": ""https://spec.edmcouncil.org/fibo/ontology/DER/DerivativesContracts/FuturesAndForwards/BondFuture""}, ""text"": ""bond future has conversion factor float."", ""triple"": [""bond future"", ""has conversion factor"", ""float""]}]",{}
L4_Business_Finance_Business_Finance_Financial_Industry_Business_Ontology_property_RightsAndWarrants_00001,"In the Financial Industry Business Ontology, given the following set of classes and properties, construct only object- and data-property relationships. Do not output subClassOf triples. Output only triples in the form (subject, predicate, object).

Classes:
- call put warrant
- call warrant
- commodity derivative
- commodity warrant
- derivative instrument
- entitlement
- equity warrant
- public warrant
- put warrant
- warrant

Object Properties:
None

Data Properties:
- has conversion ratio
- has oversubscribe option",,"(entitlement, has conversion ratio, float)
(entitlement, has oversubscribe option, boolean)",3_4,L4,Property Relation Construction,Learning,Generation,triple_f1,Business_Finance,Business_Finance/Financial_Industry_Business_Ontology,bench_3_4/Business_Finance/Financial_Industry_Business_Ontology/DER/DerivativesContracts/RightsAndWarrants/property_RightsAndWarrants.json,0,,,,"(entitlement, has conversion ratio, float)
(entitlement, has oversubscribe option, boolean)","[""call put warrant"", ""call warrant"", ""commodity derivative"", ""commodity warrant"", ""derivative instrument"", ""entitlement"", ""equity warrant"", ""public warrant"", ""put warrant"", ""warrant""]",[],"[{""characteristics"": [], ""meta"": {""object_iri"": null, ""predicate_iri"": ""https://spec.edmcouncil.org/fibo/ontology/DER/DerivativesContracts/RightsAndWarrants/hasConversionRatio"", ""predicate_type"": ""data"", ""subject_iri"": ""https://spec.edmcouncil.org/fibo/ontology/FBC/FinancialInstruments/FinancialInstruments/Entitlement""}, ""text"": ""entitlement has conversion ratio float."", ""triple"": [""entitlement"", ""has conversion ratio"", ""float""]}, {""characteristics"": [], ""meta"": {""object_iri"": null, ""predicate_iri"": ""https://spec.edmcouncil.org/fibo/ontology/DER/DerivativesContracts/RightsAndWarrants/hasOversubscribeOption"", ""predicate_type"": ""data"", ""subject_iri"": ""https://spec.edmcouncil.org/fibo/ontology/FBC/FinancialInstruments/FinancialInstruments/Entitlement""}, ""text"": ""entitlement has oversubscribe option boolean."", ""triple"": [""entitlement"", ""has oversubscribe option"", ""boolean""]}]",{}
L4_Business_Finance_Business_Finance_Financial_Industry_Business_Ontology_property_CreditEvents_00001,"In the Financial Industry Business Ontology, given the following set of classes and properties, construct only object- and data-property relationships. Do not output subClassOf triples. Output only triples in the form (subject, predicate, object).

Classes:
- credit event
- default event
- maturity extension
- obligation acceleration
- obligation default
- obligation restructuring
- obligation-specific credit event
- occurrence
- repudiation
- write-down

Object Properties:
None

Data Properties:
- involves multiple events",,"(obligation restructuring, involves multiple events, boolean)",3_4,L4,Property Relation Construction,Learning,Generation,triple_f1,Business_Finance,Business_Finance/Financial_Industry_Business_Ontology,bench_3_4/Business_Finance/Financial_Industry_Business_Ontology/FBC/DebtAndEquities/CreditEvents/property_CreditEvents.json,0,,,,"(obligation restructuring, involves multiple events, boolean)","[""credit event"", ""default event"", ""maturity extension"", ""obligation acceleration"", ""obligation default"", ""obligation restructuring"", ""obligation-specific credit event"", ""occurrence"", ""repudiation"", ""write-down""]",[],"[{""characteristics"": [], ""meta"": {""object_iri"": null, ""predicate_iri"": ""https://spec.edmcouncil.org/fibo/ontology/FBC/DebtAndEquities/CreditEvents/involvesMultipleEvents"", ""predicate_type"": ""data"", ""subject_iri"": ""https://spec.edmcouncil.org/fibo/ontology/FBC/DebtAndEquities/CreditEvents/ObligationRestructuring""}, ""text"": ""obligation restructuring involves multiple events boolean."", ""triple"": [""obligation restructuring"", ""involves multiple events"", ""boolean""]}]",{}
L4_Business_Finance_Business_Finance_Financial_Industry_Business_Ontology_property_Guaranty_00001,"In the Financial Industry Business Ontology, given the following set of classes and properties, construct only object- and data-property relationships. Do not output subClassOf triples. Output only triples in the form (subject, predicate, object).

Classes:
- collateralized guaranty
- commitment
- government guaranty
- guarantor
- guaranty
- insurance-backed guaranty
- joint guaranty
- negative pledge
- program
- situation

Object Properties:
- is guaranteed by

Data Properties:
None",,"(guaranty, is guaranteed by, guarantor)",3_4,L4,Property Relation Construction,Learning,Generation,triple_f1,Business_Finance,Business_Finance/Financial_Industry_Business_Ontology,bench_3_4/Business_Finance/Financial_Industry_Business_Ontology/FBC/DebtAndEquities/Guaranty/property_Guaranty.json,0,,,,"(guaranty, is guaranteed by, guarantor)","[""collateralized guaranty"", ""commitment"", ""government guaranty"", ""guarantor"", ""guaranty"", ""insurance-backed guaranty"", ""joint guaranty"", ""negative pledge"", ""program"", ""situation""]","[""is guaranteed by""]","[{""characteristics"": [], ""meta"": {""object_iri"": ""https://spec.edmcouncil.org/fibo/ontology/FBC/DebtAndEquities/Guaranty/Guarantor"", ""predicate_iri"": ""https://spec.edmcouncil.org/fibo/ontology/FBC/DebtAndEquities/Guaranty/isGuaranteedBy"", ""predicate_type"": ""object"", ""subject_iri"": ""https://spec.edmcouncil.org/fibo/ontology/FBC/DebtAndEquities/Guaranty/Guaranty""}, ""text"": ""guaranty is guaranteed by guarantor."", ""triple"": [""guaranty"", ""is guaranteed by"", ""guarantor""]}]",{}
L4_Business_Finance_Business_Finance_Financial_Industry_Business_Ontology_property_FinancialInstruments_00001,"In the Financial Industry Business Ontology, given the following set of classes and properties, construct only object- and data-property relationships. Do not output subClassOf triples. Output only triples in the form (subject, predicate, object).

Classes:
- cash instrument
- commodity instrument
- contract
- credit agreement
- currency instrument
- debt instrument
- derivative instrument
- financial instrument
- security
- written contract

Object Properties:
None

Data Properties:
- is negotiable",,"(financial instrument, is negotiable, boolean)",3_4,L4,Property Relation Construction,Learning,Generation,triple_f1,Business_Finance,Business_Finance/Financial_Industry_Business_Ontology,bench_3_4/Business_Finance/Financial_Industry_Business_Ontology/FBC/FinancialInstruments/FinancialInstruments/property_FinancialInstruments.json,0,,,,"(financial instrument, is negotiable, boolean)","[""cash instrument"", ""commodity instrument"", ""contract"", ""credit agreement"", ""currency instrument"", ""debt instrument"", ""derivative instrument"", ""financial instrument"", ""security"", ""written contract""]",[],"[{""characteristics"": [], ""meta"": {""object_iri"": null, ""predicate_iri"": ""https://spec.edmcouncil.org/fibo/ontology/FBC/FinancialInstruments/FinancialInstruments/isNegotiable"", ""predicate_type"": ""data"", ""subject_iri"": ""https://spec.edmcouncil.org/fibo/ontology/FBC/FinancialInstruments/FinancialInstruments/FinancialInstrument""}, ""text"": ""financial instrument is negotiable boolean."", ""triple"": [""financial instrument"", ""is negotiable"", ""boolean""]}]",{}
L4_Business_Finance_Business_Finance_Financial_Industry_Business_Ontology_property_InstrumentPricing_00001,"In the Financial Industry Business Ontology, given the following set of classes and properties, construct only object- and data-property relationships. Do not output subClassOf triples. Output only triples in the form (subject, predicate, object).

Classes:
- adjusted closing price
- bid price
- closing price
- intra day price
- market price
- monetary amount
- monetary price
- official closing price
- opening price
- security price

Object Properties:
None

Data Properties:
- has book depth
- has quote lot size",,"(security price, has book depth, integer)
(security price, has quote lot size, float)",3_4,L4,Property Relation Construction,Learning,Generation,triple_f1,Business_Finance,Business_Finance/Financial_Industry_Business_Ontology,bench_3_4/Business_Finance/Financial_Industry_Business_Ontology/FBC/FinancialInstruments/InstrumentPricing/property_InstrumentPricing.json,0,,,,"(security price, has book depth, integer)
(security price, has quote lot size, float)","[""adjusted closing price"", ""bid price"", ""closing price"", ""intra day price"", ""market price"", ""monetary amount"", ""monetary price"", ""official closing price"", ""opening price"", ""security price""]",[],"[{""characteristics"": [], ""meta"": {""object_iri"": null, ""predicate_iri"": ""https://spec.edmcouncil.org/fibo/ontology/FBC/FinancialInstruments/InstrumentPricing/hasBookDepth"", ""predicate_type"": ""data"", ""subject_iri"": ""https://spec.edmcouncil.org/fibo/ontology/FBC/FinancialInstruments/InstrumentPricing/SecurityPrice""}, ""text"": ""security price has book depth integer."", ""triple"": [""security price"", ""has book depth"", ""integer""]}, {""characteristics"": [], ""meta"": {""object_iri"": null, ""predicate_iri"": ""https://spec.edmcouncil.org/fibo/ontology/FBC/FinancialInstruments/InstrumentPricing/hasQuoteLotSize"", ""predicate_type"": ""data"", ""subject_iri"": ""https://spec.edmcouncil.org/fibo/ontology/FBC/FinancialInstruments/InstrumentPricing/SecurityPrice""}, ""text"": ""security price has quote lot size float."", ""triple"": [""security price"", ""has quote lot size"", ""float""]}]",{}
L4_Business_Finance_Business_Finance_Financial_Industry_Business_Ontology_property_Settlement_00001,"In the Financial Industry Business Ontology, given the following set of classes and properties, construct only object- and data-property relationships. Do not output subClassOf triples. Output only triples in the form (subject, predicate, object).

Classes:
- cash settlement terms
- constituent
- contractual commitment
- contractual element
- debt terms
- delivery method
- mutual commitment
- netting provision
- physical settlement terms
- settlement terms

Object Properties:
- has settlement method

Data Properties:
- is fractional eligible
- is fully automated securities transfer applicable",,"(settlement terms, has settlement method, delivery method)
(settlement terms, is fractional eligible, boolean)
(settlement terms, is fully automated securities transfer applicable, boolean)",3_4,L4,Property Relation Construction,Learning,Generation,triple_f1,Business_Finance,Business_Finance/Financial_Industry_Business_Ontology,bench_3_4/Business_Finance/Financial_Industry_Business_Ontology/FBC/FinancialInstruments/Settlement/property_Settlement.json,0,,,,"(settlement terms, has settlement method, delivery method)
(settlement terms, is fractional eligible, boolean)
(settlement terms, is fully automated securities transfer applicable, boolean)","[""cash settlement terms"", ""constituent"", ""contractual commitment"", ""contractual element"", ""debt terms"", ""delivery method"", ""mutual commitment"", ""netting provision"", ""physical settlement terms"", ""settlement terms""]","[""has settlement method""]","[{""characteristics"": [], ""meta"": {""object_iri"": ""https://spec.edmcouncil.org/fibo/ontology/FBC/FinancialInstruments/Settlement/DeliveryMethod"", ""predicate_iri"": ""https://spec.edmcouncil.org/fibo/ontology/FBC/FinancialInstruments/Settlement/hasDeliveryMethod"", ""predicate_type"": ""object"", ""subject_iri"": ""https://spec.edmcouncil.org/fibo/ontology/FBC/ProductsAndServices/FinancialProductsAndServices/SettlementTerms""}, ""text"": ""settlement terms has settlement method delivery method."", ""triple"": [""settlement terms"", ""has settlement method"", ""delivery method""]}, {""characteristics"": [], ""meta"": {""object_iri"": null, ""predicate_iri"": ""https://spec.edmcouncil.org/fibo/ontology/FBC/FinancialInstruments/Settlement/isFractionalEligible"", ""predicate_type"": ""data"", ""subject_iri"": ""https://spec.edmcouncil.org/fibo/ontology/FBC/ProductsAndServices/FinancialProductsAndServices/SettlementTerms""}, ""text"": ""settlement terms is fractional eligible boolean."", ""triple"": [""settlement terms"", ""is fractional eligible"", ""boolean""]}, {""characteristics"": [], ""meta"": {""object_iri"": null, ""predicate_iri"": ""https://spec.edmcouncil.org/fibo/ontology/FBC/FinancialInstruments/Settlement/isFullyAutomatedSecuritiesTransferApplicable"", ""predicate_type"": ""data"", ""subject_iri"": ""https://spec.edmcouncil.org/fibo/ontology/FBC/ProductsAndServices/FinancialProductsAndServices/SettlementTerms""}, ""text"": ""settlement terms is fully automated securities transfer applicable boolean."", ""triple"": [""settlement terms"", ""is fully automated securities transfer applicable"", ""boolean""]}]",{}
L4_Business_Finance_Business_Finance_Financial_Industry_Business_Ontology_property_USFinancialServicesEntities_00001,"In the Financial Industry Business Ontology, given the following set of classes and properties, construct only object- and data-property relationships. Do not output subClassOf triples. Output only triples in the form (subject, predicate, object).

Classes:
- U.S. credit union
- credit union
- domestic entity
- federal savings bank
- financial service provider
- mutual savings bank
- savings association
- savings bank
- state savings bank
- thrift institution

Object Properties:
None

Data Properties:
- is subject to reserve requirements",,"(financial service provider, is subject to reserve requirements, boolean)",3_4,L4,Property Relation Construction,Learning,Generation,triple_f1,Business_Finance,Business_Finance/Financial_Industry_Business_Ontology,bench_3_4/Business_Finance/Financial_Industry_Business_Ontology/FBC/FunctionalEntities/NorthAmericanEntities/USFinancialServicesEntities/property_USFinancialServicesEntities.json,0,,,,"(financial service provider, is subject to reserve requirements, boolean)","[""U.S. credit union"", ""credit union"", ""domestic entity"", ""federal savings bank"", ""financial service provider"", ""mutual savings bank"", ""savings association"", ""savings bank"", ""state savings bank"", ""thrift institution""]",[],"[{""characteristics"": [], ""meta"": {""object_iri"": null, ""predicate_iri"": ""https://spec.edmcouncil.org/fibo/ontology/FBC/FunctionalEntities/NorthAmericanEntities/USFinancialServicesEntities/isSubjectToReserveRequirements"", ""predicate_type"": ""data"", ""subject_iri"": ""https://spec.edmcouncil.org/fibo/ontology/FBC/ProductsAndServices/FinancialProductsAndServices/FinancialServiceProvider""}, ""text"": ""financial service provider is subject to reserve requirements boolean."", ""triple"": [""financial service provider"", ""is subject to reserve requirements"", ""boolean""]}]",{}
L4_Business_Finance_Business_Finance_Financial_Industry_Business_Ontology_property_ClientsAndAccounts_00001,"In the Financial Industry Business Ontology, given the following set of classes and properties, construct only object- and data-property relationships. Do not output subClassOf triples. Output only triples in the form (subject, predicate, object).

Classes:
- account
- banking product
- brokerage account
- customer account
- deposit account
- investment account
- investment or deposit account
- ledger account
- loan or credit account
- transaction deposit account

Object Properties:
- is linked to account

Data Properties:
None",,"(customer account, is linked to account, customer account)",3_4,L4,Property Relation Construction,Learning,Generation,triple_f1,Business_Finance,Business_Finance/Financial_Industry_Business_Ontology,bench_3_4/Business_Finance/Financial_Industry_Business_Ontology/FBC/ProductsAndServices/ClientsAndAccounts/property_ClientsAndAccounts.json,0,,,,"(customer account, is linked to account, customer account)","[""account"", ""banking product"", ""brokerage account"", ""customer account"", ""deposit account"", ""investment account"", ""investment or deposit account"", ""ledger account"", ""loan or credit account"", ""transaction deposit account""]","[""is linked to account""]","[{""characteristics"": [], ""meta"": {""object_iri"": ""https://spec.edmcouncil.org/fibo/ontology/FBC/ProductsAndServices/ClientsAndAccounts/CustomerAccount"", ""predicate_iri"": ""https://spec.edmcouncil.org/fibo/ontology/FBC/ProductsAndServices/ClientsAndAccounts/isLinkedToAccount"", ""predicate_type"": ""object"", ""subject_iri"": ""https://spec.edmcouncil.org/fibo/ontology/FBC/ProductsAndServices/ClientsAndAccounts/CustomerAccount""}, ""text"": ""customer account is linked to account customer account."", ""triple"": [""customer account"", ""is linked to account"", ""customer account""]}]",{}
L4_Business_Finance_Business_Finance_Financial_Industry_Business_Ontology_property_CurrencyAmount_00001,"In the Financial Industry Business Ontology, given the following set of classes and properties, construct only object- and data-property relationships. Do not output subClassOf triples. Output only triples in the form (subject, predicate, object).

Classes:
- Reference
- arbitrary unit
- base unit
- currency
- funds
- measurement reference
- measurement unit
- physical unit
- scalar quantity
- unit of account

Object Properties:
None

Data Properties:
- has funds type",,"(funds, has funds type, string)",3_4,L4,Property Relation Construction,Learning,Generation,triple_f1,Business_Finance,Business_Finance/Financial_Industry_Business_Ontology,bench_3_4/Business_Finance/Financial_Industry_Business_Ontology/FND/Accounting/CurrencyAmount/property_CurrencyAmount.json,0,,,,"(funds, has funds type, string)","[""Reference"", ""arbitrary unit"", ""base unit"", ""currency"", ""funds"", ""measurement reference"", ""measurement unit"", ""physical unit"", ""scalar quantity"", ""unit of account""]",[],"[{""characteristics"": [], ""meta"": {""object_iri"": null, ""predicate_iri"": ""https://spec.edmcouncil.org/fibo/ontology/FND/Accounting/CurrencyAmount/hasFundsType"", ""predicate_type"": ""data"", ""subject_iri"": ""https://spec.edmcouncil.org/fibo/ontology/FND/Accounting/CurrencyAmount/Funds""}, ""text"": ""funds has funds type string."", ""triple"": [""funds"", ""has funds type"", ""string""]}]",{}
L4_Business_Finance_Business_Finance_Financial_Industry_Business_Ontology_property_People_00001,"In the Financial Industry Business Ontology, given the following set of classes and properties, construct only object- and data-property relationships. Do not output subClassOf triples. Output only triples in the form (subject, predicate, object).

Classes:
- adult
- agent
- automated system
- date of death
- incapacitated adult
- legal working age person
- legally capable adult
- minor
- party
- person

Object Properties:
- has date of death

Data Properties:
- has gender",,"(person, has date of death, date of death)
(person, has gender, string)",3_4,L4,Property Relation Construction,Learning,Generation,triple_f1,Business_Finance,Business_Finance/Financial_Industry_Business_Ontology,bench_3_4/Business_Finance/Financial_Industry_Business_Ontology/FND/AgentsAndPeople/People/property_People.json,0,,,,"(person, has date of death, date of death)
(person, has gender, string)","[""adult"", ""agent"", ""automated system"", ""date of death"", ""incapacitated adult"", ""legal working age person"", ""legally capable adult"", ""minor"", ""party"", ""person""]","[""has date of death""]","[{""characteristics"": [], ""meta"": {""object_iri"": ""https://spec.edmcouncil.org/fibo/ontology/FND/AgentsAndPeople/People/DateOfDeath"", ""predicate_iri"": ""https://spec.edmcouncil.org/fibo/ontology/FND/AgentsAndPeople/People/hasDateOfDeath"", ""predicate_type"": ""object"", ""subject_iri"": ""https://spec.edmcouncil.org/fibo/ontology/FND/AgentsAndPeople/People/Person""}, ""text"": ""person has date of death date of death."", ""triple"": [""person"", ""has date of death"", ""date of death""]}, {""characteristics"": [], ""meta"": {""object_iri"": null, ""predicate_iri"": ""https://spec.edmcouncil.org/fibo/ontology/FND/AgentsAndPeople/People/hasGender"", ""predicate_type"": ""data"", ""subject_iri"": ""https://spec.edmcouncil.org/fibo/ontology/FND/AgentsAndPeople/People/Person""}, ""text"": ""person has gender string."", ""triple"": [""person"", ""has gender"", ""string""]}]",{}
L4_Business_Finance_Business_Finance_Financial_Industry_Business_Ontology_property_Contracts_00001,"In the Financial Industry Business Ontology, given the following set of classes and properties, construct only object- and data-property relationships. Do not output subClassOf triples. Output only triples in the form (subject, predicate, object).

Classes:
- agreement
- assignable contract
- collateral agreement
- contract
- master agreement
- mutual contractual agreement
- novateable contract
- situation
- transferable contract
- written contract

Object Properties:
- is primary contract for
- is subordinate to
- supersedes

Data Properties:
- is assignable",,"(contract, is assignable, boolean)
(contract, supersedes, contract)
(written contract, is primary contract for, written contract)
(written contract, is subordinate to, written contract)",3_4,L4,Property Relation Construction,Learning,Generation,triple_f1,Business_Finance,Business_Finance/Financial_Industry_Business_Ontology,bench_3_4/Business_Finance/Financial_Industry_Business_Ontology/FND/Agreements/Contracts/property_Contracts.json,0,,,,"(contract, is assignable, boolean)
(contract, supersedes, contract)
(written contract, is primary contract for, written contract)
(written contract, is subordinate to, written contract)","[""agreement"", ""assignable contract"", ""collateral agreement"", ""contract"", ""master agreement"", ""mutual contractual agreement"", ""novateable contract"", ""situation"", ""transferable contract"", ""written contract""]","[""is primary contract for"", ""is subordinate to"", ""supersedes""]","[{""characteristics"": [], ""meta"": {""object_iri"": null, ""predicate_iri"": ""https://spec.edmcouncil.org/fibo/ontology/FND/Agreements/Contracts/isAssignable"", ""predicate_type"": ""data"", ""subject_iri"": ""https://spec.edmcouncil.org/fibo/ontology/FND/Agreements/Contracts/Contract""}, ""text"": ""contract is assignable boolean."", ""triple"": [""contract"", ""is assignable"", ""boolean""]}, {""characteristics"": [], ""meta"": {""object_iri"": ""https://spec.edmcouncil.org/fibo/ontology/FND/Agreements/Contracts/Contract"", ""predicate_iri"": ""https://spec.edmcouncil.org/fibo/ontology/FND/Agreements/Contracts/supersedes"", ""predicate_type"": ""object"", ""subject_iri"": ""https://spec.edmcouncil.org/fibo/ontology/FND/Agreements/Contracts/Contract""}, ""text"": ""contract supersedes contract."", ""triple"": [""contract"", ""supersedes"", ""contract""]}, {""characteristics"": [], ""meta"": {""object_iri"": ""https://spec.edmcouncil.org/fibo/ontology/FND/Agreements/Contracts/WrittenContract"", ""predicate_iri"": ""https://spec.edmcouncil.org/fibo/ontology/FND/Agreements/Contracts/isPrimaryContractFor"", ""predicate_type"": ""object"", ""subject_iri"": ""https://spec.edmcouncil.org/fibo/ontology/FND/Agreements/Contracts/WrittenContract""}, ""text"": ""written contract is primary contract for written contract."", ""triple"": [""written contract"", ""is primary contract for"", ""written contract""]}, {""characteristics"": [], ""meta"": {""object_iri"": ""https://spec.edmcouncil.org/fibo/ontology/FND/Agreements/Contracts/WrittenContract"", ""predicate_iri"": ""https://spec.edmcouncil.org/fibo/ontology/FND/Agreements/Contracts/isSubordinateTo"", ""predicate_type"": ""object"", ""subject_iri"": ""https://spec.edmcouncil.org/fibo/ontology/FND/Agreements/Contracts/WrittenContract""}, ""text"": ""written contract is subordinate to written contract."", ""triple"": [""written contract"", ""is subordinate to"", ""written contract""]}]",{}
L4_Business_Finance_Business_Finance_Financial_Industry_Business_Ontology_property_Contracts_00002,"In the Financial Industry Business Ontology, given the following set of classes and properties, construct only object- and data-property relationships. Do not output subClassOf triples. Output only triples in the form (subject, predicate, object).

Classes:
- commitment
- condition precedent
- constituent
- contractual commitment
- contractual definition
- contractual element
- dated collection constituent
- disclosure provision
- mutual commitment
- non-binding term

Object Properties:
None

Data Properties:
- has legal description",,"(contractual element, has legal description, string)",3_4,L4,Property Relation Construction,Learning,Generation,triple_f1,Business_Finance,Business_Finance/Financial_Industry_Business_Ontology,bench_3_4/Business_Finance/Financial_Industry_Business_Ontology/FND/Agreements/Contracts/property_Contracts.json,1,,,,"(contractual element, has legal description, string)","[""commitment"", ""condition precedent"", ""constituent"", ""contractual commitment"", ""contractual definition"", ""contractual element"", ""dated collection constituent"", ""disclosure provision"", ""mutual commitment"", ""non-binding term""]",[],"[{""characteristics"": [], ""meta"": {""object_iri"": null, ""predicate_iri"": ""https://spec.edmcouncil.org/fibo/ontology/FND/Agreements/Contracts/hasLegalDescription"", ""predicate_type"": ""data"", ""subject_iri"": ""https://spec.edmcouncil.org/fibo/ontology/FND/Agreements/Contracts/ContractualElement""}, ""text"": ""contractual element has legal description string."", ""triple"": [""contractual element"", ""has legal description"", ""string""]}]",{}
L4_Business_Finance_Business_Finance_Financial_Industry_Business_Ontology_property_Ratings_00001,"In the Financial Industry Business Ontology, given the following set of classes and properties, construct only object- and data-property relationships. Do not output subClassOf triples. Output only triples in the form (subject, predicate, object).

Classes:
- Reference
- arrangement
- classification scheme
- measurement reference
- measurement scale
- rating scale
- ratio scale
- scheme
- system of quantities
- system of units

Object Properties:
None

Data Properties:
- has best measure
- has worst measure",,"(rating scale, has best measure, float)
(rating scale, has worst measure, float)",3_4,L4,Property Relation Construction,Learning,Generation,triple_f1,Business_Finance,Business_Finance/Financial_Industry_Business_Ontology,bench_3_4/Business_Finance/Financial_Industry_Business_Ontology/FND/Arrangements/Ratings/property_Ratings.json,0,,,,"(rating scale, has best measure, float)
(rating scale, has worst measure, float)","[""Reference"", ""arrangement"", ""classification scheme"", ""measurement reference"", ""measurement scale"", ""rating scale"", ""ratio scale"", ""scheme"", ""system of quantities"", ""system of units""]",[],"[{""characteristics"": [], ""meta"": {""object_iri"": null, ""predicate_iri"": ""https://spec.edmcouncil.org/fibo/ontology/FND/Arrangements/Ratings/hasBestMeasure"", ""predicate_type"": ""data"", ""subject_iri"": ""https://spec.edmcouncil.org/fibo/ontology/FND/Arrangements/Ratings/RatingScale""}, ""text"": ""rating scale has best measure float."", ""triple"": [""rating scale"", ""has best measure"", ""float""]}, {""characteristics"": [], ""meta"": {""object_iri"": null, ""predicate_iri"": ""https://spec.edmcouncil.org/fibo/ontology/FND/Arrangements/Ratings/hasWorstMeasure"", ""predicate_type"": ""data"", ""subject_iri"": ""https://spec.edmcouncil.org/fibo/ontology/FND/Arrangements/Ratings/RatingScale""}, ""text"": ""rating scale has worst measure float."", ""triple"": [""rating scale"", ""has worst measure"", ""float""]}]",{}
L4_Business_Finance_Business_Finance_Financial_Industry_Business_Ontology_property_Ratings_00002,"In the Financial Industry Business Ontology, given the following set of classes and properties, construct only object- and data-property relationships. Do not output subClassOf triples. Output only triples in the form (subject, predicate, object).

Classes:
- appraisal
- assessment activity
- assessment report
- occurrence kind
- opinion
- rating
- rating assessment activity
- rating report
- rating score
- report

Object Properties:
- has rating score

Data Properties:
- has measure within scale",,"(rating, has rating score, rating score)
(rating score, has measure within scale, float)",3_4,L4,Property Relation Construction,Learning,Generation,triple_f1,Business_Finance,Business_Finance/Financial_Industry_Business_Ontology,bench_3_4/Business_Finance/Financial_Industry_Business_Ontology/FND/Arrangements/Ratings/property_Ratings.json,1,,,,"(rating, has rating score, rating score)
(rating score, has measure within scale, float)","[""appraisal"", ""assessment activity"", ""assessment report"", ""occurrence kind"", ""opinion"", ""rating"", ""rating assessment activity"", ""rating report"", ""rating score"", ""report""]","[""has rating score""]","[{""characteristics"": [], ""meta"": {""object_iri"": ""https://spec.edmcouncil.org/fibo/ontology/FND/Arrangements/Ratings/RatingScore"", ""predicate_iri"": ""https://spec.edmcouncil.org/fibo/ontology/FND/Arrangements/Ratings/hasRatingScore"", ""predicate_type"": ""object"", ""subject_iri"": ""https://spec.edmcouncil.org/fibo/ontology/FND/Arrangements/Ratings/Rating""}, ""text"": ""rating has rating score rating score."", ""triple"": [""rating"", ""has rating score"", ""rating score""]}, {""characteristics"": [], ""meta"": {""object_iri"": null, ""predicate_iri"": ""https://spec.edmcouncil.org/fibo/ontology/FND/Arrangements/Ratings/hasMeasureWithinScale"", ""predicate_type"": ""data"", ""subject_iri"": ""https://spec.edmcouncil.org/fibo/ontology/FND/Arrangements/Ratings/RatingScore""}, ""text"": ""rating score has measure within scale float."", ""triple"": [""rating score"", ""has measure within scale"", ""float""]}]",{}
L4_Business_Finance_Business_Finance_Financial_Industry_Business_Ontology_property_FinancialDates_00001,"In the Financial Industry Business Ontology, given the following set of classes and properties, construct only object- and data-property relationships. Do not output subClassOf triples. Output only triples in the form (subject, predicate, object).

Classes:
- ad hoc schedule
- business calendar
- collection
- dated structured collection
- regular schedule
- schedule
- schedule stub
- structured collection

Object Properties:
- has stub

Data Properties:
None",,"(regular schedule, has stub, schedule stub)",3_4,L4,Property Relation Construction,Learning,Generation,triple_f1,Business_Finance,Business_Finance/Financial_Industry_Business_Ontology,bench_3_4/Business_Finance/Financial_Industry_Business_Ontology/FND/DatesAndTimes/FinancialDates/property_FinancialDates.json,0,,,,"(regular schedule, has stub, schedule stub)","[""ad hoc schedule"", ""business calendar"", ""collection"", ""dated structured collection"", ""regular schedule"", ""schedule"", ""schedule stub"", ""structured collection""]","[""has stub""]","[{""characteristics"": [], ""meta"": {""object_iri"": ""https://spec.edmcouncil.org/fibo/ontology/FND/DatesAndTimes/FinancialDates/ScheduleStub"", ""predicate_iri"": ""https://spec.edmcouncil.org/fibo/ontology/FND/DatesAndTimes/FinancialDates/hasStub"", ""predicate_type"": ""object"", ""subject_iri"": ""https://spec.edmcouncil.org/fibo/ontology/FND/DatesAndTimes/FinancialDates/RegularSchedule""}, ""text"": ""regular schedule has stub schedule stub."", ""triple"": [""regular schedule"", ""has stub"", ""schedule stub""]}]",{}
L4_Business_Finance_Business_Finance_Financial_Industry_Business_Ontology_property_LegalCapacity_00001,"In the Financial Industry Business Ontology, given the following set of classes and properties, construct only object- and data-property relationships. Do not output subClassOf triples. Output only triples in the form (subject, predicate, object).

Classes:
- claim
- contractual capability
- delegated legal authority
- legal capacity
- legal construct
- liability capacity
- litigation capacity
- party
- right
- signatory capacity

Object Properties:
- has capacity
- is capacity of

Data Properties:
None",,"(legal capacity, is capacity of, party)
(party, has capacity, legal capacity)",3_4,L4,Property Relation Construction,Learning,Generation,triple_f1,Business_Finance,Business_Finance/Financial_Industry_Business_Ontology,bench_3_4/Business_Finance/Financial_Industry_Business_Ontology/FND/Law/LegalCapacity/property_LegalCapacity.json,0,,,,"(legal capacity, is capacity of, party)
(party, has capacity, legal capacity)","[""claim"", ""contractual capability"", ""delegated legal authority"", ""legal capacity"", ""legal construct"", ""liability capacity"", ""litigation capacity"", ""party"", ""right"", ""signatory capacity""]","[""has capacity"", ""is capacity of""]","[{""characteristics"": [], ""meta"": {""object_iri"": ""https://www.omg.org/spec/Commons/PartiesAndSituations/Party"", ""predicate_iri"": ""https://spec.edmcouncil.org/fibo/ontology/FND/Law/LegalCapacity/isCapacityOf"", ""predicate_type"": ""object"", ""subject_iri"": ""https://spec.edmcouncil.org/fibo/ontology/FND/Law/LegalCapacity/LegalCapacity""}, ""text"": ""legal capacity is capacity of party."", ""triple"": [""legal capacity"", ""is capacity of"", ""party""]}, {""characteristics"": [], ""meta"": {""object_iri"": ""https://spec.edmcouncil.org/fibo/ontology/FND/Law/LegalCapacity/LegalCapacity"", ""predicate_iri"": ""https://spec.edmcouncil.org/fibo/ontology/FND/Law/LegalCapacity/hasCapacity"", ""predicate_type"": ""object"", ""subject_iri"": ""https://www.omg.org/spec/Commons/PartiesAndSituations/Party""}, ""text"": ""party has capacity legal capacity."", ""triple"": [""party"", ""has capacity"", ""legal capacity""]}]",{}
L4_Business_Finance_Business_Finance_Financial_Industry_Business_Ontology_property_FormalOrganizations_00001,"In the Financial Industry Business Ontology, given the following set of classes and properties, construct only object- and data-property relationships. Do not output subClassOf triples. Output only triples in the form (subject, predicate, object).

Classes:
- InformalOrganization
- MemberBearingOrganization
- Membership
- OrganizationMember
- employee
- employer
- employment

Object Properties:
- has employed party
- has employee
- has employing party
- is employed in
- is employee of
- is employing party

Data Properties:
None",,"(employee, is employed in, employment)
(employee, is employee of, employer)
(employer, has employee, employee)
(employer, is employing party, employment)
(employment, has employed party, employee)
(employment, has employing party, employer)",3_4,L4,Property Relation Construction,Learning,Generation,triple_f1,Business_Finance,Business_Finance/Financial_Industry_Business_Ontology,bench_3_4/Business_Finance/Financial_Industry_Business_Ontology/FND/Organizations/FormalOrganizations/property_FormalOrganizations.json,0,,,,"(employee, is employed in, employment)
(employee, is employee of, employer)
(employer, has employee, employee)
(employer, is employing party, employment)
(employment, has employed party, employee)
(employment, has employing party, employer)","[""InformalOrganization"", ""MemberBearingOrganization"", ""Membership"", ""OrganizationMember"", ""employee"", ""employer"", ""employment""]","[""has employed party"", ""has employee"", ""has employing party"", ""is employed in"", ""is employee of"", ""is employing party""]","[{""characteristics"": [], ""meta"": {""object_iri"": ""https://spec.edmcouncil.org/fibo/ontology/FND/Organizations/FormalOrganizations/Employment"", ""predicate_iri"": ""https://spec.edmcouncil.org/fibo/ontology/FND/Organizations/FormalOrganizations/isEmployedIn"", ""predicate_type"": ""object"", ""subject_iri"": ""https://spec.edmcouncil.org/fibo/ontology/FND/Organizations/FormalOrganizations/Employee""}, ""text"": ""employee is employed in employment."", ""triple"": [""employee"", ""is employed in"", ""employment""]}, {""characteristics"": [], ""meta"": {""object_iri"": ""https://spec.edmcouncil.org/fibo/ontology/FND/Organizations/FormalOrganizations/Employer"", ""predicate_iri"": ""https://spec.edmcouncil.org/fibo/ontology/FND/Organizations/FormalOrganizations/isEmployeeOf"", ""predicate_type"": ""object"", ""subject_iri"": ""https://spec.edmcouncil.org/fibo/ontology/FND/Organizations/FormalOrganizations/Employee""}, ""text"": ""employee is employee of employer."", ""triple"": [""employee"", ""is employee of"", ""employer""]}, {""characteristics"": [], ""meta"": {""object_iri"": ""https://spec.edmcouncil.org/fibo/ontology/FND/Organizations/FormalOrganizations/Employee"", ""predicate_iri"": ""https://spec.edmcouncil.org/fibo/ontology/FND/Organizations/FormalOrganizations/hasEmployee"", ""predicate_type"": ""object"", ""subject_iri"": ""https://spec.edmcouncil.org/fibo/ontology/FND/Organizations/FormalOrganizations/Employer""}, ""text"": ""employer has employee employee."", ""triple"": [""employer"", ""has employee"", ""employee""]}, {""characteristics"": [], ""meta"": {""object_iri"": ""https://spec.edmcouncil.org/fibo/ontology/FND/Organizations/FormalOrganizations/Employment"", ""predicate_iri"": ""https://spec.edmcouncil.org/fibo/ontology/FND/Organizations/FormalOrganizations/isEmployingParty"", ""predicate_type"": ""object"", ""subject_iri"": ""https://spec.edmcouncil.org/fibo/ontology/FND/Organizations/FormalOrganizations/Employer""}, ""text"": ""employer is employing party employment."", ""triple"": [""employer"", ""is employing party"", ""employment""]}, {""characteristics"": [], ""meta"": {""object_iri"": ""https://spec.edmcouncil.org/fibo/ontology/FND/Organizations/FormalOrganizations/Employee"", ""predicate_iri"": ""https://spec.edmcouncil.org/fibo/ontology/FND/Organizations/FormalOrganizations/hasEmployedParty"", ""predicate_type"": ""object"", ""subject_iri"": ""https://spec.edmcouncil.org/fibo/ontology/FND/Organizations/FormalOrganizations/Employment""}, ""text"": ""employment has employed party employee."", ""triple"": [""employment"", ""has employed party"", ""employee""]}, {""characteristics"": [], ""meta"": {""object_iri"": ""https://spec.edmcouncil.org/fibo/ontology/FND/Organizations/FormalOrganizations/Employer"", ""predicate_iri"": ""https://spec.edmcouncil.org/fibo/ontology/FND/Organizations/FormalOrganizations/hasEmployingParty"", ""predicate_type"": ""object"", ""subject_iri"": ""https://spec.edmcouncil.org/fibo/ontology/FND/Organizations/FormalOrganizations/Employment""}, ""text"": ""employment has employing party employer."", ""triple"": [""employment"", ""has employing party"", ""employer""]}]",{}
L4_Business_Finance_Business_Finance_Financial_Industry_Business_Ontology_property_Control_00001,"In the Financial Industry Business Ontology, given the following set of classes and properties, construct only object- and data-property relationships. Do not output subClassOf triples. Output only triples in the form (subject, predicate, object).

Classes:
- contractual capability
- control
- controlled thing
- controlling party
- de facto control
- de jure control
- legal capacity
- legal construct
- right
- situation

Object Properties:
- has controlling party
- has party in control
- involves controlled thing
- is controlled thing in
- is controlling party in
- is party controlling

Data Properties:
None",,"(control, has party in control, controlling party)
(control, involves controlled thing, controlled thing)
(controlled thing, has controlling party, controlling party)
(controlled thing, is controlled thing in, control)
(controlling party, is controlling party in, control)
(controlling party, is party controlling, controlled thing)",3_4,L4,Property Relation Construction,Learning,Generation,triple_f1,Business_Finance,Business_Finance/Financial_Industry_Business_Ontology,bench_3_4/Business_Finance/Financial_Industry_Business_Ontology/FND/OwnershipAndControl/Control/property_Control.json,0,,,,"(control, has party in control, controlling party)
(control, involves controlled thing, controlled thing)
(controlled thing, has controlling party, controlling party)
(controlled thing, is controlled thing in, control)
(controlling party, is controlling party in, control)
(controlling party, is party controlling, controlled thing)","[""contractual capability"", ""control"", ""controlled thing"", ""controlling party"", ""de facto control"", ""de jure control"", ""legal capacity"", ""legal construct"", ""right"", ""situation""]","[""has controlling party"", ""has party in control"", ""involves controlled thing"", ""is controlled thing in"", ""is controlling party in"", ""is party controlling""]","[{""characteristics"": [], ""meta"": {""object_iri"": ""https://spec.edmcouncil.org/fibo/ontology/FND/OwnershipAndControl/Control/ControllingParty"", ""predicate_iri"": ""https://spec.edmcouncil.org/fibo/ontology/FND/OwnershipAndControl/Control/hasPartyInControl"", ""predicate_type"": ""object"", ""subject_iri"": ""https://spec.edmcouncil.org/fibo/ontology/FND/OwnershipAndControl/Control/Control""}, ""text"": ""control has party in control controlling party."", ""triple"": [""control"", ""has party in control"", ""controlling party""]}, {""characteristics"": [], ""meta"": {""object_iri"": ""https://spec.edmcouncil.org/fibo/ontology/FND/OwnershipAndControl/Control/ControlledThing"", ""predicate_iri"": ""https://spec.edmcouncil.org/fibo/ontology/FND/OwnershipAndControl/Control/involvesControlledThing"", ""predicate_type"": ""object"", ""subject_iri"": ""https://spec.edmcouncil.org/fibo/ontology/FND/OwnershipAndControl/Control/Control""}, ""text"": ""control involves controlled thing controlled thing."", ""triple"": [""control"", ""involves controlled thing"", ""controlled thing""]}, {""characteristics"": [], ""meta"": {""object_iri"": ""https://spec.edmcouncil.org/fibo/ontology/FND/OwnershipAndControl/Control/ControllingParty"", ""predicate_iri"": ""https://spec.edmcouncil.org/fibo/ontology/FND/OwnershipAndControl/Control/hasControllingParty"", ""predicate_type"": ""object"", ""subject_iri"": ""https://spec.edmcouncil.org/fibo/ontology/FND/OwnershipAndControl/Control/ControlledThing""}, ""text"": ""controlled thing has controlling party controlling party."", ""triple"": [""controlled thing"", ""has controlling party"", ""controlling party""]}, {""characteristics"": [], ""meta"": {""object_iri"": ""https://spec.edmcouncil.org/fibo/ontology/FND/OwnershipAndControl/Control/Control"", ""predicate_iri"": ""https://spec.edmcouncil.org/fibo/ontology/FND/OwnershipAndControl/Control/isControlledThingIn"", ""predicate_type"": ""object"", ""subject_iri"": ""https://spec.edmcouncil.org/fibo/ontology/FND/OwnershipAndControl/Control/ControlledThing""}, ""text"": ""controlled thing is controlled thing in control."", ""triple"": [""controlled thing"", ""is controlled thing in"", ""control""]}, {""characteristics"": [], ""meta"": {""object_iri"": ""https://spec.edmcouncil.org/fibo/ontology/FND/OwnershipAndControl/Control/Control"", ""predicate_iri"": ""https://spec.edmcouncil.org/fibo/ontology/FND/OwnershipAndControl/Control/isControllingPartyIn"", ""predicate_type"": ""object"", ""subject_iri"": ""https://spec.edmcouncil.org/fibo/ontology/FND/OwnershipAndControl/Control/ControllingParty""}, ""text"": ""controlling party is controlling party in control."", ""triple"": [""controlling party"", ""is controlling party in"", ""control""]}, {""characteristics"": [], ""meta"": {""object_iri"": ""https://spec.edmcouncil.org/fibo/ontology/FND/OwnershipAndControl/Control/ControlledThing"", ""predicate_iri"": ""https://spec.edmcouncil.org/fibo/ontology/FND/OwnershipAndControl/Control/isPartyControlling"", ""predicate_type"": ""object"", ""subject_iri"": ""https://spec.edmcouncil.org/fibo/ontology/FND/OwnershipAndControl/Control/ControllingParty""}, ""text"": ""controlling party is party controlling controlled thing."", ""triple"": [""controlling party"", ""is party controlling"", ""controlled thing""]}]",{}
L4_Business_Finance_Business_Finance_Financial_Industry_Business_Ontology_property_Ownership_00001,"In the Financial Industry Business Ontology, given the following set of classes and properties, construct only object- and data-property relationships. Do not output subClassOf triples. Output only triples in the form (subject, predicate, object).

Classes:
- actor
- agent role
- asset
- intangible asset
- owner
- ownership
- role
- situation
- tangible asset
- undergoer

Object Properties:
- has owned asset
- has owning party
- is asset of
- is asset owner
- is owned asset
- is owning party

Data Properties:
None",,"(asset, is asset of, owner)
(asset, is owned asset, ownership)
(owner, is asset owner, asset)
(owner, is owning party, ownership)
(ownership, has owned asset, asset)
(ownership, has owning party, owner)",3_4,L4,Property Relation Construction,Learning,Generation,triple_f1,Business_Finance,Business_Finance/Financial_Industry_Business_Ontology,bench_3_4/Business_Finance/Financial_Industry_Business_Ontology/FND/OwnershipAndControl/Ownership/property_Ownership.json,0,,,,"(asset, is asset of, owner)
(asset, is owned asset, ownership)
(owner, is asset owner, asset)
(owner, is owning party, ownership)
(ownership, has owned asset, asset)
(ownership, has owning party, owner)","[""actor"", ""agent role"", ""asset"", ""intangible asset"", ""owner"", ""ownership"", ""role"", ""situation"", ""tangible asset"", ""undergoer""]","[""has owned asset"", ""has owning party"", ""is asset of"", ""is asset owner"", ""is owned asset"", ""is owning party""]","[{""characteristics"": [], ""meta"": {""object_iri"": ""https://spec.edmcouncil.org/fibo/ontology/FND/OwnershipAndControl/Ownership/Owner"", ""predicate_iri"": ""https://spec.edmcouncil.org/fibo/ontology/FND/OwnershipAndControl/Ownership/isAssetOf"", ""predicate_type"": ""object"", ""subject_iri"": ""https://spec.edmcouncil.org/fibo/ontology/FND/OwnershipAndControl/Ownership/Asset""}, ""text"": ""asset is asset of owner."", ""triple"": [""asset"", ""is asset of"", ""owner""]}, {""characteristics"": [], ""meta"": {""object_iri"": ""https://spec.edmcouncil.org/fibo/ontology/FND/OwnershipAndControl/Ownership/Ownership"", ""predicate_iri"": ""https://spec.edmcouncil.org/fibo/ontology/FND/OwnershipAndControl/Ownership/isOwnedAsset"", ""predicate_type"": ""object"", ""subject_iri"": ""https://spec.edmcouncil.org/fibo/ontology/FND/OwnershipAndControl/Ownership/Asset""}, ""text"": ""asset is owned asset ownership."", ""triple"": [""asset"", ""is owned asset"", ""ownership""]}, {""characteristics"": [], ""meta"": {""object_iri"": ""https://spec.edmcouncil.org/fibo/ontology/FND/OwnershipAndControl/Ownership/Asset"", ""predicate_iri"": ""https://spec.edmcouncil.org/fibo/ontology/FND/OwnershipAndControl/Ownership/ownsAsset"", ""predicate_type"": ""object"", ""subject_iri"": ""https://spec.edmcouncil.org/fibo/ontology/FND/OwnershipAndControl/Ownership/Owner""}, ""text"": ""owner is asset owner asset."", ""triple"": [""owner"", ""is asset owner"", ""asset""]}, {""characteristics"": [], ""meta"": {""object_iri"": ""https://spec.edmcouncil.org/fibo/ontology/FND/OwnershipAndControl/Ownership/Ownership"", ""predicate_iri"": ""https://spec.edmcouncil.org/fibo/ontology/FND/OwnershipAndControl/Ownership/isOwningParty"", ""predicate_type"": ""object"", ""subject_iri"": ""https://spec.edmcouncil.org/fibo/ontology/FND/OwnershipAndControl/Ownership/Owner""}, ""text"": ""owner is owning party ownership."", ""triple"": [""owner"", ""is owning party"", ""ownership""]}, {""characteristics"": [], ""meta"": {""object_iri"": ""https://spec.edmcouncil.org/fibo/ontology/FND/OwnershipAndControl/Ownership/Asset"", ""predicate_iri"": ""https://spec.edmcouncil.org/fibo/ontology/FND/OwnershipAndControl/Ownership/hasOwnedAsset"", ""predicate_type"": ""object"", ""subject_iri"": ""https://spec.edmcouncil.org/fibo/ontology/FND/OwnershipAndControl/Ownership/Ownership""}, ""text"": ""ownership has owned asset asset."", ""triple"": [""ownership"", ""has owned asset"", ""asset""]}, {""characteristics"": [], ""meta"": {""object_iri"": ""https://spec.edmcouncil.org/fibo/ontology/FND/OwnershipAndControl/Ownership/Owner"", ""predicate_iri"": ""https://spec.edmcouncil.org/fibo/ontology/FND/OwnershipAndControl/Ownership/hasOwningParty"", ""predicate_type"": ""object"", ""subject_iri"": ""https://spec.edmcouncil.org/fibo/ontology/FND/OwnershipAndControl/Ownership/Ownership""}, ""text"": ""ownership has owning party owner."", ""triple"": [""ownership"", ""has owning party"", ""owner""]}]",{}
L4_Business_Finance_Business_Finance_Financial_Industry_Business_Ontology_property_Parties_00001,"In the Financial Industry Business Ontology, given the following set of classes and properties, construct only object- and data-property relationships. Do not output subClassOf triples. Output only triples in the form (subject, predicate, object).

Classes:
- address
- agent
- automated system
- conventional street address
- party
- physical address
- post office box address
- software agent

Object Properties:
- has mailing address

Data Properties:
None",,"(party, has mailing address, physical address)",3_4,L4,Property Relation Construction,Learning,Generation,triple_f1,Business_Finance,Business_Finance/Financial_Industry_Business_Ontology,bench_3_4/Business_Finance/Financial_Industry_Business_Ontology/FND/Parties/Parties/property_Parties.json,0,,,,"(party, has mailing address, physical address)","[""address"", ""agent"", ""automated system"", ""conventional street address"", ""party"", ""physical address"", ""post office box address"", ""software agent""]","[""has mailing address""]","[{""characteristics"": [], ""meta"": {""object_iri"": ""https://spec.edmcouncil.org/fibo/ontology/FND/Places/Addresses/PhysicalAddress"", ""predicate_iri"": ""https://spec.edmcouncil.org/fibo/ontology/FND/Parties/Parties/hasMailingAddress"", ""predicate_type"": ""object"", ""subject_iri"": ""https://www.omg.org/spec/Commons/PartiesAndSituations/Party""}, ""text"": ""party has mailing address physical address."", ""triple"": [""party"", ""has mailing address"", ""physical address""]}]",{}
L4_Business_Finance_Business_Finance_Financial_Industry_Business_Ontology_property_Addresses_00001,"In the Financial Industry Business Ontology, given the following set of classes and properties, construct only object- and data-property relationships. Do not output subClassOf triples. Output only triples in the form (subject, predicate, object).

Classes:
- address component
- aspect
- classifier
- designation
- name
- street address
- street name
- street suffix
- structure name
- supplemental address component

Object Properties:
- has street name
- has street suffix

Data Properties:
None",,"(street address, has street name, street name)
(street address, has street suffix, street suffix)",3_4,L4,Property Relation Construction,Learning,Generation,triple_f1,Business_Finance,Business_Finance/Financial_Industry_Business_Ontology,bench_3_4/Business_Finance/Financial_Industry_Business_Ontology/FND/Places/Addresses/property_Addresses.json,0,,,,"(street address, has street name, street name)
(street address, has street suffix, street suffix)","[""address component"", ""aspect"", ""classifier"", ""designation"", ""name"", ""street address"", ""street name"", ""street suffix"", ""structure name"", ""supplemental address component""]","[""has street name"", ""has street suffix""]","[{""characteristics"": [], ""meta"": {""object_iri"": ""https://spec.edmcouncil.org/fibo/ontology/FND/Places/Addresses/StreetName"", ""predicate_iri"": ""https://spec.edmcouncil.org/fibo/ontology/FND/Places/Addresses/hasStreetName"", ""predicate_type"": ""object"", ""subject_iri"": ""https://spec.edmcouncil.org/fibo/ontology/FND/Places/Addresses/StreetAddress""}, ""text"": ""street address has street name street name."", ""triple"": [""street address"", ""has street name"", ""street name""]}, {""characteristics"": [], ""meta"": {""object_iri"": ""https://spec.edmcouncil.org/fibo/ontology/FND/Places/Addresses/StreetSuffix"", ""predicate_iri"": ""https://spec.edmcouncil.org/fibo/ontology/FND/Places/Addresses/hasStreetSuffix"", ""predicate_type"": ""object"", ""subject_iri"": ""https://spec.edmcouncil.org/fibo/ontology/FND/Places/Addresses/StreetAddress""}, ""text"": ""street address has street suffix street suffix."", ""triple"": [""street address"", ""has street suffix"", ""street suffix""]}]",{}
L4_Business_Finance_Business_Finance_Financial_Industry_Business_Ontology_property_Addresses_00002,"In the Financial Industry Business Ontology, given the following set of classes and properties, construct only object- and data-property relationships. Do not output subClassOf triples. Output only triples in the form (subject, predicate, object).

Classes:
- address
- conventional street address
- index
- measurement reference
- physical address
- post office box address
- reference
- reference document
- street address
- virtual address

Object Properties:
- has street address

Data Properties:
None",,"(conventional street address, has street address, street address)",3_4,L4,Property Relation Construction,Learning,Generation,triple_f1,Business_Finance,Business_Finance/Financial_Industry_Business_Ontology,bench_3_4/Business_Finance/Financial_Industry_Business_Ontology/FND/Places/Addresses/property_Addresses.json,1,,,,"(conventional street address, has street address, street address)","[""address"", ""conventional street address"", ""index"", ""measurement reference"", ""physical address"", ""post office box address"", ""reference"", ""reference document"", ""street address"", ""virtual address""]","[""has street address""]","[{""characteristics"": [], ""meta"": {""object_iri"": ""https://spec.edmcouncil.org/fibo/ontology/FND/Places/Addresses/StreetAddress"", ""predicate_iri"": ""https://spec.edmcouncil.org/fibo/ontology/FND/Places/Addresses/hasStreetAddress"", ""predicate_type"": ""object"", ""subject_iri"": ""https://spec.edmcouncil.org/fibo/ontology/FND/Places/Addresses/ConventionalStreetAddress""}, ""text"": ""conventional street address has street address street address."", ""triple"": [""conventional street address"", ""has street address"", ""street address""]}]",{}
L4_Business_Finance_Business_Finance_Financial_Industry_Business_Ontology_property_ProductsAndServices_00001,"In the Financial Industry Business Ontology, given the following set of classes and properties, construct only object- and data-property relationships. Do not output subClassOf triples. Output only triples in the form (subject, predicate, object).

Classes:
- actor
- agent role
- buyer
- client
- consumer
- contract party
- party role
- role
- seller
- supplier

Object Properties:
- buys from
- sells to

Data Properties:
None",,"(buyer, buys from, seller)
(seller, sells to, buyer)",3_4,L4,Property Relation Construction,Learning,Generation,triple_f1,Business_Finance,Business_Finance/Financial_Industry_Business_Ontology,bench_3_4/Business_Finance/Financial_Industry_Business_Ontology/FND/ProductsAndServices/ProductsAndServices/property_ProductsAndServices.json,0,,,,"(buyer, buys from, seller)
(seller, sells to, buyer)","[""actor"", ""agent role"", ""buyer"", ""client"", ""consumer"", ""contract party"", ""party role"", ""role"", ""seller"", ""supplier""]","[""buys from"", ""sells to""]","[{""characteristics"": [], ""meta"": {""object_iri"": ""https://spec.edmcouncil.org/fibo/ontology/FND/ProductsAndServices/ProductsAndServices/Seller"", ""predicate_iri"": ""https://spec.edmcouncil.org/fibo/ontology/FND/ProductsAndServices/ProductsAndServices/buysFrom"", ""predicate_type"": ""object"", ""subject_iri"": ""https://spec.edmcouncil.org/fibo/ontology/FND/ProductsAndServices/ProductsAndServices/Buyer""}, ""text"": ""buyer buys from seller."", ""triple"": [""buyer"", ""buys from"", ""seller""]}, {""characteristics"": [], ""meta"": {""object_iri"": ""https://spec.edmcouncil.org/fibo/ontology/FND/ProductsAndServices/ProductsAndServices/Buyer"", ""predicate_iri"": ""https://spec.edmcouncil.org/fibo/ontology/FND/ProductsAndServices/ProductsAndServices/sellsTo"", ""predicate_type"": ""object"", ""subject_iri"": ""https://spec.edmcouncil.org/fibo/ontology/FND/ProductsAndServices/ProductsAndServices/Seller""}, ""text"": ""seller sells to buyer."", ""triple"": [""seller"", ""sells to"", ""buyer""]}]",{}
L4_Business_Finance_Business_Finance_Financial_Industry_Business_Ontology_property_ProductsAndServices_00002,"In the Financial Industry Business Ontology, given the following set of classes and properties, construct only object- and data-property relationships. Do not output subClassOf triples. Output only triples in the form (subject, predicate, object).

Classes:
- contractual product
- contractual template product
- custom product
- off-the-shelf product
- party role
- product
- supplier

Object Properties:
- is supplied by
- supplies

Data Properties:
None",,"(product, is supplied by, supplier)
(supplier, supplies, product)",3_4,L4,Property Relation Construction,Learning,Generation,triple_f1,Business_Finance,Business_Finance/Financial_Industry_Business_Ontology,bench_3_4/Business_Finance/Financial_Industry_Business_Ontology/FND/ProductsAndServices/ProductsAndServices/property_ProductsAndServices.json,1,,,,"(product, is supplied by, supplier)
(supplier, supplies, product)","[""contractual product"", ""contractual template product"", ""custom product"", ""off-the-shelf product"", ""party role"", ""product"", ""supplier""]","[""is supplied by"", ""supplies""]","[{""characteristics"": [], ""meta"": {""object_iri"": ""https://spec.edmcouncil.org/fibo/ontology/FND/ProductsAndServices/ProductsAndServices/Supplier"", ""predicate_iri"": ""https://spec.edmcouncil.org/fibo/ontology/FND/ProductsAndServices/ProductsAndServices/isSuppliedBy"", ""predicate_type"": ""object"", ""subject_iri"": ""https://spec.edmcouncil.org/fibo/ontology/FND/ProductsAndServices/ProductsAndServices/Product""}, ""text"": ""product is supplied by supplier."", ""triple"": [""product"", ""is supplied by"", ""supplier""]}, {""characteristics"": [], ""meta"": {""object_iri"": ""https://spec.edmcouncil.org/fibo/ontology/FND/ProductsAndServices/ProductsAndServices/Product"", ""predicate_iri"": ""https://spec.edmcouncil.org/fibo/ontology/FND/ProductsAndServices/ProductsAndServices/supplies"", ""predicate_type"": ""object"", ""subject_iri"": ""https://spec.edmcouncil.org/fibo/ontology/FND/ProductsAndServices/ProductsAndServices/Supplier""}, ""text"": ""supplier supplies product."", ""triple"": [""supplier"", ""supplies"", ""product""]}]",{}
L4_Business_Finance_Business_Finance_Financial_Industry_Business_Ontology_property_REATransactions_00001,"In the Financial Industry Business Ontology, given the following set of classes and properties, construct only object- and data-property relationships. Do not output subClassOf triples. Output only triples in the form (subject, predicate, object).

Classes:
- MutualCommitment
- agreement
- contingent right
- discharging event
- ledger entry
- revaluation
- transaction business event
- transaction undertaking
- undertaking
- undertaking event

Object Properties:
- bestows
- gives rise to
- is made as part of
- triggers

Data Properties:
None",,"(transaction business event, triggers, ledger entry)
(undertaking, bestows, contingent right)
(undertaking, gives rise to, MutualCommitment)
(undertaking, is made as part of, agreement)",3_4,L4,Property Relation Construction,Learning,Generation,triple_f1,Business_Finance,Business_Finance/Financial_Industry_Business_Ontology,bench_3_4/Business_Finance/Financial_Industry_Business_Ontology/FND/TransactionsExt/REATransactions/property_REATransactions.json,0,,,,"(transaction business event, triggers, ledger entry)
(undertaking, bestows, contingent right)
(undertaking, gives rise to, MutualCommitment)
(undertaking, is made as part of, agreement)","[""MutualCommitment"", ""agreement"", ""contingent right"", ""discharging event"", ""ledger entry"", ""revaluation"", ""transaction business event"", ""transaction undertaking"", ""undertaking"", ""undertaking event""]","[""bestows"", ""gives rise to"", ""is made as part of"", ""triggers""]","[{""characteristics"": [], ""meta"": {""object_iri"": ""https://spec.edmcouncil.org/fibo/ontology/FND/TransactionsExt/REATransactions/LedgerEntry"", ""predicate_iri"": ""https://spec.edmcouncil.org/fibo/ontology/FND/TransactionsExt/REATransactions/triggers"", ""predicate_type"": ""object"", ""subject_iri"": ""https://spec.edmcouncil.org/fibo/ontology/FND/TransactionsExt/REATransactions/TransactionBusinessEvent""}, ""text"": ""transaction business event triggers ledger entry."", ""triple"": [""transaction business event"", ""triggers"", ""ledger entry""]}, {""characteristics"": [], ""meta"": {""object_iri"": ""https://spec.edmcouncil.org/fibo/ontology/FND/Law/LegalCapacity/ContingentRight"", ""predicate_iri"": ""https://spec.edmcouncil.org/fibo/ontology/FND/TransactionsExt/REATransactions/bestows"", ""predicate_type"": ""object"", ""subject_iri"": ""https://spec.edmcouncil.org/fibo/ontology/FND/TransactionsExt/REATransactions/Undertaking""}, ""text"": ""undertaking bestows contingent right."", ""triple"": [""undertaking"", ""bestows"", ""contingent right""]}, {""characteristics"": [], ""meta"": {""object_iri"": ""https://spec.edmcouncil.org/fibo/ontology/FND/Agreements/Agreements/MutualCommitment"", ""predicate_iri"": ""https://spec.edmcouncil.org/fibo/ontology/FND/TransactionsExt/REATransactions/givesRiseTo"", ""predicate_type"": ""object"", ""subject_iri"": ""https://spec.edmcouncil.org/fibo/ontology/FND/TransactionsExt/REATransactions/Undertaking""}, ""text"": ""undertaking gives rise to MutualCommitment."", ""triple"": [""undertaking"", ""gives rise to"", ""MutualCommitment""]}, {""characteristics"": [], ""meta"": {""object_iri"": ""https://spec.edmcouncil.org/fibo/ontology/FND/Agreements/Agreements/Agreement"", ""predicate_iri"": ""https://spec.edmcouncil.org/fibo/ontology/FND/TransactionsExt/REATransactions/isMadeAsPartOf"", ""predicate_type"": ""object"", ""subject_iri"": ""https://spec.edmcouncil.org/fibo/ontology/FND/TransactionsExt/REATransactions/Undertaking""}, ""text"": ""undertaking is made as part of agreement."", ""triple"": [""undertaking"", ""is made as part of"", ""agreement""]}]",{}
L4_Business_Finance_Business_Finance_Financial_Industry_Business_Ontology_property_REATransactions_00002,"In the Financial Industry Business Ontology, given the following set of classes and properties, construct only object- and data-property relationships. Do not output subClassOf triples. Output only triples in the form (subject, predicate, object).

Classes:
- contractual transaction
- covered transaction
- economic agreement
- economic contract commitment
- economic resource
- economic transaction
- transaction event
- transaction party
- transaction undertaking
- undertaking event

Object Properties:
- has corresponding
- subject
- transacted under
- transaction embodies economic agreement
- transacts with

Data Properties:
None",,"(economic transaction, subject, economic resource)
(economic transaction, transacted under, economic contract commitment)
(economic transaction, transaction embodies economic agreement, economic agreement)
(transaction event, has corresponding, transaction event)
(transaction party, transacts with, transaction party)",3_4,L4,Property Relation Construction,Learning,Generation,triple_f1,Business_Finance,Business_Finance/Financial_Industry_Business_Ontology,bench_3_4/Business_Finance/Financial_Industry_Business_Ontology/FND/TransactionsExt/REATransactions/property_REATransactions.json,1,,,,"(economic transaction, subject, economic resource)
(economic transaction, transacted under, economic contract commitment)
(economic transaction, transaction embodies economic agreement, economic agreement)
(transaction event, has corresponding, transaction event)
(transaction party, transacts with, transaction party)","[""contractual transaction"", ""covered transaction"", ""economic agreement"", ""economic contract commitment"", ""economic resource"", ""economic transaction"", ""transaction event"", ""transaction party"", ""transaction undertaking"", ""undertaking event""]","[""has corresponding"", ""subject"", ""transacted under"", ""transaction embodies economic agreement"", ""transacts with""]","[{""characteristics"": [], ""meta"": {""object_iri"": ""https://spec.edmcouncil.org/fibo/ontology/FND/TransactionsExt/REATransactions/EconomicResource"", ""predicate_iri"": ""https://spec.edmcouncil.org/fibo/ontology/FND/TransactionsExt/REATransactions/subject"", ""predicate_type"": ""object"", ""subject_iri"": ""https://spec.edmcouncil.org/fibo/ontology/FND/TransactionsExt/REATransactions/EconomicTransaction""}, ""text"": ""economic transaction subject economic resource."", ""triple"": [""economic transaction"", ""subject"", ""economic resource""]}, {""characteristics"": [], ""meta"": {""object_iri"": ""https://spec.edmcouncil.org/fibo/ontology/FND/TransactionsExt/REATransactions/EconomicContractTermsSet"", ""predicate_iri"": ""https://spec.edmcouncil.org/fibo/ontology/FND/TransactionsExt/REATransactions/transactedUnder"", ""predicate_type"": ""object"", ""subject_iri"": ""https://spec.edmcouncil.org/fibo/ontology/FND/TransactionsExt/REATransactions/EconomicTransaction""}, ""text"": ""economic transaction transacted under economic contract commitment."", ""triple"": [""economic transaction"", ""transacted under"", ""economic contract commitment""]}, {""characteristics"": [], ""meta"": {""object_iri"": ""https://spec.edmcouncil.org/fibo/ontology/FND/TransactionsExt/REATransactions/EconomicAgreement"", ""predicate_iri"": ""https://spec.edmcouncil.org/fibo/ontology/FND/TransactionsExt/REATransactions/transactionEmbodiesEconomicAgreement"", ""predicate_type"": ""object"", ""subject_iri"": ""https://spec.edmcouncil.org/fibo/ontology/FND/TransactionsExt/REATransactions/EconomicTransaction""}, ""text"": ""economic transaction transaction embodies economic agreement economic agreement."", ""triple"": [""economic transaction"", ""transaction embodies economic agreement"", ""economic agreement""]}, {""characteristics"": [], ""meta"": {""object_iri"": ""https://spec.edmcouncil.org/fibo/ontology/FND/TransactionsExt/REATransactions/TransactionEvent"", ""predicate_iri"": ""https://spec.edmcouncil.org/fibo/ontology/FND/TransactionsExt/REATransactions/hasCorresponding"", ""predicate_type"": ""object"", ""subject_iri"": ""https://spec.edmcouncil.org/fibo/ontology/FND/TransactionsExt/REATransactions/TransactionEvent""}, ""text"": ""transaction event has corresponding transaction event."", ""triple"": [""transaction event"", ""has corresponding"", ""transaction event""]}, {""characteristics"": [], ""meta"": {""object_iri"": ""https://spec.edmcouncil.org/fibo/ontology/FND/TransactionsExt/REATransactions/TransactionParty"", ""predicate_iri"": ""https://spec.edmcouncil.org/fibo/ontology/FND/TransactionsExt/REATransactions/transactsWith"", ""predicate_type"": ""object"", ""subject_iri"": ""https://spec.edmcouncil.org/fibo/ontology/FND/TransactionsExt/REATransactions/TransactionParty""}, ""text"": ""transaction party transacts with transaction party."", ""triple"": [""transaction party"", ""transacts with"", ""transaction party""]}]",{}
L4_Business_Finance_Business_Finance_Financial_Industry_Business_Ontology_property_Analytics_00001,"In the Financial Industry Business Ontology, given the following set of classes and properties, construct only object- and data-property relationships. Do not output subClassOf triples. Output only triples in the form (subject, predicate, object).

Classes:
- Specification
- difference
- dispersion
- expression
- mean
- measure
- median
- qualified measure
- statistical measure
- weighting function

Object Properties:
None

Data Properties:
- is estimate",,"(statistical measure, is estimate, boolean)",3_4,L4,Property Relation Construction,Learning,Generation,triple_f1,Business_Finance,Business_Finance/Financial_Industry_Business_Ontology,bench_3_4/Business_Finance/Financial_Industry_Business_Ontology/FND/Utilities/Analytics/property_Analytics.json,0,,,,"(statistical measure, is estimate, boolean)","[""Specification"", ""difference"", ""dispersion"", ""expression"", ""mean"", ""measure"", ""median"", ""qualified measure"", ""statistical measure"", ""weighting function""]",[],"[{""characteristics"": [], ""meta"": {""object_iri"": null, ""predicate_iri"": ""https://spec.edmcouncil.org/fibo/ontology/FND/Utilities/Analytics/isEstimate"", ""predicate_type"": ""data"", ""subject_iri"": ""https://spec.edmcouncil.org/fibo/ontology/FND/Utilities/Analytics/StatisticalMeasure""}, ""text"": ""statistical measure is estimate boolean."", ""triple"": [""statistical measure"", ""is estimate"", ""boolean""]}]",{}
L4_Business_Finance_Business_Finance_Financial_Industry_Business_Ontology_property_EconomicIndicators_00001,"In the Financial Industry Business Ontology, given the following set of classes and properties, construct only object- and data-property relationships. Do not output subClassOf triples. Output only triples in the form (subject, predicate, object).

Classes:
- average earnings
- consumer price index
- dispersion
- economic indicator
- expression
- mean
- owners' equity
- productivity
- scoped measure
- statistical measure

Object Properties:
None

Data Properties:
- excludes energy and food",,"(consumer price index, excludes energy and food, boolean)",3_4,L4,Property Relation Construction,Learning,Generation,triple_f1,Business_Finance,Business_Finance/Financial_Industry_Business_Ontology,bench_3_4/Business_Finance/Financial_Industry_Business_Ontology/IND/EconomicIndicators/EconomicIndicators/property_EconomicIndicators.json,0,,,,"(consumer price index, excludes energy and food, boolean)","[""average earnings"", ""consumer price index"", ""dispersion"", ""economic indicator"", ""expression"", ""mean"", ""owners' equity"", ""productivity"", ""scoped measure"", ""statistical measure""]",[],"[{""characteristics"": [], ""meta"": {""object_iri"": null, ""predicate_iri"": ""https://spec.edmcouncil.org/fibo/ontology/IND/EconomicIndicators/EconomicIndicators/excludesEnergyAndFood"", ""predicate_type"": ""data"", ""subject_iri"": ""https://spec.edmcouncil.org/fibo/ontology/IND/EconomicIndicators/EconomicIndicators/ConsumerPriceIndex""}, ""text"": ""consumer price index excludes energy and food boolean."", ""triple"": [""consumer price index"", ""excludes energy and food"", ""boolean""]}]",{}
L4_Business_Finance_Business_Finance_Financial_Industry_Business_Ontology_property_ForeignExchange_00001,"In the Financial Industry Business Ontology, given the following set of classes and properties, construct only object- and data-property relationships. Do not output subClassOf triples. Output only triples in the form (subject, predicate, object).

Classes:
- currency forward rate
- currency spot buy rate
- currency spot mid rate
- currency spot rate
- currency spot sell rate
- daily average market rate
- exchange rate
- market rate
- quoted exchange rate
- ratio

Object Properties:
- is premium on

Data Properties:
None",,"(currency forward rate, is premium on, quoted exchange rate)",3_4,L4,Property Relation Construction,Learning,Generation,triple_f1,Business_Finance,Business_Finance/Financial_Industry_Business_Ontology,bench_3_4/Business_Finance/Financial_Industry_Business_Ontology/IND/ForeignExchange/ForeignExchange/property_ForeignExchange.json,0,,,,"(currency forward rate, is premium on, quoted exchange rate)","[""currency forward rate"", ""currency spot buy rate"", ""currency spot mid rate"", ""currency spot rate"", ""currency spot sell rate"", ""daily average market rate"", ""exchange rate"", ""market rate"", ""quoted exchange rate"", ""ratio""]","[""is premium on""]","[{""characteristics"": [], ""meta"": {""object_iri"": ""https://spec.edmcouncil.org/fibo/ontology/IND/ForeignExchange/ForeignExchange/QuotedExchangeRate"", ""predicate_iri"": ""https://spec.edmcouncil.org/fibo/ontology/IND/ForeignExchange/ForeignExchange/isPremiumOn"", ""predicate_type"": ""object"", ""subject_iri"": ""https://spec.edmcouncil.org/fibo/ontology/IND/ForeignExchange/ForeignExchange/CurrencyForwardRate""}, ""text"": ""currency forward rate is premium on quoted exchange rate."", ""triple"": [""currency forward rate"", ""is premium on"", ""quoted exchange rate""]}]",{}
L4_Business_Finance_Business_Finance_Financial_Industry_Business_Ontology_property_LoanApplications_00001,"In the Financial Industry Business Ontology, given the following set of classes and properties, construct only object- and data-property relationships. Do not output subClassOf triples. Output only triples in the form (subject, predicate, object).

Classes:
- Document
- appraisal
- assessment report
- borrower assessment
- income verification report
- loan application
- property inspection report
- rating report
- real property appraisal
- report

Object Properties:
None

Data Properties:
- has intended loan purpose
- has original loan debt-to-income ratio",,"(borrower assessment, has original loan debt-to-income ratio, float)
(loan application, has intended loan purpose, string)",3_4,L4,Property Relation Construction,Learning,Generation,triple_f1,Business_Finance,Business_Finance/Financial_Industry_Business_Ontology,bench_3_4/Business_Finance/Financial_Industry_Business_Ontology/LOAN/LoansGeneral/LoanApplications/property_LoanApplications.json,0,,,,"(borrower assessment, has original loan debt-to-income ratio, float)
(loan application, has intended loan purpose, string)","[""Document"", ""appraisal"", ""assessment report"", ""borrower assessment"", ""income verification report"", ""loan application"", ""property inspection report"", ""rating report"", ""real property appraisal"", ""report""]",[],"[{""characteristics"": [], ""meta"": {""object_iri"": null, ""predicate_iri"": ""https://spec.edmcouncil.org/fibo/ontology/LOAN/LoansGeneral/LoanApplications/hasOriginalLoanDebtToIncomeRatio"", ""predicate_type"": ""data"", ""subject_iri"": ""https://spec.edmcouncil.org/fibo/ontology/LOAN/LoansGeneral/LoanApplications/BorrowerAssessment""}, ""text"": ""borrower assessment has original loan debt-to-income ratio float."", ""triple"": [""borrower assessment"", ""has original loan debt-to-income ratio"", ""float""]}, {""characteristics"": [], ""meta"": {""object_iri"": null, ""predicate_iri"": ""https://spec.edmcouncil.org/fibo/ontology/LOAN/LoansGeneral/LoanApplications/hasIntendedLoanPurpose"", ""predicate_type"": ""data"", ""subject_iri"": ""https://spec.edmcouncil.org/fibo/ontology/LOAN/LoansGeneral/LoanApplications/LoanApplication""}, ""text"": ""loan application has intended loan purpose string."", ""triple"": [""loan application"", ""has intended loan purpose"", ""string""]}]",{}
L4_Business_Finance_Business_Finance_Financial_Industry_Business_Ontology_property_Loans_00001,"In the Financial Industry Business Ontology, given the following set of classes and properties, construct only object- and data-property relationships. Do not output subClassOf triples. Output only triples in the form (subject, predicate, object).

Classes:
- collateralized loan
- credit agreement
- credit agreement repaid periodically
- debt instrument
- guaranteed loan
- loan
- mutual contractual agreement
- secured loan
- unsecured loan
- written contract

Object Properties:
None

Data Properties:
- is assumable",,"(loan, is assumable, boolean)",3_4,L4,Property Relation Construction,Learning,Generation,triple_f1,Business_Finance,Business_Finance/Financial_Industry_Business_Ontology,bench_3_4/Business_Finance/Financial_Industry_Business_Ontology/LOAN/LoansGeneral/Loans/property_Loans.json,0,,,,"(loan, is assumable, boolean)","[""collateralized loan"", ""credit agreement"", ""credit agreement repaid periodically"", ""debt instrument"", ""guaranteed loan"", ""loan"", ""mutual contractual agreement"", ""secured loan"", ""unsecured loan"", ""written contract""]",[],"[{""characteristics"": [], ""meta"": {""object_iri"": null, ""predicate_iri"": ""https://spec.edmcouncil.org/fibo/ontology/LOAN/LoansGeneral/Loans/isAssumable"", ""predicate_type"": ""data"", ""subject_iri"": ""https://spec.edmcouncil.org/fibo/ontology/LOAN/LoansGeneral/Loans/Loan""}, ""text"": ""loan is assumable boolean."", ""triple"": [""loan"", ""is assumable"", ""boolean""]}]",{}
L4_Business_Finance_Business_Finance_Financial_Industry_Business_Ontology_property_LoansRegulatory_00001,"In the Financial Industry Business Ontology, given the following set of classes and properties, construct only object- and data-property relationships. Do not output subClassOf triples. Output only triples in the form (subject, predicate, object).

Classes:
- consumer credit equal treatment requirement
- consumer credit requirement
- contractual obligation
- data protection requirement
- delivery obligation
- disclosure requirement
- duty
- legal construct
- legal obligation
- loan regulatory requirement

Object Properties:
None

Data Properties:
- requirement act reference
- requirement section and paragraph",,"(loan regulatory requirement, requirement act reference, string)
(loan regulatory requirement, requirement section and paragraph, string)",3_4,L4,Property Relation Construction,Learning,Generation,triple_f1,Business_Finance,Business_Finance/Financial_Industry_Business_Ontology,bench_3_4/Business_Finance/Financial_Industry_Business_Ontology/LOAN/LoansGeneral/LoansRegulatory/property_LoansRegulatory.json,0,,,,"(loan regulatory requirement, requirement act reference, string)
(loan regulatory requirement, requirement section and paragraph, string)","[""consumer credit equal treatment requirement"", ""consumer credit requirement"", ""contractual obligation"", ""data protection requirement"", ""delivery obligation"", ""disclosure requirement"", ""duty"", ""legal construct"", ""legal obligation"", ""loan regulatory requirement""]",[],"[{""characteristics"": [], ""meta"": {""object_iri"": null, ""predicate_iri"": ""https://spec.edmcouncil.org/fibo/ontology/LOAN/LoansGeneral/LoansRegulatory/requirementActReference"", ""predicate_type"": ""data"", ""subject_iri"": ""https://spec.edmcouncil.org/fibo/ontology/LOAN/LoansGeneral/LoansRegulatory/LoanRegulatoryRequirement""}, ""text"": ""loan regulatory requirement requirement act reference string."", ""triple"": [""loan regulatory requirement"", ""requirement act reference"", ""string""]}, {""characteristics"": [], ""meta"": {""object_iri"": null, ""predicate_iri"": ""https://spec.edmcouncil.org/fibo/ontology/LOAN/LoansGeneral/LoansRegulatory/requirementSectionAndParagraph"", ""predicate_type"": ""data"", ""subject_iri"": ""https://spec.edmcouncil.org/fibo/ontology/LOAN/LoansGeneral/LoansRegulatory/LoanRegulatoryRequirement""}, ""text"": ""loan regulatory requirement requirement section and paragraph string."", ""triple"": [""loan regulatory requirement"", ""requirement section and paragraph"", ""string""]}]",{}
L4_Business_Finance_Business_Finance_Financial_Industry_Business_Ontology_property_LoansRegulatory_00002,"In the Financial Industry Business Ontology, given the following set of classes and properties, construct only object- and data-property relationships. Do not output subClassOf triples. Output only triples in the form (subject, predicate, object).

Classes:
- consumer credit equal treatment requirement
- consumer credit requirement
- consumer protection agency
- data protection requirement
- disclosure requirement
- duty
- legal construct
- legal obligation
- loan regulatory requirement
- reg b

Object Properties:
- overseen by

Data Properties:
- requirement act reference
- requirement section and paragraph",,"(consumer credit requirement, overseen by, consumer protection agency)
(loan regulatory requirement, requirement act reference, string)
(loan regulatory requirement, requirement section and paragraph, string)",3_4,L4,Property Relation Construction,Learning,Generation,triple_f1,Business_Finance,Business_Finance/Financial_Industry_Business_Ontology,bench_3_4/Business_Finance/Financial_Industry_Business_Ontology/LOAN/LoansGeneral/LoansRegulatory/property_LoansRegulatory.json,1,,,,"(consumer credit requirement, overseen by, consumer protection agency)
(loan regulatory requirement, requirement act reference, string)
(loan regulatory requirement, requirement section and paragraph, string)","[""consumer credit equal treatment requirement"", ""consumer credit requirement"", ""consumer protection agency"", ""data protection requirement"", ""disclosure requirement"", ""duty"", ""legal construct"", ""legal obligation"", ""loan regulatory requirement"", ""reg b""]","[""overseen by""]","[{""characteristics"": [], ""meta"": {""object_iri"": ""https://spec.edmcouncil.org/fibo/ontology/LOAN/LoansGeneral/LoansRegulatory/ConsumerProtectionAgency"", ""predicate_iri"": ""https://spec.edmcouncil.org/fibo/ontology/LOAN/LoansGeneral/LoansRegulatory/overseenBy"", ""predicate_type"": ""object"", ""subject_iri"": ""https://spec.edmcouncil.org/fibo/ontology/LOAN/LoansGeneral/LoansRegulatory/ConsumerCreditRequirement""}, ""text"": ""consumer credit requirement overseen by consumer protection agency."", ""triple"": [""consumer credit requirement"", ""overseen by"", ""consumer protection agency""]}, {""characteristics"": [], ""meta"": {""object_iri"": null, ""predicate_iri"": ""https://spec.edmcouncil.org/fibo/ontology/LOAN/LoansGeneral/LoansRegulatory/requirementActReference"", ""predicate_type"": ""data"", ""subject_iri"": ""https://spec.edmcouncil.org/fibo/ontology/LOAN/LoansGeneral/LoansRegulatory/LoanRegulatoryRequirement""}, ""text"": ""loan regulatory requirement requirement act reference string."", ""triple"": [""loan regulatory requirement"", ""requirement act reference"", ""string""]}, {""characteristics"": [], ""meta"": {""object_iri"": null, ""predicate_iri"": ""https://spec.edmcouncil.org/fibo/ontology/LOAN/LoansGeneral/LoansRegulatory/requirementSectionAndParagraph"", ""predicate_type"": ""data"", ""subject_iri"": ""https://spec.edmcouncil.org/fibo/ontology/LOAN/LoansGeneral/LoansRegulatory/LoanRegulatoryRequirement""}, ""text"": ""loan regulatory requirement requirement section and paragraph string."", ""triple"": [""loan regulatory requirement"", ""requirement section and paragraph"", ""string""]}]",{}
L4_Business_Finance_Business_Finance_Financial_Industry_Business_Ontology_property_Mortgages_00001,"In the Financial Industry Business Ontology, given the following set of classes and properties, construct only object- and data-property relationships. Do not output subClassOf triples. Output only triples in the form (subject, predicate, object).

Classes:
- closed-end credit
- closed-end mortgage loan
- collateralized loan
- credit agreement
- loan secured by real estate
- open-end credit
- open-end mortgage loan
- open-end reverse mortgage
- reverse mortgage loan
- secured loan

Object Properties:
None

Data Properties:
- is ARM convertible",,"(loan secured by real estate, is ARM convertible, boolean)",3_4,L4,Property Relation Construction,Learning,Generation,triple_f1,Business_Finance,Business_Finance/Financial_Industry_Business_Ontology,bench_3_4/Business_Finance/Financial_Industry_Business_Ontology/LOAN/RealEstateLoans/Mortgages/property_Mortgages.json,0,,,,"(loan secured by real estate, is ARM convertible, boolean)","[""closed-end credit"", ""closed-end mortgage loan"", ""collateralized loan"", ""credit agreement"", ""loan secured by real estate"", ""open-end credit"", ""open-end mortgage loan"", ""open-end reverse mortgage"", ""reverse mortgage loan"", ""secured loan""]",[],"[{""characteristics"": [], ""meta"": {""object_iri"": null, ""predicate_iri"": ""https://spec.edmcouncil.org/fibo/ontology/LOAN/RealEstateLoans/Mortgages/isARMConvertible"", ""predicate_type"": ""data"", ""subject_iri"": ""https://spec.edmcouncil.org/fibo/ontology/LOAN/RealEstateLoans/Mortgages/LoanSecuredByRealEstate""}, ""text"": ""loan secured by real estate is ARM convertible boolean."", ""triple"": [""loan secured by real estate"", ""is ARM convertible"", ""boolean""]}]",{}
L4_Business_Finance_Business_Finance_Financial_Industry_Business_Ontology_property_FundsTemporal_00001,"In the Financial Industry Business Ontology, given the following set of classes and properties, construct only object- and data-property relationships. Do not output subClassOf triples. Output only triples in the form (subject, predicate, object).

Classes:
- accrued taxes
- date
- date period
- explicit date
- fund price
- fund unit performance
- funds tax
- security price
- swing price
- time instant

Object Properties:
- determination date
- determination period

Data Properties:
- net or gross of fees",,"(fund unit performance, determination date, date)
(fund unit performance, determination period, date period)
(fund unit performance, net or gross of fees, string)",3_4,L4,Property Relation Construction,Learning,Generation,triple_f1,Business_Finance,Business_Finance/Financial_Industry_Business_Ontology,bench_3_4/Business_Finance/Financial_Industry_Business_Ontology/MD/CIVTemporal/FundsTemporal/property_FundsTemporal.json,0,,,,"(fund unit performance, determination date, date)
(fund unit performance, determination period, date period)
(fund unit performance, net or gross of fees, string)","[""accrued taxes"", ""date"", ""date period"", ""explicit date"", ""fund price"", ""fund unit performance"", ""funds tax"", ""security price"", ""swing price"", ""time instant""]","[""determination date"", ""determination period""]","[{""characteristics"": [], ""meta"": {""object_iri"": ""https://www.omg.org/spec/Commons/DatesAndTimes/Date"", ""predicate_iri"": ""https://spec.edmcouncil.org/fibo/ontology/MD/CIVTemporal/FundsTemporal/determinationDate.1"", ""predicate_type"": ""object"", ""subject_iri"": ""https://spec.edmcouncil.org/fibo/ontology/MD/CIVTemporal/FundsTemporal/FundUnitPerformance""}, ""text"": ""fund unit performance determination date date."", ""triple"": [""fund unit performance"", ""determination date"", ""date""]}, {""characteristics"": [], ""meta"": {""object_iri"": ""https://www.omg.org/spec/Commons/DatesAndTimes/DatePeriod"", ""predicate_iri"": ""https://spec.edmcouncil.org/fibo/ontology/MD/CIVTemporal/FundsTemporal/determinationPeriod"", ""predicate_type"": ""object"", ""subject_iri"": ""https://spec.edmcouncil.org/fibo/ontology/MD/CIVTemporal/FundsTemporal/FundUnitPerformance""}, ""text"": ""fund unit performance determination period date period."", ""triple"": [""fund unit performance"", ""determination period"", ""date period""]}, {""characteristics"": [], ""meta"": {""object_iri"": null, ""predicate_iri"": ""https://spec.edmcouncil.org/fibo/ontology/MD/CIVTemporal/FundsTemporal/netOrGrossOfFees"", ""predicate_type"": ""data"", ""subject_iri"": ""https://spec.edmcouncil.org/fibo/ontology/MD/CIVTemporal/FundsTemporal/FundUnitPerformance""}, ""text"": ""fund unit performance net or gross of fees string."", ""triple"": [""fund unit performance"", ""net or gross of fees"", ""string""]}]",{}
L4_Business_Finance_Business_Finance_Financial_Industry_Business_Ontology_property_DebtAnalytics_00001,"In the Financial Industry Business Ontology, given the following set of classes and properties, construct only object- and data-property relationships. Do not output subClassOf triples. Output only triples in the form (subject, predicate, object).

Classes:
- arithmetic mean
- debt pool statistical measure
- duration analytic
- f f i e c down 300 prepay speed
- f f i e c up 300 prepay speed
- maturity equivalent p s a
- prepayment speed
- qualified measure
- statistical measure
- weighted average life

Object Properties:
- is aggregate of

Data Properties:
None",,"(debt pool statistical measure, is aggregate of, debt pool statistical measure)",3_4,L4,Property Relation Construction,Learning,Generation,triple_f1,Business_Finance,Business_Finance/Financial_Industry_Business_Ontology,bench_3_4/Business_Finance/Financial_Industry_Business_Ontology/MD/DebtTemporal/DebtAnalytics/property_DebtAnalytics.json,0,,,,"(debt pool statistical measure, is aggregate of, debt pool statistical measure)","[""arithmetic mean"", ""debt pool statistical measure"", ""duration analytic"", ""f f i e c down 300 prepay speed"", ""f f i e c up 300 prepay speed"", ""maturity equivalent p s a"", ""prepayment speed"", ""qualified measure"", ""statistical measure"", ""weighted average life""]","[""is aggregate of""]","[{""characteristics"": [], ""meta"": {""object_iri"": ""https://spec.edmcouncil.org/fibo/ontology/SEC/Debt/PoolBackedSecurities/DebtPoolStatisticalMeasure"", ""predicate_iri"": ""https://spec.edmcouncil.org/fibo/ontology/MD/DebtTemporal/DebtAnalytics/isAggregateOf"", ""predicate_type"": ""object"", ""subject_iri"": ""https://spec.edmcouncil.org/fibo/ontology/SEC/Debt/PoolBackedSecurities/DebtPoolStatisticalMeasure""}, ""text"": ""debt pool statistical measure is aggregate of debt pool statistical measure."", ""triple"": [""debt pool statistical measure"", ""is aggregate of"", ""debt pool statistical measure""]}]",{}
L4_Business_Finance_Business_Finance_Financial_Industry_Business_Ontology_property_DebtAnalytics_00002,"In the Financial Industry Business Ontology, given the following set of classes and properties, construct only object- and data-property relationships. Do not output subClassOf triples. Output only triples in the form (subject, predicate, object).

Classes:
- current yield calculation method
- formula
- japanese compound yield calculation method
- japanese simple yield calculation method
- partial calls estimation model
- relative yield calculation method
- russian yield calculation method
- simple yield calculation method
- specification
- yield calculation method

Object Properties:
None

Data Properties:
- rounding convention",,"(yield calculation method, rounding convention, string)",3_4,L4,Property Relation Construction,Learning,Generation,triple_f1,Business_Finance,Business_Finance/Financial_Industry_Business_Ontology,bench_3_4/Business_Finance/Financial_Industry_Business_Ontology/MD/DebtTemporal/DebtAnalytics/property_DebtAnalytics.json,1,,,,"(yield calculation method, rounding convention, string)","[""current yield calculation method"", ""formula"", ""japanese compound yield calculation method"", ""japanese simple yield calculation method"", ""partial calls estimation model"", ""relative yield calculation method"", ""russian yield calculation method"", ""simple yield calculation method"", ""specification"", ""yield calculation method""]",[],"[{""characteristics"": [], ""meta"": {""object_iri"": null, ""predicate_iri"": ""https://spec.edmcouncil.org/fibo/ontology/MD/DebtTemporal/DebtAnalytics/roundingConvention"", ""predicate_type"": ""data"", ""subject_iri"": ""https://spec.edmcouncil.org/fibo/ontology/MD/DebtTemporal/DebtAnalytics/YieldCalculationMethod""}, ""text"": ""yield calculation method rounding convention string."", ""triple"": [""yield calculation method"", ""rounding convention"", ""string""]}]",{}
L4_Business_Finance_Business_Finance_Financial_Industry_Business_Ontology_property_DebtAnalytics_00003,"In the Financial Industry Business Ontology, given the following set of classes and properties, construct only object- and data-property relationships. Do not output subClassOf triples. Output only triples in the form (subject, predicate, object).

Classes:
- debt instrument yield
- debt yield to average life
- debt yield to equivalent life
- debt yield to maturity
- debt yield to next call
- debt yield to worst
- discounted instrument yield
- percentage
- relatively defined debt instrument yield
- yield

Object Properties:
None

Data Properties:
- is compounded
- price quoted ex dividend",,"(debt instrument yield, is compounded, boolean)
(debt instrument yield, price quoted ex dividend, boolean)",3_4,L4,Property Relation Construction,Learning,Generation,triple_f1,Business_Finance,Business_Finance/Financial_Industry_Business_Ontology,bench_3_4/Business_Finance/Financial_Industry_Business_Ontology/MD/DebtTemporal/DebtAnalytics/property_DebtAnalytics.json,2,,,,"(debt instrument yield, is compounded, boolean)
(debt instrument yield, price quoted ex dividend, boolean)","[""debt instrument yield"", ""debt yield to average life"", ""debt yield to equivalent life"", ""debt yield to maturity"", ""debt yield to next call"", ""debt yield to worst"", ""discounted instrument yield"", ""percentage"", ""relatively defined debt instrument yield"", ""yield""]",[],"[{""characteristics"": [], ""meta"": {""object_iri"": null, ""predicate_iri"": ""https://spec.edmcouncil.org/fibo/ontology/MD/DebtTemporal/DebtAnalytics/isCompounded"", ""predicate_type"": ""data"", ""subject_iri"": ""https://spec.edmcouncil.org/fibo/ontology/MD/DebtTemporal/DebtAnalytics/DebtInstrumentYield""}, ""text"": ""debt instrument yield is compounded boolean."", ""triple"": [""debt instrument yield"", ""is compounded"", ""boolean""]}, {""characteristics"": [], ""meta"": {""object_iri"": null, ""predicate_iri"": ""https://spec.edmcouncil.org/fibo/ontology/MD/DebtTemporal/DebtAnalytics/priceQuotedExDividend"", ""predicate_type"": ""data"", ""subject_iri"": ""https://spec.edmcouncil.org/fibo/ontology/MD/DebtTemporal/DebtAnalytics/DebtInstrumentYield""}, ""text"": ""debt instrument yield price quoted ex dividend boolean."", ""triple"": [""debt instrument yield"", ""price quoted ex dividend"", ""boolean""]}]",{}
L4_Business_Finance_Business_Finance_Financial_Industry_Business_Ontology_property_DebtAnalytics_00004,"In the Financial Industry Business Ontology, given the following set of classes and properties, construct only object- and data-property relationships. Do not output subClassOf triples. Output only triples in the form (subject, predicate, object).

Classes:
- current yield calculation method
- equivalent yield calculation method
- formula
- japanese compound yield calculation method
- japanese simple yield calculation method
- native yield calculation method
- relative yield calculation method
- specification
- tradable debt instrument
- yield calculation method

Object Properties:
- is default method for

Data Properties:
- rounding convention",,"(native yield calculation method, is default method for, tradable debt instrument)
(yield calculation method, rounding convention, string)",3_4,L4,Property Relation Construction,Learning,Generation,triple_f1,Business_Finance,Business_Finance/Financial_Industry_Business_Ontology,bench_3_4/Business_Finance/Financial_Industry_Business_Ontology/MD/DebtTemporal/DebtAnalytics/property_DebtAnalytics.json,3,,,,"(native yield calculation method, is default method for, tradable debt instrument)
(yield calculation method, rounding convention, string)","[""current yield calculation method"", ""equivalent yield calculation method"", ""formula"", ""japanese compound yield calculation method"", ""japanese simple yield calculation method"", ""native yield calculation method"", ""relative yield calculation method"", ""specification"", ""tradable debt instrument"", ""yield calculation method""]","[""is default method for""]","[{""characteristics"": [], ""meta"": {""object_iri"": ""https://spec.edmcouncil.org/fibo/ontology/SEC/Debt/DebtInstruments/TradableDebtInstrument"", ""predicate_iri"": ""https://spec.edmcouncil.org/fibo/ontology/MD/DebtTemporal/DebtAnalytics/isDefaultMethodFor"", ""predicate_type"": ""object"", ""subject_iri"": ""https://spec.edmcouncil.org/fibo/ontology/MD/DebtTemporal/DebtAnalytics/NativeYieldCalculationMethod""}, ""text"": ""native yield calculation method is default method for tradable debt instrument."", ""triple"": [""native yield calculation method"", ""is default method for"", ""tradable debt instrument""]}, {""characteristics"": [], ""meta"": {""object_iri"": null, ""predicate_iri"": ""https://spec.edmcouncil.org/fibo/ontology/MD/DebtTemporal/DebtAnalytics/roundingConvention"", ""predicate_type"": ""data"", ""subject_iri"": ""https://spec.edmcouncil.org/fibo/ontology/MD/DebtTemporal/DebtAnalytics/YieldCalculationMethod""}, ""text"": ""yield calculation method rounding convention string."", ""triple"": [""yield calculation method"", ""rounding convention"", ""string""]}]",{}
L4_Business_Finance_Business_Finance_Financial_Industry_Business_Ontology_property_SecurityCreditStatuses_00001,"In the Financial Industry Business Ontology, given the following set of classes and properties, construct only object- and data-property relationships. Do not output subClassOf triples. Output only triples in the form (subject, predicate, object).

Classes:
- aspect
- classifier
- credit o k
- in default
- lifecycle status
- maturity level
- module
- secondary unit designator
- security cashflow status
- security credit status

Object Properties:
None

Data Properties:
- accelerated principal payments expected
- interest payments expected",,"(security cashflow status, accelerated principal payments expected, boolean)
(security cashflow status, interest payments expected, boolean)",3_4,L4,Property Relation Construction,Learning,Generation,triple_f1,Business_Finance,Business_Finance/Financial_Industry_Business_Ontology,bench_3_4/Business_Finance/Financial_Industry_Business_Ontology/MD/TemporalCore/SecurityCreditStatuses/property_SecurityCreditStatuses.json,0,,,,"(security cashflow status, accelerated principal payments expected, boolean)
(security cashflow status, interest payments expected, boolean)","[""aspect"", ""classifier"", ""credit o k"", ""in default"", ""lifecycle status"", ""maturity level"", ""module"", ""secondary unit designator"", ""security cashflow status"", ""security credit status""]",[],"[{""characteristics"": [], ""meta"": {""object_iri"": null, ""predicate_iri"": ""https://spec.edmcouncil.org/fibo/ontology/MD/TemporalCore/SecurityCreditStatuses/acceleratedPrincipalPaymentsExpected"", ""predicate_type"": ""data"", ""subject_iri"": ""https://spec.edmcouncil.org/fibo/ontology/MD/TemporalCore/SecurityCreditStatuses/SecurityCashflowStatus""}, ""text"": ""security cashflow status accelerated principal payments expected boolean."", ""triple"": [""security cashflow status"", ""accelerated principal payments expected"", ""boolean""]}, {""characteristics"": [], ""meta"": {""object_iri"": null, ""predicate_iri"": ""https://spec.edmcouncil.org/fibo/ontology/MD/TemporalCore/SecurityCreditStatuses/interestPaymentsExpected"", ""predicate_type"": ""data"", ""subject_iri"": ""https://spec.edmcouncil.org/fibo/ontology/MD/TemporalCore/SecurityCreditStatuses/SecurityCashflowStatus""}, ""text"": ""security cashflow status interest payments expected boolean."", ""triple"": [""security cashflow status"", ""interest payments expected"", ""boolean""]}]",{}
L4_Business_Finance_Business_Finance_Financial_Industry_Business_Ontology_property_Bonds_00001,"In the Financial Industry Business Ontology, given the following set of classes and properties, construct only object- and data-property relationships. Do not output subClassOf triples. Output only triples in the form (subject, predicate, object).

Classes:
- bond
- general obligation municipal bond
- government bond
- government issued debt security
- municipal bond
- municipal security
- revenue bond
- special assessment bond
- special tax bond
- tax allocation bond

Object Properties:
None

Data Properties:
- is bank qualified
- is legal opinion available",,"(municipal bond, is bank qualified, boolean)
(municipal bond, is legal opinion available, boolean)",3_4,L4,Property Relation Construction,Learning,Generation,triple_f1,Business_Finance,Business_Finance/Financial_Industry_Business_Ontology,bench_3_4/Business_Finance/Financial_Industry_Business_Ontology/SEC/Debt/Bonds/property_Bonds.json,0,,,,"(municipal bond, is bank qualified, boolean)
(municipal bond, is legal opinion available, boolean)","[""bond"", ""general obligation municipal bond"", ""government bond"", ""government issued debt security"", ""municipal bond"", ""municipal security"", ""revenue bond"", ""special assessment bond"", ""special tax bond"", ""tax allocation bond""]",[],"[{""characteristics"": [], ""meta"": {""object_iri"": null, ""predicate_iri"": ""https://spec.edmcouncil.org/fibo/ontology/SEC/Debt/Bonds/isBankQualified"", ""predicate_type"": ""data"", ""subject_iri"": ""https://spec.edmcouncil.org/fibo/ontology/SEC/Debt/Bonds/MunicipalBond""}, ""text"": ""municipal bond is bank qualified boolean."", ""triple"": [""municipal bond"", ""is bank qualified"", ""boolean""]}, {""characteristics"": [], ""meta"": {""object_iri"": null, ""predicate_iri"": ""https://spec.edmcouncil.org/fibo/ontology/SEC/Debt/Bonds/isLegalOpinionAvailable"", ""predicate_type"": ""data"", ""subject_iri"": ""https://spec.edmcouncil.org/fibo/ontology/SEC/Debt/Bonds/MunicipalBond""}, ""text"": ""municipal bond is legal opinion available boolean."", ""triple"": [""municipal bond"", ""is legal opinion available"", ""boolean""]}]",{}
L4_Business_Finance_Business_Finance_Financial_Industry_Business_Ontology_property_Bonds_00002,"In the Financial Industry Business Ontology, given the following set of classes and properties, construct only object- and data-property relationships. Do not output subClassOf triples. Output only triples in the form (subject, predicate, object).

Classes:
- bond amortization payment terms
- bond bullet principal repayment terms
- bond principal repayment terms
- contractual commitment
- debt terms
- fixed coupon terms
- mutual commitment
- principal repayment terms
- sinking fund amortization terms
- zero coupon terms

Object Properties:
None

Data Properties:
- super sinker",,"(sinking fund amortization terms, super sinker, boolean)",3_4,L4,Property Relation Construction,Learning,Generation,triple_f1,Business_Finance,Business_Finance/Financial_Industry_Business_Ontology,bench_3_4/Business_Finance/Financial_Industry_Business_Ontology/SEC/Debt/Bonds/property_Bonds.json,1,,,,"(sinking fund amortization terms, super sinker, boolean)","[""bond amortization payment terms"", ""bond bullet principal repayment terms"", ""bond principal repayment terms"", ""contractual commitment"", ""debt terms"", ""fixed coupon terms"", ""mutual commitment"", ""principal repayment terms"", ""sinking fund amortization terms"", ""zero coupon terms""]",[],"[{""characteristics"": [], ""meta"": {""object_iri"": null, ""predicate_iri"": ""https://spec.edmcouncil.org/fibo/ontology/SEC/Debt/Bonds/isSuperSinker"", ""predicate_type"": ""data"", ""subject_iri"": ""https://spec.edmcouncil.org/fibo/ontology/SEC/Debt/Bonds/SinkingFundAmortizationTerms""}, ""text"": ""sinking fund amortization terms super sinker boolean."", ""triple"": [""sinking fund amortization terms"", ""super sinker"", ""boolean""]}]",{}
L4_Business_Finance_Business_Finance_Financial_Industry_Business_Ontology_property_Bonds_00003,"In the Financial Industry Business Ontology, given the following set of classes and properties, construct only object- and data-property relationships. Do not output subClassOf triples. Output only triples in the form (subject, predicate, object).

Classes:
- bond
- credit agreement
- debt instrument
- financial instrument
- government bond
- government issued debt security
- municipal security
- mutual contractual agreement
- sovereign debt instrument
- tradable debt instrument

Object Properties:
- is linked to fallback

Data Properties:
None",,"(financial instrument, is linked to fallback, government bond)",3_4,L4,Property Relation Construction,Learning,Generation,triple_f1,Business_Finance,Business_Finance/Financial_Industry_Business_Ontology,bench_3_4/Business_Finance/Financial_Industry_Business_Ontology/SEC/Debt/Bonds/property_Bonds.json,2,,,,"(financial instrument, is linked to fallback, government bond)","[""bond"", ""credit agreement"", ""debt instrument"", ""financial instrument"", ""government bond"", ""government issued debt security"", ""municipal security"", ""mutual contractual agreement"", ""sovereign debt instrument"", ""tradable debt instrument""]","[""is linked to fallback""]","[{""characteristics"": [], ""meta"": {""object_iri"": ""https://spec.edmcouncil.org/fibo/ontology/SEC/Debt/Bonds/GovernmentBond"", ""predicate_iri"": ""https://spec.edmcouncil.org/fibo/ontology/SEC/Debt/Bonds/isLinkedToFallback"", ""predicate_type"": ""object"", ""subject_iri"": ""https://spec.edmcouncil.org/fibo/ontology/FBC/FinancialInstruments/FinancialInstruments/FinancialInstrument""}, ""text"": ""financial instrument is linked to fallback government bond."", ""triple"": [""financial instrument"", ""is linked to fallback"", ""government bond""]}]",{}
L4_Business_Finance_Business_Finance_Financial_Industry_Business_Ontology_property_CollateralizedDebtObligations_00001,"In the Financial Industry Business Ontology, given the following set of classes and properties, construct only object- and data-property relationships. Do not output subClassOf triples. Output only triples in the form (subject, predicate, object).

Classes:
- agency c m o
- floater tranche
- mezzanine m b s tranche
- mortgage-backed security
- non agency jump tranche
- non agency z tranche
- pool-backed security
- senior m b s tranche
- t a c tranche
- tranched m b s instrument

Object Properties:
- cashflow precedence
- provides credit support to
- provides prepayment support
- senior to

Data Properties:
None",,"(agency c m o, provides prepayment support, agency c m o)
(mezzanine m b s tranche, senior to, mezzanine m b s tranche)
(senior m b s tranche, senior to, mezzanine m b s tranche)
(tranched m b s instrument, cashflow precedence, tranched m b s instrument)
(tranched m b s instrument, provides credit support to, tranched m b s instrument)",3_4,L4,Property Relation Construction,Learning,Generation,triple_f1,Business_Finance,Business_Finance/Financial_Industry_Business_Ontology,bench_3_4/Business_Finance/Financial_Industry_Business_Ontology/SEC/Debt/CollateralizedDebtObligations/property_CollateralizedDebtObligations.json,0,,,,"(agency c m o, provides prepayment support, agency c m o)
(mezzanine m b s tranche, senior to, mezzanine m b s tranche)
(senior m b s tranche, senior to, mezzanine m b s tranche)
(tranched m b s instrument, cashflow precedence, tranched m b s instrument)
(tranched m b s instrument, provides credit support to, tranched m b s instrument)","[""agency c m o"", ""floater tranche"", ""mezzanine m b s tranche"", ""mortgage-backed security"", ""non agency jump tranche"", ""non agency z tranche"", ""pool-backed security"", ""senior m b s tranche"", ""t a c tranche"", ""tranched m b s instrument""]","[""cashflow precedence"", ""provides credit support to"", ""provides prepayment support"", ""senior to""]","[{""characteristics"": [], ""meta"": {""object_iri"": ""https://spec.edmcouncil.org/fibo/ontology/SEC/Debt/CollateralizedDebtObligations/AgencyCMO"", ""predicate_iri"": ""https://spec.edmcouncil.org/fibo/ontology/SEC/Debt/CollateralizedDebtObligations/providesPrepaymentSupport"", ""predicate_type"": ""object"", ""subject_iri"": ""https://spec.edmcouncil.org/fibo/ontology/SEC/Debt/CollateralizedDebtObligations/AgencyCMO""}, ""text"": ""agency c m o provides prepayment support agency c m o."", ""triple"": [""agency c m o"", ""provides prepayment support"", ""agency c m o""]}, {""characteristics"": [], ""meta"": {""object_iri"": ""https://spec.edmcouncil.org/fibo/ontology/SEC/Debt/CollateralizedDebtObligations/MezzanineMBSTranche"", ""predicate_iri"": ""https://spec.edmcouncil.org/fibo/ontology/SEC/Debt/CollateralizedDebtObligations/seniorTo"", ""predicate_type"": ""object"", ""subject_iri"": ""https://spec.edmcouncil.org/fibo/ontology/SEC/Debt/CollateralizedDebtObligations/MezzanineMBSTranche""}, ""text"": ""mezzanine m b s tranche senior to mezzanine m b s tranche."", ""triple"": [""mezzanine m b s tranche"", ""senior to"", ""mezzanine m b s tranche""]}, {""characteristics"": [], ""meta"": {""object_iri"": ""https://spec.edmcouncil.org/fibo/ontology/SEC/Debt/CollateralizedDebtObligations/MezzanineMBSTranche"", ""predicate_iri"": ""https://spec.edmcouncil.org/fibo/ontology/SEC/Debt/CollateralizedDebtObligations/seniorTo"", ""predicate_type"": ""object"", ""subject_iri"": ""https://spec.edmcouncil.org/fibo/ontology/SEC/Debt/CollateralizedDebtObligations/SeniorMBSTranche""}, ""text"": ""senior m b s tranche senior to mezzanine m b s tranche."", ""triple"": [""senior m b s tranche"", ""senior to"", ""mezzanine m b s tranche""]}, {""characteristics"": [], ""meta"": {""object_iri"": ""https://spec.edmcouncil.org/fibo/ontology/SEC/Debt/CollateralizedDebtObligations/TranchedMBSInstrument"", ""predicate_iri"": ""https://spec.edmcouncil.org/fibo/ontology/SEC/Debt/CollateralizedDebtObligations/cashflowPrecedence"", ""predicate_type"": ""object"", ""subject_iri"": ""https://spec.edmcouncil.org/fibo/ontology/SEC/Debt/CollateralizedDebtObligations/TranchedMBSInstrument""}, ""text"": ""tranched m b s instrument cashflow precedence tranched m b s instrument."", ""triple"": [""tranched m b s instrument"", ""cashflow precedence"", ""tranched m b s instrument""]}, {""characteristics"": [], ""meta"": {""object_iri"": ""https://spec.edmcouncil.org/fibo/ontology/SEC/Debt/CollateralizedDebtObligations/TranchedMBSInstrument"", ""predicate_iri"": ""https://spec.edmcouncil.org/fibo/ontology/SEC/Debt/CollateralizedDebtObligations/providesCreditSupportTo"", ""predicate_type"": ""object"", ""subject_iri"": ""https://spec.edmcouncil.org/fibo/ontology/SEC/Debt/CollateralizedDebtObligations/TranchedMBSInstrument""}, ""text"": ""tranched m b s instrument provides credit support to tranched m b s instrument."", ""triple"": [""tranched m b s instrument"", ""provides credit support to"", ""tranched m b s instrument""]}]",{}
L4_Business_Finance_Business_Finance_Financial_Industry_Business_Ontology_property_CollateralizedDebtObligations_00002,"In the Financial Industry Business Ontology, given the following set of classes and properties, construct only object- and data-property relationships. Do not output subClassOf triples. Output only triples in the form (subject, predicate, object).

Classes:
- agency c m o
- agency jump tranche
- agency jump z tranche
- agency regular jump z
- agency sticky jump z
- agency z tranche
- c d o deal
- debt offering
- p a c- z tranche
- securities offering

Object Properties:
- provides prepayment support

Data Properties:
None",,"(agency c m o, provides prepayment support, agency c m o)",3_4,L4,Property Relation Construction,Learning,Generation,triple_f1,Business_Finance,Business_Finance/Financial_Industry_Business_Ontology,bench_3_4/Business_Finance/Financial_Industry_Business_Ontology/SEC/Debt/CollateralizedDebtObligations/property_CollateralizedDebtObligations.json,1,,,,"(agency c m o, provides prepayment support, agency c m o)","[""agency c m o"", ""agency jump tranche"", ""agency jump z tranche"", ""agency regular jump z"", ""agency sticky jump z"", ""agency z tranche"", ""c d o deal"", ""debt offering"", ""p a c- z tranche"", ""securities offering""]","[""provides prepayment support""]","[{""characteristics"": [], ""meta"": {""object_iri"": ""https://spec.edmcouncil.org/fibo/ontology/SEC/Debt/CollateralizedDebtObligations/AgencyCMO"", ""predicate_iri"": ""https://spec.edmcouncil.org/fibo/ontology/SEC/Debt/CollateralizedDebtObligations/providesPrepaymentSupport"", ""predicate_type"": ""object"", ""subject_iri"": ""https://spec.edmcouncil.org/fibo/ontology/SEC/Debt/CollateralizedDebtObligations/AgencyCMO""}, ""text"": ""agency c m o provides prepayment support agency c m o."", ""triple"": [""agency c m o"", ""provides prepayment support"", ""agency c m o""]}]",{}
L4_Business_Finance_Business_Finance_Financial_Industry_Business_Ontology_property_CollateralizedDebtObligations_00003,"In the Financial Industry Business Ontology, given the following set of classes and properties, construct only object- and data-property relationships. Do not output subClassOf triples. Output only triples in the form (subject, predicate, object).

Classes:
- a b s c d o instrument
- cash c d o tranche
- collateralized bond obligation
- collateralized debt obligation
- consumer asset-backed security
- mezzanine c d o tranche
- pool-backed security
- senior c d o tranche
- structured finance instrument
- tranche

Object Properties:
None

Data Properties:
- is cash",,"(cash c d o tranche, is cash, boolean)
(collateralized debt obligation, is cash, boolean)",3_4,L4,Property Relation Construction,Learning,Generation,triple_f1,Business_Finance,Business_Finance/Financial_Industry_Business_Ontology,bench_3_4/Business_Finance/Financial_Industry_Business_Ontology/SEC/Debt/CollateralizedDebtObligations/property_CollateralizedDebtObligations.json,2,,,,"(cash c d o tranche, is cash, boolean)
(collateralized debt obligation, is cash, boolean)","[""a b s c d o instrument"", ""cash c d o tranche"", ""collateralized bond obligation"", ""collateralized debt obligation"", ""consumer asset-backed security"", ""mezzanine c d o tranche"", ""pool-backed security"", ""senior c d o tranche"", ""structured finance instrument"", ""tranche""]",[],"[{""characteristics"": [], ""meta"": {""object_iri"": null, ""predicate_iri"": ""https://spec.edmcouncil.org/fibo/ontology/SEC/Debt/CollateralizedDebtObligations/isCash.1"", ""predicate_type"": ""data"", ""subject_iri"": ""https://spec.edmcouncil.org/fibo/ontology/SEC/Debt/CollateralizedDebtObligations/CashCDOTranche""}, ""text"": ""cash c d o tranche is cash boolean."", ""triple"": [""cash c d o tranche"", ""is cash"", ""boolean""]}, {""characteristics"": [], ""meta"": {""object_iri"": null, ""predicate_iri"": ""https://spec.edmcouncil.org/fibo/ontology/SEC/Debt/CollateralizedDebtObligations/isCash"", ""predicate_type"": ""data"", ""subject_iri"": ""https://spec.edmcouncil.org/fibo/ontology/SEC/Debt/CollateralizedDebtObligations/CollateralizedDebtObligation""}, ""text"": ""collateralized debt obligation is cash boolean."", ""triple"": [""collateralized debt obligation"", ""is cash"", ""boolean""]}]",{}
L4_Business_Finance_Business_Finance_Financial_Industry_Business_Ontology_property_CollateralizedDebtObligations_00004,"In the Financial Industry Business Ontology, given the following set of classes and properties, construct only object- and data-property relationships. Do not output subClassOf triples. Output only triples in the form (subject, predicate, object).

Classes:
- agency c m o
- agency p o tranche
- debt offering
- p a c p o tranche
- p a c- z tranche
- p a c-1 class
- p a c-2 class
- p a c-3 class
- planned amortization class bond
- securities offering

Object Properties:
- provides prepayment support
- provides prepayment support for
- supported by
- takes prepayment after

Data Properties:
None",,"(agency c m o, provides prepayment support, agency c m o)
(p a c-1 class, takes prepayment after, p a c-2 class)
(p a c-2 class, takes prepayment after, p a c-3 class)
(planned amortization class bond, provides prepayment support for, planned amortization class bond)
(planned amortization class bond, supported by, planned amortization class bond)",3_4,L4,Property Relation Construction,Learning,Generation,triple_f1,Business_Finance,Business_Finance/Financial_Industry_Business_Ontology,bench_3_4/Business_Finance/Financial_Industry_Business_Ontology/SEC/Debt/CollateralizedDebtObligations/property_CollateralizedDebtObligations.json,3,,,,"(agency c m o, provides prepayment support, agency c m o)
(p a c-1 class, takes prepayment after, p a c-2 class)
(p a c-2 class, takes prepayment after, p a c-3 class)
(planned amortization class bond, provides prepayment support for, planned amortization class bond)
(planned amortization class bond, supported by, planned amortization class bond)","[""agency c m o"", ""agency p o tranche"", ""debt offering"", ""p a c p o tranche"", ""p a c- z tranche"", ""p a c-1 class"", ""p a c-2 class"", ""p a c-3 class"", ""planned amortization class bond"", ""securities offering""]","[""provides prepayment support"", ""provides prepayment support for"", ""supported by"", ""takes prepayment after""]","[{""characteristics"": [], ""meta"": {""object_iri"": ""https://spec.edmcouncil.org/fibo/ontology/SEC/Debt/CollateralizedDebtObligations/AgencyCMO"", ""predicate_iri"": ""https://spec.edmcouncil.org/fibo/ontology/SEC/Debt/CollateralizedDebtObligations/providesPrepaymentSupport"", ""predicate_type"": ""object"", ""subject_iri"": ""https://spec.edmcouncil.org/fibo/ontology/SEC/Debt/CollateralizedDebtObligations/AgencyCMO""}, ""text"": ""agency c m o provides prepayment support agency c m o."", ""triple"": [""agency c m o"", ""provides prepayment support"", ""agency c m o""]}, {""characteristics"": [], ""meta"": {""object_iri"": ""https://spec.edmcouncil.org/fibo/ontology/SEC/Debt/CollateralizedDebtObligations/PAC-2Class"", ""predicate_iri"": ""https://spec.edmcouncil.org/fibo/ontology/SEC/Debt/CollateralizedDebtObligations/takesPrepaymentAfter"", ""predicate_type"": ""object"", ""subject_iri"": ""https://spec.edmcouncil.org/fibo/ontology/SEC/Debt/CollateralizedDebtObligations/PAC-1Class""}, ""text"": ""p a c-1 class takes prepayment after p a c-2 class."", ""triple"": [""p a c-1 class"", ""takes prepayment after"", ""p a c-2 class""]}, {""characteristics"": [], ""meta"": {""object_iri"": ""https://spec.edmcouncil.org/fibo/ontology/SEC/Debt/CollateralizedDebtObligations/PAC-3Class"", ""predicate_iri"": ""https://spec.edmcouncil.org/fibo/ontology/SEC/Debt/CollateralizedDebtObligations/takesPrepaymentAfter.1"", ""predicate_type"": ""object"", ""subject_iri"": ""https://spec.edmcouncil.org/fibo/ontology/SEC/Debt/CollateralizedDebtObligations/PAC-2Class""}, ""text"": ""p a c-2 class takes prepayment after p a c-3 class."", ""triple"": [""p a c-2 class"", ""takes prepayment after"", ""p a c-3 class""]}, {""characteristics"": [], ""meta"": {""object_iri"": ""https://spec.edmcouncil.org/fibo/ontology/SEC/Debt/CollateralizedDebtObligations/PlannedAmortizationClassBond"", ""predicate_iri"": ""https://spec.edmcouncil.org/fibo/ontology/SEC/Debt/CollateralizedDebtObligations/providesPrepaymentSupportFor"", ""predicate_type"": ""object"", ""subject_iri"": ""https://spec.edmcouncil.org/fibo/ontology/SEC/Debt/CollateralizedDebtObligations/PlannedAmortizationClassBond""}, ""text"": ""planned amortization class bond provides prepayment support for planned amortization class bond."", ""triple"": [""planned amortization class bond"", ""provides prepayment support for"", ""planned amortization class bond""]}, {""characteristics"": [], ""meta"": {""object_iri"": ""https://spec.edmcouncil.org/fibo/ontology/SEC/Debt/CollateralizedDebtObligations/PlannedAmortizationClassBond"", ""predicate_iri"": ""https://spec.edmcouncil.org/fibo/ontology/SEC/Debt/CollateralizedDebtObligations/supportedBy"", ""predicate_type"": ""object"", ""subject_iri"": ""https://spec.edmcouncil.org/fibo/ontology/SEC/Debt/CollateralizedDebtObligations/PlannedAmortizationClassBond""}, ""text"": ""planned amortization class bond supported by planned amortization class bond."", ""triple"": [""planned amortization class bond"", ""supported by"", ""planned amortization class bond""]}]",{}
L4_Business_Finance_Business_Finance_Financial_Industry_Business_Ontology_property_CollateralizedDebtObligations_00005,"In the Financial Industry Business Ontology, given the following set of classes and properties, construct only object- and data-property relationships. Do not output subClassOf triples. Output only triples in the form (subject, predicate, object).

Classes:
- agency c m o
- floater tranche
- inverse floater tranche
- mortgage-backed security
- non agency jump tranche
- pool-backed security
- regular floater tranche
- super floater tranche
- t a c tranche
- tranched m b s instrument

Object Properties:
- cashflow precedence
- provides credit support to
- provides prepayment support

Data Properties:
None",,"(agency c m o, provides prepayment support, agency c m o)
(tranched m b s instrument, cashflow precedence, tranched m b s instrument)
(tranched m b s instrument, provides credit support to, tranched m b s instrument)",3_4,L4,Property Relation Construction,Learning,Generation,triple_f1,Business_Finance,Business_Finance/Financial_Industry_Business_Ontology,bench_3_4/Business_Finance/Financial_Industry_Business_Ontology/SEC/Debt/CollateralizedDebtObligations/property_CollateralizedDebtObligations.json,4,,,,"(agency c m o, provides prepayment support, agency c m o)
(tranched m b s instrument, cashflow precedence, tranched m b s instrument)
(tranched m b s instrument, provides credit support to, tranched m b s instrument)","[""agency c m o"", ""floater tranche"", ""inverse floater tranche"", ""mortgage-backed security"", ""non agency jump tranche"", ""pool-backed security"", ""regular floater tranche"", ""super floater tranche"", ""t a c tranche"", ""tranched m b s instrument""]","[""cashflow precedence"", ""provides credit support to"", ""provides prepayment support""]","[{""characteristics"": [], ""meta"": {""object_iri"": ""https://spec.edmcouncil.org/fibo/ontology/SEC/Debt/CollateralizedDebtObligations/AgencyCMO"", ""predicate_iri"": ""https://spec.edmcouncil.org/fibo/ontology/SEC/Debt/CollateralizedDebtObligations/providesPrepaymentSupport"", ""predicate_type"": ""object"", ""subject_iri"": ""https://spec.edmcouncil.org/fibo/ontology/SEC/Debt/CollateralizedDebtObligations/AgencyCMO""}, ""text"": ""agency c m o provides prepayment support agency c m o."", ""triple"": [""agency c m o"", ""provides prepayment support"", ""agency c m o""]}, {""characteristics"": [], ""meta"": {""object_iri"": ""https://spec.edmcouncil.org/fibo/ontology/SEC/Debt/CollateralizedDebtObligations/TranchedMBSInstrument"", ""predicate_iri"": ""https://spec.edmcouncil.org/fibo/ontology/SEC/Debt/CollateralizedDebtObligations/cashflowPrecedence"", ""predicate_type"": ""object"", ""subject_iri"": ""https://spec.edmcouncil.org/fibo/ontology/SEC/Debt/CollateralizedDebtObligations/TranchedMBSInstrument""}, ""text"": ""tranched m b s instrument cashflow precedence tranched m b s instrument."", ""triple"": [""tranched m b s instrument"", ""cashflow precedence"", ""tranched m b s instrument""]}, {""characteristics"": [], ""meta"": {""object_iri"": ""https://spec.edmcouncil.org/fibo/ontology/SEC/Debt/CollateralizedDebtObligations/TranchedMBSInstrument"", ""predicate_iri"": ""https://spec.edmcouncil.org/fibo/ontology/SEC/Debt/CollateralizedDebtObligations/providesCreditSupportTo"", ""predicate_type"": ""object"", ""subject_iri"": ""https://spec.edmcouncil.org/fibo/ontology/SEC/Debt/CollateralizedDebtObligations/TranchedMBSInstrument""}, ""text"": ""tranched m b s instrument provides credit support to tranched m b s instrument."", ""triple"": [""tranched m b s instrument"", ""provides credit support to"", ""tranched m b s instrument""]}]",{}
L4_Business_Finance_Business_Finance_Financial_Industry_Business_Ontology_property_CollateralizedDebtObligations_00006,"In the Financial Industry Business Ontology, given the following set of classes and properties, construct only object- and data-property relationships. Do not output subClassOf triples. Output only triples in the form (subject, predicate, object).

Classes:
- agency c m o
- agency i o tranche
- agency jump tranche
- agency p o tranche
- agency z tranche
- debt offering
- i oette
- planned amortization class bond
- securities offering
- t a c tranche

Object Properties:
- provides prepayment support
- provides prepayment support for
- supported by

Data Properties:
None",,"(agency c m o, provides prepayment support, agency c m o)
(planned amortization class bond, provides prepayment support for, planned amortization class bond)
(planned amortization class bond, supported by, planned amortization class bond)",3_4,L4,Property Relation Construction,Learning,Generation,triple_f1,Business_Finance,Business_Finance/Financial_Industry_Business_Ontology,bench_3_4/Business_Finance/Financial_Industry_Business_Ontology/SEC/Debt/CollateralizedDebtObligations/property_CollateralizedDebtObligations.json,5,,,,"(agency c m o, provides prepayment support, agency c m o)
(planned amortization class bond, provides prepayment support for, planned amortization class bond)
(planned amortization class bond, supported by, planned amortization class bond)","[""agency c m o"", ""agency i o tranche"", ""agency jump tranche"", ""agency p o tranche"", ""agency z tranche"", ""debt offering"", ""i oette"", ""planned amortization class bond"", ""securities offering"", ""t a c tranche""]","[""provides prepayment support"", ""provides prepayment support for"", ""supported by""]","[{""characteristics"": [], ""meta"": {""object_iri"": ""https://spec.edmcouncil.org/fibo/ontology/SEC/Debt/CollateralizedDebtObligations/AgencyCMO"", ""predicate_iri"": ""https://spec.edmcouncil.org/fibo/ontology/SEC/Debt/CollateralizedDebtObligations/providesPrepaymentSupport"", ""predicate_type"": ""object"", ""subject_iri"": ""https://spec.edmcouncil.org/fibo/ontology/SEC/Debt/CollateralizedDebtObligations/AgencyCMO""}, ""text"": ""agency c m o provides prepayment support agency c m o."", ""triple"": [""agency c m o"", ""provides prepayment support"", ""agency c m o""]}, {""characteristics"": [], ""meta"": {""object_iri"": ""https://spec.edmcouncil.org/fibo/ontology/SEC/Debt/CollateralizedDebtObligations/PlannedAmortizationClassBond"", ""predicate_iri"": ""https://spec.edmcouncil.org/fibo/ontology/SEC/Debt/CollateralizedDebtObligations/providesPrepaymentSupportFor"", ""predicate_type"": ""object"", ""subject_iri"": ""https://spec.edmcouncil.org/fibo/ontology/SEC/Debt/CollateralizedDebtObligations/PlannedAmortizationClassBond""}, ""text"": ""planned amortization class bond provides prepayment support for planned amortization class bond."", ""triple"": [""planned amortization class bond"", ""provides prepayment support for"", ""planned amortization class bond""]}, {""characteristics"": [], ""meta"": {""object_iri"": ""https://spec.edmcouncil.org/fibo/ontology/SEC/Debt/CollateralizedDebtObligations/PlannedAmortizationClassBond"", ""predicate_iri"": ""https://spec.edmcouncil.org/fibo/ontology/SEC/Debt/CollateralizedDebtObligations/supportedBy"", ""predicate_type"": ""object"", ""subject_iri"": ""https://spec.edmcouncil.org/fibo/ontology/SEC/Debt/CollateralizedDebtObligations/PlannedAmortizationClassBond""}, ""text"": ""planned amortization class bond supported by planned amortization class bond."", ""triple"": [""planned amortization class bond"", ""supported by"", ""planned amortization class bond""]}]",{}
L4_Business_Finance_Business_Finance_Financial_Industry_Business_Ontology_property_CollateralizedDebtObligations_00007,"In the Financial Industry Business Ontology, given the following set of classes and properties, construct only object- and data-property relationships. Do not output subClassOf triples. Output only triples in the form (subject, predicate, object).

Classes:
- floater tranche
- jump z trigger event reversal
- mortgage-backed security
- non agency jump tranche
- non agency jump z tranche
- non agency regular jump z tranche
- non agency sticky jump z tranche
- non agency z tranche
- pool-backed security
- tranched m b s instrument

Object Properties:
- cashflow precedence
- provides credit support to
- reverts

Data Properties:
None",,"(non agency regular jump z tranche, reverts, jump z trigger event reversal)
(tranched m b s instrument, cashflow precedence, tranched m b s instrument)
(tranched m b s instrument, provides credit support to, tranched m b s instrument)",3_4,L4,Property Relation Construction,Learning,Generation,triple_f1,Business_Finance,Business_Finance/Financial_Industry_Business_Ontology,bench_3_4/Business_Finance/Financial_Industry_Business_Ontology/SEC/Debt/CollateralizedDebtObligations/property_CollateralizedDebtObligations.json,6,,,,"(non agency regular jump z tranche, reverts, jump z trigger event reversal)
(tranched m b s instrument, cashflow precedence, tranched m b s instrument)
(tranched m b s instrument, provides credit support to, tranched m b s instrument)","[""floater tranche"", ""jump z trigger event reversal"", ""mortgage-backed security"", ""non agency jump tranche"", ""non agency jump z tranche"", ""non agency regular jump z tranche"", ""non agency sticky jump z tranche"", ""non agency z tranche"", ""pool-backed security"", ""tranched m b s instrument""]","[""cashflow precedence"", ""provides credit support to"", ""reverts""]","[{""characteristics"": [], ""meta"": {""object_iri"": ""https://spec.edmcouncil.org/fibo/ontology/SEC/Debt/CollateralizedDebtObligations/JumpZTriggerEventReversal"", ""predicate_iri"": ""https://spec.edmcouncil.org/fibo/ontology/SEC/Debt/CollateralizedDebtObligations/reverts"", ""predicate_type"": ""object"", ""subject_iri"": ""https://spec.edmcouncil.org/fibo/ontology/SEC/Debt/CollateralizedDebtObligations/NonAgencyRegularJumpZTranche""}, ""text"": ""non agency regular jump z tranche reverts jump z trigger event reversal."", ""triple"": [""non agency regular jump z tranche"", ""reverts"", ""jump z trigger event reversal""]}, {""characteristics"": [], ""meta"": {""object_iri"": ""https://spec.edmcouncil.org/fibo/ontology/SEC/Debt/CollateralizedDebtObligations/TranchedMBSInstrument"", ""predicate_iri"": ""https://spec.edmcouncil.org/fibo/ontology/SEC/Debt/CollateralizedDebtObligations/cashflowPrecedence"", ""predicate_type"": ""object"", ""subject_iri"": ""https://spec.edmcouncil.org/fibo/ontology/SEC/Debt/CollateralizedDebtObligations/TranchedMBSInstrument""}, ""text"": ""tranched m b s instrument cashflow precedence tranched m b s instrument."", ""triple"": [""tranched m b s instrument"", ""cashflow precedence"", ""tranched m b s instrument""]}, {""characteristics"": [], ""meta"": {""object_iri"": ""https://spec.edmcouncil.org/fibo/ontology/SEC/Debt/CollateralizedDebtObligations/TranchedMBSInstrument"", ""predicate_iri"": ""https://spec.edmcouncil.org/fibo/ontology/SEC/Debt/CollateralizedDebtObligations/providesCreditSupportTo"", ""predicate_type"": ""object"", ""subject_iri"": ""https://spec.edmcouncil.org/fibo/ontology/SEC/Debt/CollateralizedDebtObligations/TranchedMBSInstrument""}, ""text"": ""tranched m b s instrument provides credit support to tranched m b s instrument."", ""triple"": [""tranched m b s instrument"", ""provides credit support to"", ""tranched m b s instrument""]}]",{}
L4_Business_Finance_Business_Finance_Financial_Industry_Business_Ontology_property_CollateralizedDebtObligations_00008,"In the Financial Industry Business Ontology, given the following set of classes and properties, construct only object- and data-property relationships. Do not output subClassOf triples. Output only triples in the form (subject, predicate, object).

Classes:
- a b s c d o instrument
- cash c d o tranche
- collateralized bond obligation
- collateralized debt obligation
- mezzanine c d o tranche
- pool-backed security
- senior c d o tranche
- structured finance instrument
- tranche
- tranche rating at issue

Object Properties:
- rated at issue

Data Properties:
- is cash",,"(cash c d o tranche, is cash, boolean)
(collateralized debt obligation, is cash, boolean)
(mezzanine c d o tranche, rated at issue, tranche rating at issue)
(senior c d o tranche, rated at issue, tranche rating at issue)",3_4,L4,Property Relation Construction,Learning,Generation,triple_f1,Business_Finance,Business_Finance/Financial_Industry_Business_Ontology,bench_3_4/Business_Finance/Financial_Industry_Business_Ontology/SEC/Debt/CollateralizedDebtObligations/property_CollateralizedDebtObligations.json,7,,,,"(cash c d o tranche, is cash, boolean)
(collateralized debt obligation, is cash, boolean)
(mezzanine c d o tranche, rated at issue, tranche rating at issue)
(senior c d o tranche, rated at issue, tranche rating at issue)","[""a b s c d o instrument"", ""cash c d o tranche"", ""collateralized bond obligation"", ""collateralized debt obligation"", ""mezzanine c d o tranche"", ""pool-backed security"", ""senior c d o tranche"", ""structured finance instrument"", ""tranche"", ""tranche rating at issue""]","[""rated at issue""]","[{""characteristics"": [], ""meta"": {""object_iri"": null, ""predicate_iri"": ""https://spec.edmcouncil.org/fibo/ontology/SEC/Debt/CollateralizedDebtObligations/isCash.1"", ""predicate_type"": ""data"", ""subject_iri"": ""https://spec.edmcouncil.org/fibo/ontology/SEC/Debt/CollateralizedDebtObligations/CashCDOTranche""}, ""text"": ""cash c d o tranche is cash boolean."", ""triple"": [""cash c d o tranche"", ""is cash"", ""boolean""]}, {""characteristics"": [], ""meta"": {""object_iri"": null, ""predicate_iri"": ""https://spec.edmcouncil.org/fibo/ontology/SEC/Debt/CollateralizedDebtObligations/isCash"", ""predicate_type"": ""data"", ""subject_iri"": ""https://spec.edmcouncil.org/fibo/ontology/SEC/Debt/CollateralizedDebtObligations/CollateralizedDebtObligation""}, ""text"": ""collateralized debt obligation is cash boolean."", ""triple"": [""collateralized debt obligation"", ""is cash"", ""boolean""]}, {""characteristics"": [], ""meta"": {""object_iri"": ""https://spec.edmcouncil.org/fibo/ontology/SEC/Debt/CollateralizedDebtObligations/TrancheRatingAtIssue"", ""predicate_iri"": ""https://spec.edmcouncil.org/fibo/ontology/SEC/Debt/CollateralizedDebtObligations/ratedAtIssue"", ""predicate_type"": ""object"", ""subject_iri"": ""https://spec.edmcouncil.org/fibo/ontology/SEC/Debt/CollateralizedDebtObligations/MezzanineCDOTranche""}, ""text"": ""mezzanine c d o tranche rated at issue tranche rating at issue."", ""triple"": [""mezzanine c d o tranche"", ""rated at issue"", ""tranche rating at issue""]}, {""characteristics"": [], ""meta"": {""object_iri"": ""https://spec.edmcouncil.org/fibo/ontology/SEC/Debt/CollateralizedDebtObligations/TrancheRatingAtIssue"", ""predicate_iri"": ""https://spec.edmcouncil.org/fibo/ontology/SEC/Debt/CollateralizedDebtObligations/ratedAtIssue.1"", ""predicate_type"": ""object"", ""subject_iri"": ""https://spec.edmcouncil.org/fibo/ontology/SEC/Debt/CollateralizedDebtObligations/SeniorCDOTranche""}, ""text"": ""senior c d o tranche rated at issue tranche rating at issue."", ""triple"": [""senior c d o tranche"", ""rated at issue"", ""tranche rating at issue""]}]",{}
L4_Business_Finance_Business_Finance_Financial_Industry_Business_Ontology_property_CollateralizedDebtObligations_00009,"In the Financial Industry Business Ontology, given the following set of classes and properties, construct only object- and data-property relationships. Do not output subClassOf triples. Output only triples in the form (subject, predicate, object).

Classes:
- agency c m o
- agency jump tranche
- agency jump z tranche
- agency p o tranche
- agency z tranche
- debt offering
- jump z trigger event
- p a c- z tranche
- planned amortization class bond
- securities offering

Object Properties:
- provides prepayment support
- provides prepayment support for
- specifies trigger
- supported by

Data Properties:
None",,"(agency c m o, provides prepayment support, agency c m o)
(agency jump tranche, specifies trigger, jump z trigger event)
(planned amortization class bond, provides prepayment support for, planned amortization class bond)
(planned amortization class bond, supported by, planned amortization class bond)",3_4,L4,Property Relation Construction,Learning,Generation,triple_f1,Business_Finance,Business_Finance/Financial_Industry_Business_Ontology,bench_3_4/Business_Finance/Financial_Industry_Business_Ontology/SEC/Debt/CollateralizedDebtObligations/property_CollateralizedDebtObligations.json,8,,,,"(agency c m o, provides prepayment support, agency c m o)
(agency jump tranche, specifies trigger, jump z trigger event)
(planned amortization class bond, provides prepayment support for, planned amortization class bond)
(planned amortization class bond, supported by, planned amortization class bond)","[""agency c m o"", ""agency jump tranche"", ""agency jump z tranche"", ""agency p o tranche"", ""agency z tranche"", ""debt offering"", ""jump z trigger event"", ""p a c- z tranche"", ""planned amortization class bond"", ""securities offering""]","[""provides prepayment support"", ""provides prepayment support for"", ""specifies trigger"", ""supported by""]","[{""characteristics"": [], ""meta"": {""object_iri"": ""https://spec.edmcouncil.org/fibo/ontology/SEC/Debt/CollateralizedDebtObligations/AgencyCMO"", ""predicate_iri"": ""https://spec.edmcouncil.org/fibo/ontology/SEC/Debt/CollateralizedDebtObligations/providesPrepaymentSupport"", ""predicate_type"": ""object"", ""subject_iri"": ""https://spec.edmcouncil.org/fibo/ontology/SEC/Debt/CollateralizedDebtObligations/AgencyCMO""}, ""text"": ""agency c m o provides prepayment support agency c m o."", ""triple"": [""agency c m o"", ""provides prepayment support"", ""agency c m o""]}, {""characteristics"": [], ""meta"": {""object_iri"": ""https://spec.edmcouncil.org/fibo/ontology/SEC/Debt/CollateralizedDebtObligations/JumpZTriggerEvent"", ""predicate_iri"": ""https://spec.edmcouncil.org/fibo/ontology/SEC/Debt/CollateralizedDebtObligations/specifiesTrigger"", ""predicate_type"": ""object"", ""subject_iri"": ""https://spec.edmcouncil.org/fibo/ontology/SEC/Debt/CollateralizedDebtObligations/AgencyJumpTranche""}, ""text"": ""agency jump tranche specifies trigger jump z trigger event."", ""triple"": [""agency jump tranche"", ""specifies trigger"", ""jump z trigger event""]}, {""characteristics"": [], ""meta"": {""object_iri"": ""https://spec.edmcouncil.org/fibo/ontology/SEC/Debt/CollateralizedDebtObligations/PlannedAmortizationClassBond"", ""predicate_iri"": ""https://spec.edmcouncil.org/fibo/ontology/SEC/Debt/CollateralizedDebtObligations/providesPrepaymentSupportFor"", ""predicate_type"": ""object"", ""subject_iri"": ""https://spec.edmcouncil.org/fibo/ontology/SEC/Debt/CollateralizedDebtObligations/PlannedAmortizationClassBond""}, ""text"": ""planned amortization class bond provides prepayment support for planned amortization class bond."", ""triple"": [""planned amortization class bond"", ""provides prepayment support for"", ""planned amortization class bond""]}, {""characteristics"": [], ""meta"": {""object_iri"": ""https://spec.edmcouncil.org/fibo/ontology/SEC/Debt/CollateralizedDebtObligations/PlannedAmortizationClassBond"", ""predicate_iri"": ""https://spec.edmcouncil.org/fibo/ontology/SEC/Debt/CollateralizedDebtObligations/supportedBy"", ""predicate_type"": ""object"", ""subject_iri"": ""https://spec.edmcouncil.org/fibo/ontology/SEC/Debt/CollateralizedDebtObligations/PlannedAmortizationClassBond""}, ""text"": ""planned amortization class bond supported by planned amortization class bond."", ""triple"": [""planned amortization class bond"", ""supported by"", ""planned amortization class bond""]}]",{}
L4_Business_Finance_Business_Finance_Financial_Industry_Business_Ontology_property_CollateralizedDebtObligations_00010,"In the Financial Industry Business Ontology, given the following set of classes and properties, construct only object- and data-property relationships. Do not output subClassOf triples. Output only triples in the form (subject, predicate, object).

Classes:
- floater tranche
- mezzanine m b s tranche
- mortgage-backed security
- non agency jump tranche
- non agency jump z tranche
- non agency regular jump z tranche
- non agency sticky jump z tranche
- non agency z tranche
- pool-backed security
- tranched m b s instrument

Object Properties:
- cashflow precedence
- provides credit support to
- senior to

Data Properties:
None",,"(mezzanine m b s tranche, senior to, mezzanine m b s tranche)
(tranched m b s instrument, cashflow precedence, tranched m b s instrument)
(tranched m b s instrument, provides credit support to, tranched m b s instrument)",3_4,L4,Property Relation Construction,Learning,Generation,triple_f1,Business_Finance,Business_Finance/Financial_Industry_Business_Ontology,bench_3_4/Business_Finance/Financial_Industry_Business_Ontology/SEC/Debt/CollateralizedDebtObligations/property_CollateralizedDebtObligations.json,9,,,,"(mezzanine m b s tranche, senior to, mezzanine m b s tranche)
(tranched m b s instrument, cashflow precedence, tranched m b s instrument)
(tranched m b s instrument, provides credit support to, tranched m b s instrument)","[""floater tranche"", ""mezzanine m b s tranche"", ""mortgage-backed security"", ""non agency jump tranche"", ""non agency jump z tranche"", ""non agency regular jump z tranche"", ""non agency sticky jump z tranche"", ""non agency z tranche"", ""pool-backed security"", ""tranched m b s instrument""]","[""cashflow precedence"", ""provides credit support to"", ""senior to""]","[{""characteristics"": [], ""meta"": {""object_iri"": ""https://spec.edmcouncil.org/fibo/ontology/SEC/Debt/CollateralizedDebtObligations/MezzanineMBSTranche"", ""predicate_iri"": ""https://spec.edmcouncil.org/fibo/ontology/SEC/Debt/CollateralizedDebtObligations/seniorTo"", ""predicate_type"": ""object"", ""subject_iri"": ""https://spec.edmcouncil.org/fibo/ontology/SEC/Debt/CollateralizedDebtObligations/MezzanineMBSTranche""}, ""text"": ""mezzanine m b s tranche senior to mezzanine m b s tranche."", ""triple"": [""mezzanine m b s tranche"", ""senior to"", ""mezzanine m b s tranche""]}, {""characteristics"": [], ""meta"": {""object_iri"": ""https://spec.edmcouncil.org/fibo/ontology/SEC/Debt/CollateralizedDebtObligations/TranchedMBSInstrument"", ""predicate_iri"": ""https://spec.edmcouncil.org/fibo/ontology/SEC/Debt/CollateralizedDebtObligations/cashflowPrecedence"", ""predicate_type"": ""object"", ""subject_iri"": ""https://spec.edmcouncil.org/fibo/ontology/SEC/Debt/CollateralizedDebtObligations/TranchedMBSInstrument""}, ""text"": ""tranched m b s instrument cashflow precedence tranched m b s instrument."", ""triple"": [""tranched m b s instrument"", ""cashflow precedence"", ""tranched m b s instrument""]}, {""characteristics"": [], ""meta"": {""object_iri"": ""https://spec.edmcouncil.org/fibo/ontology/SEC/Debt/CollateralizedDebtObligations/TranchedMBSInstrument"", ""predicate_iri"": ""https://spec.edmcouncil.org/fibo/ontology/SEC/Debt/CollateralizedDebtObligations/providesCreditSupportTo"", ""predicate_type"": ""object"", ""subject_iri"": ""https://spec.edmcouncil.org/fibo/ontology/SEC/Debt/CollateralizedDebtObligations/TranchedMBSInstrument""}, ""text"": ""tranched m b s instrument provides credit support to tranched m b s instrument."", ""triple"": [""tranched m b s instrument"", ""provides credit support to"", ""tranched m b s instrument""]}]",{}
L4_Business_Finance_Business_Finance_Financial_Industry_Business_Ontology_property_CollateralizedDebtObligations_00011,"In the Financial Industry Business Ontology, given the following set of classes and properties, construct only object- and data-property relationships. Do not output subClassOf triples. Output only triples in the form (subject, predicate, object).

Classes:
- floater tranche
- jump z trigger event
- mortgage-backed security
- non agency jump tranche
- non agency jump z tranche
- non agency regular jump z tranche
- non agency sticky jump z tranche
- non agency z tranche
- pool-backed security
- tranched m b s instrument

Object Properties:
- cashflow precedence
- provides credit support to
- specifies trigger

Data Properties:
None",,"(non agency jump tranche, specifies trigger, jump z trigger event)
(tranched m b s instrument, cashflow precedence, tranched m b s instrument)
(tranched m b s instrument, provides credit support to, tranched m b s instrument)",3_4,L4,Property Relation Construction,Learning,Generation,triple_f1,Business_Finance,Business_Finance/Financial_Industry_Business_Ontology,bench_3_4/Business_Finance/Financial_Industry_Business_Ontology/SEC/Debt/CollateralizedDebtObligations/property_CollateralizedDebtObligations.json,10,,,,"(non agency jump tranche, specifies trigger, jump z trigger event)
(tranched m b s instrument, cashflow precedence, tranched m b s instrument)
(tranched m b s instrument, provides credit support to, tranched m b s instrument)","[""floater tranche"", ""jump z trigger event"", ""mortgage-backed security"", ""non agency jump tranche"", ""non agency jump z tranche"", ""non agency regular jump z tranche"", ""non agency sticky jump z tranche"", ""non agency z tranche"", ""pool-backed security"", ""tranched m b s instrument""]","[""cashflow precedence"", ""provides credit support to"", ""specifies trigger""]","[{""characteristics"": [], ""meta"": {""object_iri"": ""https://spec.edmcouncil.org/fibo/ontology/SEC/Debt/CollateralizedDebtObligations/JumpZTriggerEvent"", ""predicate_iri"": ""https://spec.edmcouncil.org/fibo/ontology/SEC/Debt/CollateralizedDebtObligations/specifiesTrigger"", ""predicate_type"": ""object"", ""subject_iri"": ""https://spec.edmcouncil.org/fibo/ontology/SEC/Debt/CollateralizedDebtObligations/NonAgencyJumpTranche""}, ""text"": ""non agency jump tranche specifies trigger jump z trigger event."", ""triple"": [""non agency jump tranche"", ""specifies trigger"", ""jump z trigger event""]}, {""characteristics"": [], ""meta"": {""object_iri"": ""https://spec.edmcouncil.org/fibo/ontology/SEC/Debt/CollateralizedDebtObligations/TranchedMBSInstrument"", ""predicate_iri"": ""https://spec.edmcouncil.org/fibo/ontology/SEC/Debt/CollateralizedDebtObligations/cashflowPrecedence"", ""predicate_type"": ""object"", ""subject_iri"": ""https://spec.edmcouncil.org/fibo/ontology/SEC/Debt/CollateralizedDebtObligations/TranchedMBSInstrument""}, ""text"": ""tranched m b s instrument cashflow precedence tranched m b s instrument."", ""triple"": [""tranched m b s instrument"", ""cashflow precedence"", ""tranched m b s instrument""]}, {""characteristics"": [], ""meta"": {""object_iri"": ""https://spec.edmcouncil.org/fibo/ontology/SEC/Debt/CollateralizedDebtObligations/TranchedMBSInstrument"", ""predicate_iri"": ""https://spec.edmcouncil.org/fibo/ontology/SEC/Debt/CollateralizedDebtObligations/providesCreditSupportTo"", ""predicate_type"": ""object"", ""subject_iri"": ""https://spec.edmcouncil.org/fibo/ontology/SEC/Debt/CollateralizedDebtObligations/TranchedMBSInstrument""}, ""text"": ""tranched m b s instrument provides credit support to tranched m b s instrument."", ""triple"": [""tranched m b s instrument"", ""provides credit support to"", ""tranched m b s instrument""]}]",{}
L4_Business_Finance_Business_Finance_Financial_Industry_Business_Ontology_property_DebtInstruments_00001,"In the Financial Industry Business Ontology, given the following set of classes and properties, construct only object- and data-property relationships. Do not output subClassOf triples. Output only triples in the form (subject, predicate, object).

Classes:
- call feature
- contractual commitment
- debt terms
- interest payment terms
- make whole feature
- mutual commitment
- notification provision
- principal repayment terms
- put feature
- redemption provision

Object Properties:
- has notification provision

Data Properties:
- allows auto-reinvestment
- has estate or death put feature
- is extendable by holder
- is extendable by issuer
- right to retain",,"(interest payment terms, allows auto-reinvestment, boolean)
(put feature, has estate or death put feature, boolean)
(put feature, right to retain, boolean)
(redemption provision, has notification provision, notification provision)
(redemption provision, is extendable by holder, boolean)
(redemption provision, is extendable by issuer, boolean)",3_4,L4,Property Relation Construction,Learning,Generation,triple_f1,Business_Finance,Business_Finance/Financial_Industry_Business_Ontology,bench_3_4/Business_Finance/Financial_Industry_Business_Ontology/SEC/Debt/DebtInstruments/property_DebtInstruments.json,0,,,,"(interest payment terms, allows auto-reinvestment, boolean)
(put feature, has estate or death put feature, boolean)
(put feature, right to retain, boolean)
(redemption provision, has notification provision, notification provision)
(redemption provision, is extendable by holder, boolean)
(redemption provision, is extendable by issuer, boolean)","[""call feature"", ""contractual commitment"", ""debt terms"", ""interest payment terms"", ""make whole feature"", ""mutual commitment"", ""notification provision"", ""principal repayment terms"", ""put feature"", ""redemption provision""]","[""has notification provision""]","[{""characteristics"": [], ""meta"": {""object_iri"": null, ""predicate_iri"": ""https://spec.edmcouncil.org/fibo/ontology/SEC/Debt/DebtInstruments/allowsAutoReinvestment"", ""predicate_type"": ""data"", ""subject_iri"": ""https://spec.edmcouncil.org/fibo/ontology/FBC/DebtAndEquities/Debt/InterestPaymentTerms""}, ""text"": ""interest payment terms allows auto-reinvestment boolean."", ""triple"": [""interest payment terms"", ""allows auto-reinvestment"", ""boolean""]}, {""characteristics"": [], ""meta"": {""object_iri"": null, ""predicate_iri"": ""https://spec.edmcouncil.org/fibo/ontology/SEC/Debt/DebtInstruments/hasEstateOrDeathPutFeature"", ""predicate_type"": ""data"", ""subject_iri"": ""https://spec.edmcouncil.org/fibo/ontology/SEC/Debt/DebtInstruments/PutFeature""}, ""text"": ""put feature has estate or death put feature boolean."", ""triple"": [""put feature"", ""has estate or death put feature"", ""boolean""]}, {""characteristics"": [], ""meta"": {""object_iri"": null, ""predicate_iri"": ""https://spec.edmcouncil.org/fibo/ontology/SEC/Debt/DebtInstruments/hasRightToRetain"", ""predicate_type"": ""data"", ""subject_iri"": ""https://spec.edmcouncil.org/fibo/ontology/SEC/Debt/DebtInstruments/PutFeature""}, ""text"": ""put feature right to retain boolean."", ""triple"": [""put feature"", ""right to retain"", ""boolean""]}, {""characteristics"": [], ""meta"": {""object_iri"": ""https://spec.edmcouncil.org/fibo/ontology/SEC/Debt/DebtInstruments/NotificationProvision"", ""predicate_iri"": ""https://spec.edmcouncil.org/fibo/ontology/SEC/Debt/DebtInstruments/hasNotificationProvision"", ""predicate_type"": ""object"", ""subject_iri"": ""https://spec.edmcouncil.org/fibo/ontology/FBC/FinancialInstruments/FinancialInstruments/RedemptionProvision""}, ""text"": ""redemption provision has notification provision notification provision."", ""triple"": [""redemption provision"", ""has notification provision"", ""notification provision""]}, {""characteristics"": [], ""meta"": {""object_iri"": null, ""predicate_iri"": ""https://spec.edmcouncil.org/fibo/ontology/SEC/Debt/DebtInstruments/isExtendableByHolder"", ""predicate_type"": ""data"", ""subject_iri"": ""https://spec.edmcouncil.org/fibo/ontology/FBC/FinancialInstruments/FinancialInstruments/RedemptionProvision""}, ""text"": ""redemption provision is extendable by holder boolean."", ""triple"": [""redemption provision"", ""is extendable by holder"", ""boolean""]}, {""characteristics"": [], ""meta"": {""object_iri"": null, ""predicate_iri"": ""https://spec.edmcouncil.org/fibo/ontology/SEC/Debt/DebtInstruments/isExtendableByIssuer"", ""predicate_type"": ""data"", ""subject_iri"": ""https://spec.edmcouncil.org/fibo/ontology/FBC/FinancialInstruments/FinancialInstruments/RedemptionProvision""}, ""text"": ""redemption provision is extendable by issuer boolean."", ""triple"": [""redemption provision"", ""is extendable by issuer"", ""boolean""]}]",{}
L4_Business_Finance_Business_Finance_Financial_Industry_Business_Ontology_property_MortgageBackedSecurities_00001,"In the Financial Industry Business Ontology, given the following set of classes and properties, construct only object- and data-property relationships. Do not output subClassOf triples. Output only triples in the form (subject, predicate, object).

Classes:
- commercial m b s
- floater tranche
- mezzanine m b s tranche
- mortgage-backed security
- non agency jump tranche
- pass through m b s instrument
- pool-backed security
- residential m b s
- tradable debt instrument
- tranched m b s instrument

Object Properties:
None

Data Properties:
- prime",,"(residential m b s, prime, boolean)",3_4,L4,Property Relation Construction,Learning,Generation,triple_f1,Business_Finance,Business_Finance/Financial_Industry_Business_Ontology,bench_3_4/Business_Finance/Financial_Industry_Business_Ontology/SEC/Debt/MortgageBackedSecurities/property_MortgageBackedSecurities.json,0,,,,"(residential m b s, prime, boolean)","[""commercial m b s"", ""floater tranche"", ""mezzanine m b s tranche"", ""mortgage-backed security"", ""non agency jump tranche"", ""pass through m b s instrument"", ""pool-backed security"", ""residential m b s"", ""tradable debt instrument"", ""tranched m b s instrument""]",[],"[{""characteristics"": [], ""meta"": {""object_iri"": null, ""predicate_iri"": ""https://spec.edmcouncil.org/fibo/ontology/SEC/Debt/MortgageBackedSecurities/prime"", ""predicate_type"": ""data"", ""subject_iri"": ""https://spec.edmcouncil.org/fibo/ontology/SEC/Debt/MortgageBackedSecurities/ResidentialMBS""}, ""text"": ""residential m b s prime boolean."", ""triple"": [""residential m b s"", ""prime"", ""boolean""]}]",{}
L4_Business_Finance_Business_Finance_Financial_Industry_Business_Ontology_property_PoolBackedSecurities_00001,"In the Financial Industry Business Ontology, given the following set of classes and properties, construct only object- and data-property relationships. Do not output subClassOf triples. Output only triples in the form (subject, predicate, object).

Classes:
- asset-backed security
- debt instrument
- financial instrument
- pool-backed security
- principal protected note
- security
- structured finance instrument
- structured finance without principal protection
- tradable debt instrument
- tranche

Object Properties:
None

Data Properties:
- is pass through",,"(pool-backed security, is pass through, boolean)",3_4,L4,Property Relation Construction,Learning,Generation,triple_f1,Business_Finance,Business_Finance/Financial_Industry_Business_Ontology,bench_3_4/Business_Finance/Financial_Industry_Business_Ontology/SEC/Debt/PoolBackedSecurities/property_PoolBackedSecurities.json,0,,,,"(pool-backed security, is pass through, boolean)","[""asset-backed security"", ""debt instrument"", ""financial instrument"", ""pool-backed security"", ""principal protected note"", ""security"", ""structured finance instrument"", ""structured finance without principal protection"", ""tradable debt instrument"", ""tranche""]",[],"[{""characteristics"": [], ""meta"": {""object_iri"": null, ""predicate_iri"": ""https://spec.edmcouncil.org/fibo/ontology/SEC/Debt/PoolBackedSecurities/isPassThrough"", ""predicate_type"": ""data"", ""subject_iri"": ""https://spec.edmcouncil.org/fibo/ontology/SEC/Debt/PoolBackedSecurities/PoolBackedSecurity""}, ""text"": ""pool-backed security is pass through boolean."", ""triple"": [""pool-backed security"", ""is pass through"", ""boolean""]}]",{}
L4_Business_Finance_Business_Finance_Financial_Industry_Business_Ontology_property_SyntheticCDOs_00001,"In the Financial Industry Business Ontology, given the following set of classes and properties, construct only object- and data-property relationships. Do not output subClassOf triples. Output only triples in the form (subject, predicate, object).

Classes:
- arbitrage c d o
- arbitrage synthetic c d o
- credit default swap
- financial asset
- instrument credit rating
- structured finance instrument
- synthetic amortizing security
- synthetic debt instrument pool funding asset
- synthetic pool asset
- synthetic structured finance instrument

Object Properties:
- has investment grade
- simulated by

Data Properties:
None",,"(synthetic debt instrument pool funding asset, has investment grade, instrument credit rating)
(synthetic pool asset, simulated by, credit default swap)",3_4,L4,Property Relation Construction,Learning,Generation,triple_f1,Business_Finance,Business_Finance/Financial_Industry_Business_Ontology,bench_3_4/Business_Finance/Financial_Industry_Business_Ontology/SEC/Debt/SyntheticCDOs/property_SyntheticCDOs.json,0,,,,"(synthetic debt instrument pool funding asset, has investment grade, instrument credit rating)
(synthetic pool asset, simulated by, credit default swap)","[""arbitrage c d o"", ""arbitrage synthetic c d o"", ""credit default swap"", ""financial asset"", ""instrument credit rating"", ""structured finance instrument"", ""synthetic amortizing security"", ""synthetic debt instrument pool funding asset"", ""synthetic pool asset"", ""synthetic structured finance instrument""]","[""has investment grade"", ""simulated by""]","[{""characteristics"": [], ""meta"": {""object_iri"": ""https://spec.edmcouncil.org/fibo/ontology/FBC/DebtAndEquities/CreditRatings/InstrumentCreditRating"", ""predicate_iri"": ""https://spec.edmcouncil.org/fibo/ontology/SEC/Debt/SyntheticCDOs/hasInvestmentGrade"", ""predicate_type"": ""object"", ""subject_iri"": ""https://spec.edmcouncil.org/fibo/ontology/SEC/Debt/SyntheticCDOs/SyntheticDebtInstrumentPoolFundingAsset""}, ""text"": ""synthetic debt instrument pool funding asset has investment grade instrument credit rating."", ""triple"": [""synthetic debt instrument pool funding asset"", ""has investment grade"", ""instrument credit rating""]}, {""characteristics"": [], ""meta"": {""object_iri"": ""https://spec.edmcouncil.org/fibo/ontology/DER/CreditDerivatives/CreditDefaultSwaps/CreditDefaultSwap"", ""predicate_iri"": ""https://spec.edmcouncil.org/fibo/ontology/SEC/Debt/SyntheticCDOs/simulatedBy"", ""predicate_type"": ""object"", ""subject_iri"": ""https://spec.edmcouncil.org/fibo/ontology/SEC/Debt/SyntheticCDOs/SyntheticPoolAsset""}, ""text"": ""synthetic pool asset simulated by credit default swap."", ""triple"": [""synthetic pool asset"", ""simulated by"", ""credit default swap""]}]",{}
L4_Business_Finance_Business_Finance_Financial_Industry_Business_Ontology_property_DepositaryReceipts_00001,"In the Financial Industry Business Ontology, given the following set of classes and properties, construct only object- and data-property relationships. Do not output subClassOf triples. Output only triples in the form (subject, predicate, object).

Classes:
- American depositary receipt
- Chinese depositary receipt
- European depositary receipt
- Hong Kong depositary receipt
- Indian depositary receipt
- Japanese depositary receipt
- Luxembourg depositary receipt
- depositary receipt
- global depositary receipt
- security

Object Properties:
- has traded security

Data Properties:
- has multiplier
- has number of depositary receipts issued",,"(depositary receipt, has multiplier, float)
(depositary receipt, has number of depositary receipts issued, integer)
(depositary receipt, has traded security, security)",3_4,L4,Property Relation Construction,Learning,Generation,triple_f1,Business_Finance,Business_Finance/Financial_Industry_Business_Ontology,bench_3_4/Business_Finance/Financial_Industry_Business_Ontology/SEC/Equities/DepositaryReceipts/property_DepositaryReceipts.json,0,,,,"(depositary receipt, has multiplier, float)
(depositary receipt, has number of depositary receipts issued, integer)
(depositary receipt, has traded security, security)","[""American depositary receipt"", ""Chinese depositary receipt"", ""European depositary receipt"", ""Hong Kong depositary receipt"", ""Indian depositary receipt"", ""Japanese depositary receipt"", ""Luxembourg depositary receipt"", ""depositary receipt"", ""global depositary receipt"", ""security""]","[""has traded security""]","[{""characteristics"": [], ""meta"": {""object_iri"": null, ""predicate_iri"": ""https://spec.edmcouncil.org/fibo/ontology/SEC/Equities/DepositaryReceipts/hasMultiplier"", ""predicate_type"": ""data"", ""subject_iri"": ""https://spec.edmcouncil.org/fibo/ontology/SEC/Equities/DepositaryReceipts/DepositaryReceipt""}, ""text"": ""depositary receipt has multiplier float."", ""triple"": [""depositary receipt"", ""has multiplier"", ""float""]}, {""characteristics"": [], ""meta"": {""object_iri"": null, ""predicate_iri"": ""https://spec.edmcouncil.org/fibo/ontology/SEC/Equities/DepositaryReceipts/hasNumberOfDepositaryReceiptsIssued"", ""predicate_type"": ""data"", ""subject_iri"": ""https://spec.edmcouncil.org/fibo/ontology/SEC/Equities/DepositaryReceipts/DepositaryReceipt""}, ""text"": ""depositary receipt has number of depositary receipts issued integer."", ""triple"": [""depositary receipt"", ""has number of depositary receipts issued"", ""integer""]}, {""characteristics"": [], ""meta"": {""object_iri"": ""https://spec.edmcouncil.org/fibo/ontology/FBC/FinancialInstruments/FinancialInstruments/Security"", ""predicate_iri"": ""https://spec.edmcouncil.org/fibo/ontology/SEC/Equities/DepositaryReceipts/hasTradedSecurity"", ""predicate_type"": ""object"", ""subject_iri"": ""https://spec.edmcouncil.org/fibo/ontology/SEC/Equities/DepositaryReceipts/DepositaryReceipt""}, ""text"": ""depositary receipt has traded security security."", ""triple"": [""depositary receipt"", ""has traded security"", ""security""]}]",{}
L4_Business_Finance_Business_Finance_Financial_Industry_Business_Ontology_property_EquityInstruments_00001,"In the Financial Industry Business Ontology, given the following set of classes and properties, construct only object- and data-property relationships. Do not output subClassOf triples. Output only triples in the form (subject, predicate, object).

Classes:
- convertible preferred share
- equity instrument
- preferred share
- preferred share with fixed maturity date
- redeemable preferred share
- redeemable preferred share with extendable maturity date
- redeemable preferred share with extendable redemption date
- retractable preferred share
- retractable preferred share with extendable maturity date
- share

Object Properties:
- is senior to

Data Properties:
- has extendable maturity date
- has share class
- has voting restriction",,"(preferred share, has extendable maturity date, boolean)
(share, has share class, string)
(share, has voting restriction, string)
(share, is senior to, share)",3_4,L4,Property Relation Construction,Learning,Generation,triple_f1,Business_Finance,Business_Finance/Financial_Industry_Business_Ontology,bench_3_4/Business_Finance/Financial_Industry_Business_Ontology/SEC/Equities/EquityInstruments/property_EquityInstruments.json,0,,,,"(preferred share, has extendable maturity date, boolean)
(share, has share class, string)
(share, has voting restriction, string)
(share, is senior to, share)","[""convertible preferred share"", ""equity instrument"", ""preferred share"", ""preferred share with fixed maturity date"", ""redeemable preferred share"", ""redeemable preferred share with extendable maturity date"", ""redeemable preferred share with extendable redemption date"", ""retractable preferred share"", ""retractable preferred share with extendable maturity date"", ""share""]","[""is senior to""]","[{""characteristics"": [], ""meta"": {""object_iri"": null, ""predicate_iri"": ""https://spec.edmcouncil.org/fibo/ontology/SEC/Equities/EquityInstruments/hasExtendableMaturityDate"", ""predicate_type"": ""data"", ""subject_iri"": ""https://spec.edmcouncil.org/fibo/ontology/SEC/Equities/EquityInstruments/PreferredShare""}, ""text"": ""preferred share has extendable maturity date boolean."", ""triple"": [""preferred share"", ""has extendable maturity date"", ""boolean""]}, {""characteristics"": [], ""meta"": {""object_iri"": null, ""predicate_iri"": ""https://spec.edmcouncil.org/fibo/ontology/SEC/Equities/EquityInstruments/hasShareClass"", ""predicate_type"": ""data"", ""subject_iri"": ""https://spec.edmcouncil.org/fibo/ontology/SEC/Equities/EquityInstruments/Share""}, ""text"": ""share has share class string."", ""triple"": [""share"", ""has share class"", ""string""]}, {""characteristics"": [], ""meta"": {""object_iri"": null, ""predicate_iri"": ""https://spec.edmcouncil.org/fibo/ontology/SEC/Equities/EquityInstruments/hasVotingRestriction"", ""predicate_type"": ""data"", ""subject_iri"": ""https://spec.edmcouncil.org/fibo/ontology/SEC/Equities/EquityInstruments/Share""}, ""text"": ""share has voting restriction string."", ""triple"": [""share"", ""has voting restriction"", ""string""]}, {""characteristics"": [], ""meta"": {""object_iri"": ""https://spec.edmcouncil.org/fibo/ontology/SEC/Equities/EquityInstruments/Share"", ""predicate_iri"": ""https://spec.edmcouncil.org/fibo/ontology/SEC/Equities/EquityInstruments/isSeniorTo"", ""predicate_type"": ""object"", ""subject_iri"": ""https://spec.edmcouncil.org/fibo/ontology/SEC/Equities/EquityInstruments/Share""}, ""text"": ""share is senior to share."", ""triple"": [""share"", ""is senior to"", ""share""]}]",{}
L4_Business_Finance_Business_Finance_Financial_Industry_Business_Ontology_property_EquityInstruments_00002,"In the Financial Industry Business Ontology, given the following set of classes and properties, construct only object- and data-property relationships. Do not output subClassOf triples. Output only triples in the form (subject, predicate, object).

Classes:
- commitment
- constituent
- contractual commitment
- contractual element
- conversion terms
- debt terms
- equity conversion terms
- equity redemption provision
- mutual commitment
- redemption provision

Object Properties:
None

Data Properties:
- has extendable redemption date
- is redeemable at issuer option
- is redeemable at shareholder option",,"(equity redemption provision, has extendable redemption date, boolean)
(redemption provision, is redeemable at issuer option, boolean)
(redemption provision, is redeemable at shareholder option, boolean)",3_4,L4,Property Relation Construction,Learning,Generation,triple_f1,Business_Finance,Business_Finance/Financial_Industry_Business_Ontology,bench_3_4/Business_Finance/Financial_Industry_Business_Ontology/SEC/Equities/EquityInstruments/property_EquityInstruments.json,1,,,,"(equity redemption provision, has extendable redemption date, boolean)
(redemption provision, is redeemable at issuer option, boolean)
(redemption provision, is redeemable at shareholder option, boolean)","[""commitment"", ""constituent"", ""contractual commitment"", ""contractual element"", ""conversion terms"", ""debt terms"", ""equity conversion terms"", ""equity redemption provision"", ""mutual commitment"", ""redemption provision""]",[],"[{""characteristics"": [], ""meta"": {""object_iri"": null, ""predicate_iri"": ""https://spec.edmcouncil.org/fibo/ontology/SEC/Equities/EquityInstruments/hasExtendableRedemptionDate"", ""predicate_type"": ""data"", ""subject_iri"": ""https://spec.edmcouncil.org/fibo/ontology/SEC/Equities/EquityInstruments/EquityRedemptionProvision""}, ""text"": ""equity redemption provision has extendable redemption date boolean."", ""triple"": [""equity redemption provision"", ""has extendable redemption date"", ""boolean""]}, {""characteristics"": [], ""meta"": {""object_iri"": null, ""predicate_iri"": ""https://spec.edmcouncil.org/fibo/ontology/SEC/Equities/EquityInstruments/isRedeemableAtIssuerOption"", ""predicate_type"": ""data"", ""subject_iri"": ""https://spec.edmcouncil.org/fibo/ontology/FBC/FinancialInstruments/FinancialInstruments/RedemptionProvision""}, ""text"": ""redemption provision is redeemable at issuer option boolean."", ""triple"": [""redemption provision"", ""is redeemable at issuer option"", ""boolean""]}, {""characteristics"": [], ""meta"": {""object_iri"": null, ""predicate_iri"": ""https://spec.edmcouncil.org/fibo/ontology/SEC/Equities/EquityInstruments/isRedeemableAtShareholderOption"", ""predicate_type"": ""data"", ""subject_iri"": ""https://spec.edmcouncil.org/fibo/ontology/FBC/FinancialInstruments/FinancialInstruments/RedemptionProvision""}, ""text"": ""redemption provision is redeemable at shareholder option boolean."", ""triple"": [""redemption provision"", ""is redeemable at shareholder option"", ""boolean""]}]",{}
L4_Business_Finance_Business_Finance_Financial_Industry_Business_Ontology_property_CollectiveInvestmentVehicles_00001,"In the Financial Industry Business Ontology, given the following set of classes and properties, construct only object- and data-property relationships. Do not output subClassOf triples. Output only triples in the form (subject, predicate, object).

Classes:
- code set
- collection
- constitution
- equity portfolio
- financial record
- fund portfolio
- portfolio
- portfolio benchmark
- schedule
- structured collection

Object Properties:
- assessed against

Data Properties:
- description",,"(fund portfolio, assessed against, portfolio benchmark)
(portfolio benchmark, description, string)",3_4,L4,Property Relation Construction,Learning,Generation,triple_f1,Business_Finance,Business_Finance/Financial_Industry_Business_Ontology,bench_3_4/Business_Finance/Financial_Industry_Business_Ontology/SEC/Funds/CollectiveInvestmentVehicles/property_CollectiveInvestmentVehicles.json,0,,,,"(fund portfolio, assessed against, portfolio benchmark)
(portfolio benchmark, description, string)","[""code set"", ""collection"", ""constitution"", ""equity portfolio"", ""financial record"", ""fund portfolio"", ""portfolio"", ""portfolio benchmark"", ""schedule"", ""structured collection""]","[""assessed against""]","[{""characteristics"": [], ""meta"": {""object_iri"": ""https://spec.edmcouncil.org/fibo/ontology/SEC/Funds/CollectiveInvestmentVehicles/PortfolioBenchmark"", ""predicate_iri"": ""https://spec.edmcouncil.org/fibo/ontology/SEC/Funds/CollectiveInvestmentVehicles/assessedAgainst"", ""predicate_type"": ""object"", ""subject_iri"": ""https://spec.edmcouncil.org/fibo/ontology/SEC/Funds/CollectiveInvestmentVehicles/FundPortfolio""}, ""text"": ""fund portfolio assessed against portfolio benchmark."", ""triple"": [""fund portfolio"", ""assessed against"", ""portfolio benchmark""]}, {""characteristics"": [], ""meta"": {""object_iri"": null, ""predicate_iri"": ""https://spec.edmcouncil.org/fibo/ontology/SEC/Funds/CollectiveInvestmentVehicles/description.1"", ""predicate_type"": ""data"", ""subject_iri"": ""https://spec.edmcouncil.org/fibo/ontology/SEC/Funds/CollectiveInvestmentVehicles/PortfolioBenchmark""}, ""text"": ""portfolio benchmark description string."", ""triple"": [""portfolio benchmark"", ""description"", ""string""]}]",{}
L4_Business_Finance_Business_Finance_Financial_Industry_Business_Ontology_property_CollectiveInvestmentVehicles_00002,"In the Financial Industry Business Ontology, given the following set of classes and properties, construct only object- and data-property relationships. Do not output subClassOf triples. Output only triples in the form (subject, predicate, object).

Classes:
- accumulating share class
- common share in fund
- date
- distributing share class
- equity instrument
- fund bond class unit
- fund share class unit
- fund unit
- preferred share in fund
- share

Object Properties:
- has issue date
- inception date

Data Properties:
- fund class type identifier
- holder may reinvest
- limited shares are issued",,"(distributing share class, holder may reinvest, boolean)
(fund share class unit, inception date, date)
(fund share class unit, limited shares are issued, boolean)
(fund unit, fund class type identifier, string)
(fund unit, has issue date, date)",3_4,L4,Property Relation Construction,Learning,Generation,triple_f1,Business_Finance,Business_Finance/Financial_Industry_Business_Ontology,bench_3_4/Business_Finance/Financial_Industry_Business_Ontology/SEC/Funds/CollectiveInvestmentVehicles/property_CollectiveInvestmentVehicles.json,1,,,,"(distributing share class, holder may reinvest, boolean)
(fund share class unit, inception date, date)
(fund share class unit, limited shares are issued, boolean)
(fund unit, fund class type identifier, string)
(fund unit, has issue date, date)","[""accumulating share class"", ""common share in fund"", ""date"", ""distributing share class"", ""equity instrument"", ""fund bond class unit"", ""fund share class unit"", ""fund unit"", ""preferred share in fund"", ""share""]","[""has issue date"", ""inception date""]","[{""characteristics"": [], ""meta"": {""object_iri"": null, ""predicate_iri"": ""https://spec.edmcouncil.org/fibo/ontology/SEC/Funds/CollectiveInvestmentVehicles/holderMayReinvest"", ""predicate_type"": ""data"", ""subject_iri"": ""https://spec.edmcouncil.org/fibo/ontology/SEC/Funds/CollectiveInvestmentVehicles/DistributingShareClass""}, ""text"": ""distributing share class holder may reinvest boolean."", ""triple"": [""distributing share class"", ""holder may reinvest"", ""boolean""]}, {""characteristics"": [], ""meta"": {""object_iri"": ""https://www.omg.org/spec/Commons/DatesAndTimes/Date"", ""predicate_iri"": ""https://spec.edmcouncil.org/fibo/ontology/SEC/Funds/CollectiveInvestmentVehicles/inceptionDate.1"", ""predicate_type"": ""object"", ""subject_iri"": ""https://spec.edmcouncil.org/fibo/ontology/SEC/Funds/CollectiveInvestmentVehicles/FundShareClassUnit""}, ""text"": ""fund share class unit inception date date."", ""triple"": [""fund share class unit"", ""inception date"", ""date""]}, {""characteristics"": [], ""meta"": {""object_iri"": null, ""predicate_iri"": ""https://spec.edmcouncil.org/fibo/ontology/SEC/Funds/CollectiveInvestmentVehicles/limitedSharesAreIssued"", ""predicate_type"": ""data"", ""subject_iri"": ""https://spec.edmcouncil.org/fibo/ontology/SEC/Funds/CollectiveInvestmentVehicles/FundShareClassUnit""}, ""text"": ""fund share class unit limited shares are issued boolean."", ""triple"": [""fund share class unit"", ""limited shares are issued"", ""boolean""]}, {""characteristics"": [], ""meta"": {""object_iri"": null, ""predicate_iri"": ""https://spec.edmcouncil.org/fibo/ontology/SEC/Funds/CollectiveInvestmentVehicles/fundClassTypeIdentifier"", ""predicate_type"": ""data"", ""subject_iri"": ""https://spec.edmcouncil.org/fibo/ontology/SEC/Funds/Funds/FundUnit""}, ""text"": ""fund unit fund class type identifier string."", ""triple"": [""fund unit"", ""fund class type identifier"", ""string""]}, {""characteristics"": [], ""meta"": {""object_iri"": ""https://www.omg.org/spec/Commons/DatesAndTimes/Date"", ""predicate_iri"": ""https://spec.edmcouncil.org/fibo/ontology/SEC/Funds/CollectiveInvestmentVehicles/hasIssueDate"", ""predicate_type"": ""object"", ""subject_iri"": ""https://spec.edmcouncil.org/fibo/ontology/SEC/Funds/Funds/FundUnit""}, ""text"": ""fund unit has issue date date."", ""triple"": [""fund unit"", ""has issue date"", ""date""]}]",{}
L4_Business_Finance_Business_Finance_Financial_Industry_Business_Ontology_property_CollectiveInvestmentVehicles_00003,"In the Financial Industry Business Ontology, given the following set of classes and properties, construct only object- and data-property relationships. Do not output subClassOf triples. Output only triples in the form (subject, predicate, object).

Classes:
- common share
- convertible preferred share
- equity instrument
- fund bond class unit
- fund share class unit
- fund unit
- note fund unit
- preferred share
- security
- share

Object Properties:
None

Data Properties:
- fund class type identifier
- limited shares are issued",,"(fund share class unit, limited shares are issued, boolean)
(fund unit, fund class type identifier, string)",3_4,L4,Property Relation Construction,Learning,Generation,triple_f1,Business_Finance,Business_Finance/Financial_Industry_Business_Ontology,bench_3_4/Business_Finance/Financial_Industry_Business_Ontology/SEC/Funds/CollectiveInvestmentVehicles/property_CollectiveInvestmentVehicles.json,2,,,,"(fund share class unit, limited shares are issued, boolean)
(fund unit, fund class type identifier, string)","[""common share"", ""convertible preferred share"", ""equity instrument"", ""fund bond class unit"", ""fund share class unit"", ""fund unit"", ""note fund unit"", ""preferred share"", ""security"", ""share""]",[],"[{""characteristics"": [], ""meta"": {""object_iri"": null, ""predicate_iri"": ""https://spec.edmcouncil.org/fibo/ontology/SEC/Funds/CollectiveInvestmentVehicles/limitedSharesAreIssued"", ""predicate_type"": ""data"", ""subject_iri"": ""https://spec.edmcouncil.org/fibo/ontology/SEC/Funds/CollectiveInvestmentVehicles/FundShareClassUnit""}, ""text"": ""fund share class unit limited shares are issued boolean."", ""triple"": [""fund share class unit"", ""limited shares are issued"", ""boolean""]}, {""characteristics"": [], ""meta"": {""object_iri"": null, ""predicate_iri"": ""https://spec.edmcouncil.org/fibo/ontology/SEC/Funds/CollectiveInvestmentVehicles/fundClassTypeIdentifier"", ""predicate_type"": ""data"", ""subject_iri"": ""https://spec.edmcouncil.org/fibo/ontology/SEC/Funds/Funds/FundUnit""}, ""text"": ""fund unit fund class type identifier string."", ""triple"": [""fund unit"", ""fund class type identifier"", ""string""]}]",{}
L4_Business_Finance_Business_Finance_Financial_Industry_Business_Ontology_property_CollectiveInvestmentVehicles_00004,"In the Financial Industry Business Ontology, given the following set of classes and properties, construct only object- and data-property relationships. Do not output subClassOf triples. Output only triples in the form (subject, predicate, object).

Classes:
- accumulating share class
- common share in fund
- distributing share class
- equity instrument
- fund bond class unit
- fund bond unit coupon
- fund share class unit
- fund unit
- preferred share in fund
- share

Object Properties:
- has expected coupon

Data Properties:
- fund class type identifier
- holder may reinvest
- limited shares are issued",,"(distributing share class, holder may reinvest, boolean)
(fund bond class unit, has expected coupon, fund bond unit coupon)
(fund share class unit, limited shares are issued, boolean)
(fund unit, fund class type identifier, string)",3_4,L4,Property Relation Construction,Learning,Generation,triple_f1,Business_Finance,Business_Finance/Financial_Industry_Business_Ontology,bench_3_4/Business_Finance/Financial_Industry_Business_Ontology/SEC/Funds/CollectiveInvestmentVehicles/property_CollectiveInvestmentVehicles.json,3,,,,"(distributing share class, holder may reinvest, boolean)
(fund bond class unit, has expected coupon, fund bond unit coupon)
(fund share class unit, limited shares are issued, boolean)
(fund unit, fund class type identifier, string)","[""accumulating share class"", ""common share in fund"", ""distributing share class"", ""equity instrument"", ""fund bond class unit"", ""fund bond unit coupon"", ""fund share class unit"", ""fund unit"", ""preferred share in fund"", ""share""]","[""has expected coupon""]","[{""characteristics"": [], ""meta"": {""object_iri"": null, ""predicate_iri"": ""https://spec.edmcouncil.org/fibo/ontology/SEC/Funds/CollectiveInvestmentVehicles/holderMayReinvest"", ""predicate_type"": ""data"", ""subject_iri"": ""https://spec.edmcouncil.org/fibo/ontology/SEC/Funds/CollectiveInvestmentVehicles/DistributingShareClass""}, ""text"": ""distributing share class holder may reinvest boolean."", ""triple"": [""distributing share class"", ""holder may reinvest"", ""boolean""]}, {""characteristics"": [], ""meta"": {""object_iri"": ""https://spec.edmcouncil.org/fibo/ontology/SEC/Funds/CollectiveInvestmentVehicles/FundBondUnitCoupon"", ""predicate_iri"": ""https://spec.edmcouncil.org/fibo/ontology/SEC/Funds/CollectiveInvestmentVehicles/hasExpectedCoupon"", ""predicate_type"": ""object"", ""subject_iri"": ""https://spec.edmcouncil.org/fibo/ontology/SEC/Funds/CollectiveInvestmentVehicles/FundBondClassUnit""}, ""text"": ""fund bond class unit has expected coupon fund bond unit coupon."", ""triple"": [""fund bond class unit"", ""has expected coupon"", ""fund bond unit coupon""]}, {""characteristics"": [], ""meta"": {""object_iri"": null, ""predicate_iri"": ""https://spec.edmcouncil.org/fibo/ontology/SEC/Funds/CollectiveInvestmentVehicles/limitedSharesAreIssued"", ""predicate_type"": ""data"", ""subject_iri"": ""https://spec.edmcouncil.org/fibo/ontology/SEC/Funds/CollectiveInvestmentVehicles/FundShareClassUnit""}, ""text"": ""fund share class unit limited shares are issued boolean."", ""triple"": [""fund share class unit"", ""limited shares are issued"", ""boolean""]}, {""characteristics"": [], ""meta"": {""object_iri"": null, ""predicate_iri"": ""https://spec.edmcouncil.org/fibo/ontology/SEC/Funds/CollectiveInvestmentVehicles/fundClassTypeIdentifier"", ""predicate_type"": ""data"", ""subject_iri"": ""https://spec.edmcouncil.org/fibo/ontology/SEC/Funds/Funds/FundUnit""}, ""text"": ""fund unit fund class type identifier string."", ""triple"": [""fund unit"", ""fund class type identifier"", ""string""]}]",{}
L4_Business_Finance_Business_Finance_Financial_Industry_Business_Ontology_property_CollectiveInvestmentVehicles_00005,"In the Financial Industry Business Ontology, given the following set of classes and properties, construct only object- and data-property relationships. Do not output subClassOf triples. Output only triples in the form (subject, predicate, object).

Classes:
- annual reporting policy
- fund cash distribution policy
- fund distribution policy
- fund portfolio investment policy
- fund reinvestment policy
- fund unit distribution policy
- policy
- reporting frequency policy
- reporting policy
- semi annual reporting policy

Object Properties:
None

Data Properties:
- description
- distribution with reinvestment
- name",,"(fund portfolio investment policy, description, string)
(fund portfolio investment policy, name, string)
(fund reinvestment policy, distribution with reinvestment, boolean)
(fund unit distribution policy, distribution with reinvestment, boolean)",3_4,L4,Property Relation Construction,Learning,Generation,triple_f1,Business_Finance,Business_Finance/Financial_Industry_Business_Ontology,bench_3_4/Business_Finance/Financial_Industry_Business_Ontology/SEC/Funds/CollectiveInvestmentVehicles/property_CollectiveInvestmentVehicles.json,4,,,,"(fund portfolio investment policy, description, string)
(fund portfolio investment policy, name, string)
(fund reinvestment policy, distribution with reinvestment, boolean)
(fund unit distribution policy, distribution with reinvestment, boolean)","[""annual reporting policy"", ""fund cash distribution policy"", ""fund distribution policy"", ""fund portfolio investment policy"", ""fund reinvestment policy"", ""fund unit distribution policy"", ""policy"", ""reporting frequency policy"", ""reporting policy"", ""semi annual reporting policy""]",[],"[{""characteristics"": [], ""meta"": {""object_iri"": null, ""predicate_iri"": ""https://spec.edmcouncil.org/fibo/ontology/SEC/Funds/CollectiveInvestmentVehicles/description"", ""predicate_type"": ""data"", ""subject_iri"": ""https://spec.edmcouncil.org/fibo/ontology/SEC/Funds/CollectiveInvestmentVehicles/FundPortfolioInvestmentPolicy""}, ""text"": ""fund portfolio investment policy description string."", ""triple"": [""fund portfolio investment policy"", ""description"", ""string""]}, {""characteristics"": [], ""meta"": {""object_iri"": null, ""predicate_iri"": ""https://spec.edmcouncil.org/fibo/ontology/SEC/Funds/CollectiveInvestmentVehicles/name.1"", ""predicate_type"": ""data"", ""subject_iri"": ""https://spec.edmcouncil.org/fibo/ontology/SEC/Funds/CollectiveInvestmentVehicles/FundPortfolioInvestmentPolicy""}, ""text"": ""fund portfolio investment policy name string."", ""triple"": [""fund portfolio investment policy"", ""name"", ""string""]}, {""characteristics"": [], ""meta"": {""object_iri"": null, ""predicate_iri"": ""https://spec.edmcouncil.org/fibo/ontology/SEC/Funds/CollectiveInvestmentVehicles/distributionWithReinvestment"", ""predicate_type"": ""data"", ""subject_iri"": ""https://spec.edmcouncil.org/fibo/ontology/SEC/Funds/CollectiveInvestmentVehicles/FundReinvestmentPolicy""}, ""text"": ""fund reinvestment policy distribution with reinvestment boolean."", ""triple"": [""fund reinvestment policy"", ""distribution with reinvestment"", ""boolean""]}, {""characteristics"": [], ""meta"": {""object_iri"": null, ""predicate_iri"": ""https://spec.edmcouncil.org/fibo/ontology/SEC/Funds/CollectiveInvestmentVehicles/distributionWithReinvestment"", ""predicate_type"": ""data"", ""subject_iri"": ""https://spec.edmcouncil.org/fibo/ontology/SEC/Funds/CollectiveInvestmentVehicles/FundUnitDistributionPolicy""}, ""text"": ""fund unit distribution policy distribution with reinvestment boolean."", ""triple"": [""fund unit distribution policy"", ""distribution with reinvestment"", ""boolean""]}]",{}
L4_Business_Finance_Business_Finance_Financial_Industry_Business_Ontology_property_CollectiveInvestmentVehicles_00006,"In the Financial Industry Business Ontology, given the following set of classes and properties, construct only object- and data-property relationships. Do not output subClassOf triples. Output only triples in the form (subject, predicate, object).

Classes:
- agent role
- fund accountant
- fund administrator
- fund auditor
- fund data provider
- fund depositary
- fund unit
- funds processing party
- party role
- unit issuer

Object Properties:
- issues
- may also be
- provides depositary service for

Data Properties:
- fund class type identifier",,"(fund administrator, may also be, unit issuer)
(fund depositary, provides depositary service for, fund unit)
(fund unit, fund class type identifier, string)
(unit issuer, issues, fund unit)",3_4,L4,Property Relation Construction,Learning,Generation,triple_f1,Business_Finance,Business_Finance/Financial_Industry_Business_Ontology,bench_3_4/Business_Finance/Financial_Industry_Business_Ontology/SEC/Funds/CollectiveInvestmentVehicles/property_CollectiveInvestmentVehicles.json,5,,,,"(fund administrator, may also be, unit issuer)
(fund depositary, provides depositary service for, fund unit)
(fund unit, fund class type identifier, string)
(unit issuer, issues, fund unit)","[""agent role"", ""fund accountant"", ""fund administrator"", ""fund auditor"", ""fund data provider"", ""fund depositary"", ""fund unit"", ""funds processing party"", ""party role"", ""unit issuer""]","[""issues"", ""may also be"", ""provides depositary service for""]","[{""characteristics"": [], ""meta"": {""object_iri"": ""https://spec.edmcouncil.org/fibo/ontology/SEC/Funds/CollectiveInvestmentVehicles/UnitIssuer"", ""predicate_iri"": ""https://spec.edmcouncil.org/fibo/ontology/SEC/Funds/CollectiveInvestmentVehicles/mayAlsoBe"", ""predicate_type"": ""object"", ""subject_iri"": ""https://spec.edmcouncil.org/fibo/ontology/SEC/Funds/CollectiveInvestmentVehicles/FundAdministrator""}, ""text"": ""fund administrator may also be unit issuer."", ""triple"": [""fund administrator"", ""may also be"", ""unit issuer""]}, {""characteristics"": [], ""meta"": {""object_iri"": ""https://spec.edmcouncil.org/fibo/ontology/SEC/Funds/Funds/FundUnit"", ""predicate_iri"": ""https://spec.edmcouncil.org/fibo/ontology/SEC/Funds/CollectiveInvestmentVehicles/providesDepositaryServiceFor"", ""predicate_type"": ""object"", ""subject_iri"": ""https://spec.edmcouncil.org/fibo/ontology/SEC/Funds/CollectiveInvestmentVehicles/FundDepositary""}, ""text"": ""fund depositary provides depositary service for fund unit."", ""triple"": [""fund depositary"", ""provides depositary service for"", ""fund unit""]}, {""characteristics"": [], ""meta"": {""object_iri"": null, ""predicate_iri"": ""https://spec.edmcouncil.org/fibo/ontology/SEC/Funds/CollectiveInvestmentVehicles/fundClassTypeIdentifier"", ""predicate_type"": ""data"", ""subject_iri"": ""https://spec.edmcouncil.org/fibo/ontology/SEC/Funds/Funds/FundUnit""}, ""text"": ""fund unit fund class type identifier string."", ""triple"": [""fund unit"", ""fund class type identifier"", ""string""]}, {""characteristics"": [], ""meta"": {""object_iri"": ""https://spec.edmcouncil.org/fibo/ontology/SEC/Funds/Funds/FundUnit"", ""predicate_iri"": ""https://spec.edmcouncil.org/fibo/ontology/SEC/Funds/CollectiveInvestmentVehicles/issues"", ""predicate_type"": ""object"", ""subject_iri"": ""https://spec.edmcouncil.org/fibo/ontology/SEC/Funds/CollectiveInvestmentVehicles/UnitIssuer""}, ""text"": ""unit issuer issues fund unit."", ""triple"": [""unit issuer"", ""issues"", ""fund unit""]}]",{}
L4_Business_Finance_Business_Finance_Financial_Industry_Business_Ontology_property_CollectiveInvestmentVehicles_00007,"In the Financial Industry Business Ontology, given the following set of classes and properties, construct only object- and data-property relationships. Do not output subClassOf triples. Output only triples in the form (subject, predicate, object).

Classes:
- catalog
- document
- fund prospectus
- key investor information document
- legal document
- offering document
- offering statement
- private placement memorandum
- prospectus
- publication

Object Properties:
None

Data Properties:
- stated objective",,"(fund prospectus, stated objective, string)",3_4,L4,Property Relation Construction,Learning,Generation,triple_f1,Business_Finance,Business_Finance/Financial_Industry_Business_Ontology,bench_3_4/Business_Finance/Financial_Industry_Business_Ontology/SEC/Funds/CollectiveInvestmentVehicles/property_CollectiveInvestmentVehicles.json,6,,,,"(fund prospectus, stated objective, string)","[""catalog"", ""document"", ""fund prospectus"", ""key investor information document"", ""legal document"", ""offering document"", ""offering statement"", ""private placement memorandum"", ""prospectus"", ""publication""]",[],"[{""characteristics"": [], ""meta"": {""object_iri"": null, ""predicate_iri"": ""https://spec.edmcouncil.org/fibo/ontology/SEC/Funds/CollectiveInvestmentVehicles/statedObjective"", ""predicate_type"": ""data"", ""subject_iri"": ""https://spec.edmcouncil.org/fibo/ontology/SEC/Funds/CollectiveInvestmentVehicles/FundProspectus""}, ""text"": ""fund prospectus stated objective string."", ""triple"": [""fund prospectus"", ""stated objective"", ""string""]}]",{}
L4_Business_Finance_Business_Finance_Financial_Industry_Business_Ontology_property_CollectiveInvestmentVehicles_00008,"In the Financial Industry Business Ontology, given the following set of classes and properties, construct only object- and data-property relationships. Do not output subClassOf triples. Output only triples in the form (subject, predicate, object).

Classes:
- document
- fund prospectus
- key investor information document
- legal document
- market rate
- offering document
- offering statement
- private placement memorandum
- prospectus
- publication

Object Properties:
- anticipates

Data Properties:
- stated objective",,"(fund prospectus, anticipates, market rate)
(fund prospectus, stated objective, string)",3_4,L4,Property Relation Construction,Learning,Generation,triple_f1,Business_Finance,Business_Finance/Financial_Industry_Business_Ontology,bench_3_4/Business_Finance/Financial_Industry_Business_Ontology/SEC/Funds/CollectiveInvestmentVehicles/property_CollectiveInvestmentVehicles.json,7,,,,"(fund prospectus, anticipates, market rate)
(fund prospectus, stated objective, string)","[""document"", ""fund prospectus"", ""key investor information document"", ""legal document"", ""market rate"", ""offering document"", ""offering statement"", ""private placement memorandum"", ""prospectus"", ""publication""]","[""anticipates""]","[{""characteristics"": [], ""meta"": {""object_iri"": ""https://spec.edmcouncil.org/fibo/ontology/IND/Indicators/Indicators/MarketRate"", ""predicate_iri"": ""https://spec.edmcouncil.org/fibo/ontology/SEC/Funds/CollectiveInvestmentVehicles/anticipates"", ""predicate_type"": ""object"", ""subject_iri"": ""https://spec.edmcouncil.org/fibo/ontology/SEC/Funds/CollectiveInvestmentVehicles/FundProspectus""}, ""text"": ""fund prospectus anticipates market rate."", ""triple"": [""fund prospectus"", ""anticipates"", ""market rate""]}, {""characteristics"": [], ""meta"": {""object_iri"": null, ""predicate_iri"": ""https://spec.edmcouncil.org/fibo/ontology/SEC/Funds/CollectiveInvestmentVehicles/statedObjective"", ""predicate_type"": ""data"", ""subject_iri"": ""https://spec.edmcouncil.org/fibo/ontology/SEC/Funds/CollectiveInvestmentVehicles/FundProspectus""}, ""text"": ""fund prospectus stated objective string."", ""triple"": [""fund prospectus"", ""stated objective"", ""string""]}]",{}
L4_Business_Finance_Business_Finance_Financial_Industry_Business_Ontology_property_CollectiveInvestmentVehicles_00009,"In the Financial Industry Business Ontology, given the following set of classes and properties, construct only object- and data-property relationships. Do not output subClassOf triples. Output only triples in the form (subject, predicate, object).

Classes:
- constituent
- contractual commitment
- contractual element
- debt terms
- fund processing general terms
- fund processing terms
- fund redemption terms
- fund subscription terms
- mutual commitment
- netting provision

Object Properties:
None

Data Properties:
- dealing frequency description
- main fund order desk
- maximum redemption units
- minimum initial subscription units
- minimum remaining holding units
- minimum subscription units
- redemption in amount allowed
- switching chargeable",,"(fund processing general terms, minimum remaining holding units, integer)
(fund processing general terms, switching chargeable, boolean)
(fund processing terms, dealing frequency description, string)
(fund processing terms, main fund order desk, boolean)
(fund redemption terms, maximum redemption units, integer)
(fund redemption terms, redemption in amount allowed, boolean)
(fund subscription terms, minimum initial subscription units, integer)
(fund subscription terms, minimum subscription units, integer)",3_4,L4,Property Relation Construction,Learning,Generation,triple_f1,Business_Finance,Business_Finance/Financial_Industry_Business_Ontology,bench_3_4/Business_Finance/Financial_Industry_Business_Ontology/SEC/Funds/CollectiveInvestmentVehicles/property_CollectiveInvestmentVehicles.json,8,,,,"(fund processing general terms, minimum remaining holding units, integer)
(fund processing general terms, switching chargeable, boolean)
(fund processing terms, dealing frequency description, string)
(fund processing terms, main fund order desk, boolean)
(fund redemption terms, maximum redemption units, integer)
(fund redemption terms, redemption in amount allowed, boolean)
(fund subscription terms, minimum initial subscription units, integer)
(fund subscription terms, minimum subscription units, integer)","[""constituent"", ""contractual commitment"", ""contractual element"", ""debt terms"", ""fund processing general terms"", ""fund processing terms"", ""fund redemption terms"", ""fund subscription terms"", ""mutual commitment"", ""netting provision""]",[],"[{""characteristics"": [], ""meta"": {""object_iri"": null, ""predicate_iri"": ""https://spec.edmcouncil.org/fibo/ontology/SEC/Funds/CollectiveInvestmentVehicles/minimumRemainingHoldingUnits"", ""predicate_type"": ""data"", ""subject_iri"": ""https://spec.edmcouncil.org/fibo/ontology/SEC/Funds/CollectiveInvestmentVehicles/FundProcessingGeneralTerms""}, ""text"": ""fund processing general terms minimum remaining holding units integer."", ""triple"": [""fund processing general terms"", ""minimum remaining holding units"", ""integer""]}, {""characteristics"": [], ""meta"": {""object_iri"": null, ""predicate_iri"": ""https://spec.edmcouncil.org/fibo/ontology/SEC/Funds/CollectiveInvestmentVehicles/switchingChargeable"", ""predicate_type"": ""data"", ""subject_iri"": ""https://spec.edmcouncil.org/fibo/ontology/SEC/Funds/CollectiveInvestmentVehicles/FundProcessingGeneralTerms""}, ""text"": ""fund processing general terms switching chargeable boolean."", ""triple"": [""fund processing general terms"", ""switching chargeable"", ""boolean""]}, {""characteristics"": [], ""meta"": {""object_iri"": null, ""predicate_iri"": ""https://spec.edmcouncil.org/fibo/ontology/SEC/Funds/CollectiveInvestmentVehicles/dealingFrequencyDescription"", ""predicate_type"": ""data"", ""subject_iri"": ""https://spec.edmcouncil.org/fibo/ontology/SEC/Funds/CollectiveInvestmentVehicles/FundProcessingTerms""}, ""text"": ""fund processing terms dealing frequency description string."", ""triple"": [""fund processing terms"", ""dealing frequency description"", ""string""]}, {""characteristics"": [], ""meta"": {""object_iri"": null, ""predicate_iri"": ""https://spec.edmcouncil.org/fibo/ontology/SEC/Funds/CollectiveInvestmentVehicles/mainFundOrderDesk"", ""predicate_type"": ""data"", ""subject_iri"": ""https://spec.edmcouncil.org/fibo/ontology/SEC/Funds/CollectiveInvestmentVehicles/FundProcessingTerms""}, ""text"": ""fund processing terms main fund order desk boolean."", ""triple"": [""fund processing terms"", ""main fund order desk"", ""boolean""]}, {""characteristics"": [], ""meta"": {""object_iri"": null, ""predicate_iri"": ""https://spec.edmcouncil.org/fibo/ontology/SEC/Funds/CollectiveInvestmentVehicles/maximumRedemptionUnits"", ""predicate_type"": ""data"", ""subject_iri"": ""https://spec.edmcouncil.org/fibo/ontology/SEC/Funds/CollectiveInvestmentVehicles/FundRedemptionTerms""}, ""text"": ""fund redemption terms maximum redemption units integer."", ""triple"": [""fund redemption terms"", ""maximum redemption units"", ""integer""]}, {""characteristics"": [], ""meta"": {""object_iri"": null, ""predicate_iri"": ""https://spec.edmcouncil.org/fibo/ontology/SEC/Funds/CollectiveInvestmentVehicles/redemptionInAmountAllowed"", ""predicate_type"": ""data"", ""subject_iri"": ""https://spec.edmcouncil.org/fibo/ontology/SEC/Funds/CollectiveInvestmentVehicles/FundRedemptionTerms""}, ""text"": ""fund redemption terms redemption in amount allowed boolean."", ""triple"": [""fund redemption terms"", ""redemption in amount allowed"", ""boolean""]}, {""characteristics"": [], ""meta"": {""object_iri"": null, ""predicate_iri"": ""https://spec.edmcouncil.org/fibo/ontology/SEC/Funds/CollectiveInvestmentVehicles/minimumInitialSubscriptionUnits"", ""predicate_type"": ""data"", ""subject_iri"": ""https://spec.edmcouncil.org/fibo/ontology/SEC/Funds/CollectiveInvestmentVehicles/FundSubscriptionTerms""}, ""text"": ""fund subscription terms minimum initial subscription units integer."", ""triple"": [""fund subscription terms"", ""minimum initial subscription units"", ""integer""]}, {""characteristics"": [], ""meta"": {""object_iri"": null, ""predicate_iri"": ""https://spec.edmcouncil.org/fibo/ontology/SEC/Funds/CollectiveInvestmentVehicles/minimumSubscriptionUnits"", ""predicate_type"": ""data"", ""subject_iri"": ""https://spec.edmcouncil.org/fibo/ontology/SEC/Funds/CollectiveInvestmentVehicles/FundSubscriptionTerms""}, ""text"": ""fund subscription terms minimum subscription units integer."", ""triple"": [""fund subscription terms"", ""minimum subscription units"", ""integer""]}]",{}
L4_Business_Finance_Business_Finance_Financial_Industry_Business_Ontology_property_CollectiveInvestmentVehicles_00010,"In the Financial Industry Business Ontology, given the following set of classes and properties, construct only object- and data-property relationships. Do not output subClassOf triples. Output only triples in the form (subject, predicate, object).

Classes:
- business objective
- financial objective
- fund investment objective
- funds creation
- investment objective
- not for profit objective
- objective
- profit objective
- public purpose
- s p v purpose

Object Properties:
None

Data Properties:
- stated investment aim",,"(fund investment objective, stated investment aim, string)",3_4,L4,Property Relation Construction,Learning,Generation,triple_f1,Business_Finance,Business_Finance/Financial_Industry_Business_Ontology,bench_3_4/Business_Finance/Financial_Industry_Business_Ontology/SEC/Funds/CollectiveInvestmentVehicles/property_CollectiveInvestmentVehicles.json,9,,,,"(fund investment objective, stated investment aim, string)","[""business objective"", ""financial objective"", ""fund investment objective"", ""funds creation"", ""investment objective"", ""not for profit objective"", ""objective"", ""profit objective"", ""public purpose"", ""s p v purpose""]",[],"[{""characteristics"": [], ""meta"": {""object_iri"": null, ""predicate_iri"": ""https://spec.edmcouncil.org/fibo/ontology/SEC/Funds/CollectiveInvestmentVehicles/statedInvestmentAim"", ""predicate_type"": ""data"", ""subject_iri"": ""https://spec.edmcouncil.org/fibo/ontology/SEC/Funds/CollectiveInvestmentVehicles/FundInvestmentObjective""}, ""text"": ""fund investment objective stated investment aim string."", ""triple"": [""fund investment objective"", ""stated investment aim"", ""string""]}]",{}
L4_Business_Finance_Business_Finance_Financial_Industry_Business_Ontology_property_CollectiveInvestmentVehicles_00011,"In the Financial Industry Business Ontology, given the following set of classes and properties, construct only object- and data-property relationships. Do not output subClassOf triples. Output only triples in the form (subject, predicate, object).

Classes:
- annualized performance determination method
- business strategy
- date period
- distribution strategy
- fund unit distribution method
- gross of fee performance determination method
- money weighted rate of return performance determination method
- performance determination method
- strategy
- time weighted rate of return performance determination method

Object Properties:
- performance determination timeframe

Data Properties:
None",,"(performance determination method, performance determination timeframe, date period)",3_4,L4,Property Relation Construction,Learning,Generation,triple_f1,Business_Finance,Business_Finance/Financial_Industry_Business_Ontology,bench_3_4/Business_Finance/Financial_Industry_Business_Ontology/SEC/Funds/CollectiveInvestmentVehicles/property_CollectiveInvestmentVehicles.json,10,,,,"(performance determination method, performance determination timeframe, date period)","[""annualized performance determination method"", ""business strategy"", ""date period"", ""distribution strategy"", ""fund unit distribution method"", ""gross of fee performance determination method"", ""money weighted rate of return performance determination method"", ""performance determination method"", ""strategy"", ""time weighted rate of return performance determination method""]","[""performance determination timeframe""]","[{""characteristics"": [], ""meta"": {""object_iri"": ""https://www.omg.org/spec/Commons/DatesAndTimes/DatePeriod"", ""predicate_iri"": ""https://spec.edmcouncil.org/fibo/ontology/SEC/Funds/CollectiveInvestmentVehicles/performanceDeterminationTimeframe"", ""predicate_type"": ""object"", ""subject_iri"": ""https://spec.edmcouncil.org/fibo/ontology/SEC/Funds/CollectiveInvestmentVehicles/PerformanceDeterminationMethod""}, ""text"": ""performance determination method performance determination timeframe date period."", ""triple"": [""performance determination method"", ""performance determination timeframe"", ""date period""]}]",{}
L4_Business_Finance_Business_Finance_Financial_Industry_Business_Ontology_property_CollectiveInvestmentVehicles_00012,"In the Financial Industry Business Ontology, given the following set of classes and properties, construct only object- and data-property relationships. Do not output subClassOf triples. Output only triples in the form (subject, predicate, object).

Classes:
- collective investment vehicle
- equity fund
- financial asset
- fonds commun de placement
- managed investment
- pool
- pooled fund
- s i c a f
- s i c a v
- sovereign wealth fund

Object Properties:
None

Data Properties:
- name
- product group description",,"(collective investment vehicle, name, string)
(collective investment vehicle, product group description, string)",3_4,L4,Property Relation Construction,Learning,Generation,triple_f1,Business_Finance,Business_Finance/Financial_Industry_Business_Ontology,bench_3_4/Business_Finance/Financial_Industry_Business_Ontology/SEC/Funds/CollectiveInvestmentVehicles/property_CollectiveInvestmentVehicles.json,11,,,,"(collective investment vehicle, name, string)
(collective investment vehicle, product group description, string)","[""collective investment vehicle"", ""equity fund"", ""financial asset"", ""fonds commun de placement"", ""managed investment"", ""pool"", ""pooled fund"", ""s i c a f"", ""s i c a v"", ""sovereign wealth fund""]",[],"[{""characteristics"": [], ""meta"": {""object_iri"": null, ""predicate_iri"": ""https://spec.edmcouncil.org/fibo/ontology/SEC/Funds/CollectiveInvestmentVehicles/name"", ""predicate_type"": ""data"", ""subject_iri"": ""https://spec.edmcouncil.org/fibo/ontology/SEC/Securities/Pools/CollectiveInvestmentVehicle""}, ""text"": ""collective investment vehicle name string."", ""triple"": [""collective investment vehicle"", ""name"", ""string""]}, {""characteristics"": [], ""meta"": {""object_iri"": null, ""predicate_iri"": ""https://spec.edmcouncil.org/fibo/ontology/SEC/Funds/CollectiveInvestmentVehicles/productGroupDescription"", ""predicate_type"": ""data"", ""subject_iri"": ""https://spec.edmcouncil.org/fibo/ontology/SEC/Securities/Pools/CollectiveInvestmentVehicle""}, ""text"": ""collective investment vehicle product group description string."", ""triple"": [""collective investment vehicle"", ""product group description"", ""string""]}]",{}
L4_Business_Finance_Business_Finance_Financial_Industry_Business_Ontology_property_Funds_00001,"In the Financial Industry Business Ontology, given the following set of classes and properties, construct only object- and data-property relationships. Do not output subClassOf triples. Output only triples in the form (subject, predicate, object).

Classes:
- asset
- collection
- collective investment vehicle
- financial asset
- pool
- pooled fund
- purchase lot
- shareholding
- tangible asset
- tax lot

Object Properties:
- has sub-fund
- is sub-fund of

Data Properties:
- is open ended
- is private",,"(pooled fund, has sub-fund, pooled fund)
(pooled fund, is open ended, boolean)
(pooled fund, is private, boolean)
(pooled fund, is sub-fund of, pooled fund)",3_4,L4,Property Relation Construction,Learning,Generation,triple_f1,Business_Finance,Business_Finance/Financial_Industry_Business_Ontology,bench_3_4/Business_Finance/Financial_Industry_Business_Ontology/SEC/Funds/Funds/property_Funds.json,0,,,,"(pooled fund, has sub-fund, pooled fund)
(pooled fund, is open ended, boolean)
(pooled fund, is private, boolean)
(pooled fund, is sub-fund of, pooled fund)","[""asset"", ""collection"", ""collective investment vehicle"", ""financial asset"", ""pool"", ""pooled fund"", ""purchase lot"", ""shareholding"", ""tangible asset"", ""tax lot""]","[""has sub-fund"", ""is sub-fund of""]","[{""characteristics"": [], ""meta"": {""object_iri"": ""https://spec.edmcouncil.org/fibo/ontology/SEC/Securities/Pools/PooledFund"", ""predicate_iri"": ""https://spec.edmcouncil.org/fibo/ontology/SEC/Funds/Funds/hasSubFund"", ""predicate_type"": ""object"", ""subject_iri"": ""https://spec.edmcouncil.org/fibo/ontology/SEC/Securities/Pools/PooledFund""}, ""text"": ""pooled fund has sub-fund pooled fund."", ""triple"": [""pooled fund"", ""has sub-fund"", ""pooled fund""]}, {""characteristics"": [], ""meta"": {""object_iri"": null, ""predicate_iri"": ""https://spec.edmcouncil.org/fibo/ontology/SEC/Funds/Funds/isOpenEnded"", ""predicate_type"": ""data"", ""subject_iri"": ""https://spec.edmcouncil.org/fibo/ontology/SEC/Securities/Pools/PooledFund""}, ""text"": ""pooled fund is open ended boolean."", ""triple"": [""pooled fund"", ""is open ended"", ""boolean""]}, {""characteristics"": [], ""meta"": {""object_iri"": null, ""predicate_iri"": ""https://spec.edmcouncil.org/fibo/ontology/SEC/Funds/Funds/isPrivate"", ""predicate_type"": ""data"", ""subject_iri"": ""https://spec.edmcouncil.org/fibo/ontology/SEC/Securities/Pools/PooledFund""}, ""text"": ""pooled fund is private boolean."", ""triple"": [""pooled fund"", ""is private"", ""boolean""]}, {""characteristics"": [], ""meta"": {""object_iri"": ""https://spec.edmcouncil.org/fibo/ontology/SEC/Securities/Pools/PooledFund"", ""predicate_iri"": ""https://spec.edmcouncil.org/fibo/ontology/SEC/Funds/Funds/isSubFundOf"", ""predicate_type"": ""object"", ""subject_iri"": ""https://spec.edmcouncil.org/fibo/ontology/SEC/Securities/Pools/PooledFund""}, ""text"": ""pooled fund is sub-fund of pooled fund."", ""triple"": [""pooled fund"", ""is sub-fund of"", ""pooled fund""]}]",{}
L4_Business_Finance_Business_Finance_Financial_Industry_Business_Ontology_property_SecuritiesIssuance_00001,"In the Financial Industry Business Ontology, given the following set of classes and properties, construct only object- and data-property relationships. Do not output subClassOf triples. Output only triples in the form (subject, predicate, object).

Classes:
- agreement
- best efforts offering
- firm commitment offering
- offering
- private offering
- program
- public offering
- securities offering
- situation
- underwriter

Object Properties:
- is underwritten by
- underwrites

Data Properties:
None",,"(securities offering, is underwritten by, underwriter)
(underwriter, underwrites, securities offering)",3_4,L4,Property Relation Construction,Learning,Generation,triple_f1,Business_Finance,Business_Finance/Financial_Industry_Business_Ontology,bench_3_4/Business_Finance/Financial_Industry_Business_Ontology/SEC/Securities/SecuritiesIssuance/property_SecuritiesIssuance.json,0,,,,"(securities offering, is underwritten by, underwriter)
(underwriter, underwrites, securities offering)","[""agreement"", ""best efforts offering"", ""firm commitment offering"", ""offering"", ""private offering"", ""program"", ""public offering"", ""securities offering"", ""situation"", ""underwriter""]","[""is underwritten by"", ""underwrites""]","[{""characteristics"": [], ""meta"": {""object_iri"": ""https://spec.edmcouncil.org/fibo/ontology/FBC/FunctionalEntities/FinancialServicesEntities/Underwriter"", ""predicate_iri"": ""https://spec.edmcouncil.org/fibo/ontology/SEC/Securities/SecuritiesIssuance/isUnderwrittenBy"", ""predicate_type"": ""object"", ""subject_iri"": ""https://spec.edmcouncil.org/fibo/ontology/SEC/Securities/SecuritiesIssuance/SecuritiesOffering""}, ""text"": ""securities offering is underwritten by underwriter."", ""triple"": [""securities offering"", ""is underwritten by"", ""underwriter""]}, {""characteristics"": [], ""meta"": {""object_iri"": ""https://spec.edmcouncil.org/fibo/ontology/SEC/Securities/SecuritiesIssuance/SecuritiesOffering"", ""predicate_iri"": ""https://spec.edmcouncil.org/fibo/ontology/SEC/Securities/SecuritiesIssuance/underwrites"", ""predicate_type"": ""object"", ""subject_iri"": ""https://spec.edmcouncil.org/fibo/ontology/FBC/FunctionalEntities/FinancialServicesEntities/Underwriter""}, ""text"": ""underwriter underwrites securities offering."", ""triple"": [""underwriter"", ""underwrites"", ""securities offering""]}]",{}
L4_Business_Finance_Business_Finance_Financial_Instruments_Ontology_property_FinancialInstruments_00001,"In the Financial Instruments Ontology, given the following set of classes and properties, construct only object- and data-property relationships. Do not output subClassOf triples. Output only triples in the form (subject, predicate, object).

Classes:
- derivative instrument
- entitlement
- equity instrument
- exempt security
- financial instrument
- negotiable security
- non-negotiable security
- security
- transferable contract
- written contract

Object Properties:
None

Data Properties:
- is negotiable",,"(financial instrument, is negotiable, boolean)",3_4,L4,Property Relation Construction,Learning,Generation,triple_f1,Business_Finance,Business_Finance/Financial_Instruments_Ontology,bench_3_4/Business_Finance/Financial_Instruments_Ontology/FinancialInstruments/property_FinancialInstruments.json,0,,,,"(financial instrument, is negotiable, boolean)","[""derivative instrument"", ""entitlement"", ""equity instrument"", ""exempt security"", ""financial instrument"", ""negotiable security"", ""non-negotiable security"", ""security"", ""transferable contract"", ""written contract""]",[],"[{""characteristics"": [], ""meta"": {""object_iri"": null, ""predicate_iri"": ""https://spec.edmcouncil.org/fibo/ontology/FBC/FinancialInstruments/FinancialInstruments/isNegotiable"", ""predicate_type"": ""data"", ""subject_iri"": ""https://spec.edmcouncil.org/fibo/ontology/FBC/FinancialInstruments/FinancialInstruments/FinancialInstrument""}, ""text"": ""financial instrument is negotiable boolean."", ""triple"": [""financial instrument"", ""is negotiable"", ""boolean""]}]",{}
L4_Business_Finance_Business_Finance_origanization_ontology_property_org_00001,"In the origanization ontology, given the following set of classes and properties, construct only object- and data-property relationships. Do not output subClassOf triples. Output only triples in the form (subject, predicate, object).

Classes:
- Activity
- Agent
- BusinessEntity
- Change Event
- Impiego
- Membership
- Organization
- OrganizationalUnit
- Organizzazione
- organización formal

Object Properties:
- appartenenza
- contiene unidad
- es organización original
- está relacionado con
- holds
- member
- membre de
- ocupado por
- organization
- poste chez
- resulted in
- sous-Organization de
- transitive sub-organization
- unit Of

Data Properties:
None",,"(Agent, appartenenza, Membership)
(Agent, holds, Impiego)
(Agent, membre de, Organizzazione)
(Change Event, es organización original, Organizzazione)
(Change Event, resulted in, Organizzazione)
(Impiego, ocupado por, Agent)
(Impiego, poste chez, Organizzazione)
(Membership, member, Agent)
(Membership, organization, Organizzazione)
(OrganizationalUnit, unit Of, organización formal)
(Organizzazione, está relacionado con, Organizzazione)
(Organizzazione, sous-Organization de, Organizzazione)
(Organizzazione, transitive sub-organization, Organizzazione)
(organización formal, contiene unidad, OrganizationalUnit)",3_4,L4,Property Relation Construction,Learning,Generation,triple_f1,Business_Finance,Business_Finance/origanization_ontology,bench_3_4/Business_Finance/origanization_ontology/org/property_org.json,0,,,,"(Agent, appartenenza, Membership)
(Agent, holds, Impiego)
(Agent, membre de, Organizzazione)
(Change Event, es organización original, Organizzazione)
(Change Event, resulted in, Organizzazione)
(Impiego, ocupado por, Agent)
(Impiego, poste chez, Organizzazione)
(Membership, member, Agent)
(Membership, organization, Organizzazione)
(OrganizationalUnit, unit Of, organización formal)
(Organizzazione, está relacionado con, Organizzazione)
(Organizzazione, sous-Organization de, Organizzazione)
(Organizzazione, transitive sub-organization, Organizzazione)
(organización formal, contiene unidad, OrganizationalUnit)","[""Activity"", ""Agent"", ""BusinessEntity"", ""Change Event"", ""Impiego"", ""Membership"", ""Organization"", ""OrganizationalUnit"", ""Organizzazione"", ""organización formal""]","[""appartenenza"", ""contiene unidad"", ""es organización original"", ""está relacionado con"", ""holds"", ""member"", ""membre de"", ""ocupado por"", ""organization"", ""poste chez"", ""resulted in"", ""sous-Organization de"", ""transitive sub-organization"", ""unit Of""]","[{""characteristics"": [], ""meta"": {""object_iri"": ""http://www.w3.org/ns/org#Membership"", ""predicate_iri"": ""http://www.w3.org/ns/org#hasMembership"", ""predicate_type"": ""object"", ""subject_iri"": ""http://xmlns.com/foaf/0.1/Agent""}, ""text"": ""Agent appartenenza Membership."", ""triple"": [""Agent"", ""appartenenza"", ""Membership""]}, {""characteristics"": [], ""meta"": {""object_iri"": ""http://www.w3.org/ns/org#Post"", ""predicate_iri"": ""http://www.w3.org/ns/org#holds"", ""predicate_type"": ""object"", ""subject_iri"": ""http://xmlns.com/foaf/0.1/Agent""}, ""text"": ""Agent holds Impiego."", ""triple"": [""Agent"", ""holds"", ""Impiego""]}, {""characteristics"": [], ""meta"": {""object_iri"": ""http://www.w3.org/ns/org#Organization"", ""predicate_iri"": ""http://www.w3.org/ns/org#memberOf"", ""predicate_type"": ""object"", ""subject_iri"": ""http://xmlns.com/foaf/0.1/Agent""}, ""text"": ""Agent membre de Organizzazione."", ""triple"": [""Agent"", ""membre de"", ""Organizzazione""]}, {""characteristics"": [], ""meta"": {""object_iri"": ""http://www.w3.org/ns/org#Organization"", ""predicate_iri"": ""http://www.w3.org/ns/org#originalOrganization"", ""predicate_type"": ""object"", ""subject_iri"": ""http://www.w3.org/ns/org#ChangeEvent""}, ""text"": ""Change Event es organización original Organizzazione."", ""triple"": [""Change Event"", ""es organización original"", ""Organizzazione""]}, {""characteristics"": [], ""meta"": {""object_iri"": ""http://www.w3.org/ns/org#Organization"", ""predicate_iri"": ""http://www.w3.org/ns/org#resultingOrganization"", ""predicate_type"": ""object"", ""subject_iri"": ""http://www.w3.org/ns/org#ChangeEvent""}, ""text"": ""Change Event resulted in Organizzazione."", ""triple"": [""Change Event"", ""resulted in"", ""Organizzazione""]}, {""characteristics"": [], ""meta"": {""object_iri"": ""http://xmlns.com/foaf/0.1/Agent"", ""predicate_iri"": ""http://www.w3.org/ns/org#heldBy"", ""predicate_type"": ""object"", ""subject_iri"": ""http://www.w3.org/ns/org#Post""}, ""text"": ""Impiego ocupado por Agent."", ""triple"": [""Impiego"", ""ocupado por"", ""Agent""]}, {""characteristics"": [], ""meta"": {""object_iri"": ""http://www.w3.org/ns/org#Organization"", ""predicate_iri"": ""http://www.w3.org/ns/org#postIn"", ""predicate_type"": ""object"", ""subject_iri"": ""http://www.w3.org/ns/org#Post""}, ""text"": ""Impiego poste chez Organizzazione."", ""triple"": [""Impiego"", ""poste chez"", ""Organizzazione""]}, {""characteristics"": [], ""meta"": {""object_iri"": ""http://xmlns.com/foaf/0.1/Agent"", ""predicate_iri"": ""http://www.w3.org/ns/org#member"", ""predicate_type"": ""object"", ""subject_iri"": ""http://www.w3.org/ns/org#Membership""}, ""text"": ""Membership member Agent."", ""triple"": [""Membership"", ""member"", ""Agent""]}, {""characteristics"": [], ""meta"": {""object_iri"": ""http://www.w3.org/ns/org#Organization"", ""predicate_iri"": ""http://www.w3.org/ns/org#organization"", ""predicate_type"": ""object"", ""subject_iri"": ""http://www.w3.org/ns/org#Membership""}, ""text"": ""Membership organization Organizzazione."", ""triple"": [""Membership"", ""organization"", ""Organizzazione""]}, {""characteristics"": [], ""meta"": {""object_iri"": ""http://www.w3.org/ns/org#FormalOrganization"", ""predicate_iri"": ""http://www.w3.org/ns/org#unitOf"", ""predicate_type"": ""object"", ""subject_iri"": ""http://www.w3.org/ns/org#OrganizationalUnit""}, ""text"": ""OrganizationalUnit unit Of organización formal."", ""triple"": [""OrganizationalUnit"", ""unit Of"", ""organización formal""]}, {""characteristics"": [], ""meta"": {""object_iri"": ""http://www.w3.org/ns/org#Organization"", ""predicate_iri"": ""http://www.w3.org/ns/org#linkedTo"", ""predicate_type"": ""object"", ""subject_iri"": ""http://www.w3.org/ns/org#Organization""}, ""text"": ""Organizzazione está relacionado con Organizzazione."", ""triple"": [""Organizzazione"", ""está relacionado con"", ""Organizzazione""]}, {""characteristics"": [], ""meta"": {""object_iri"": ""http://www.w3.org/ns/org#Organization"", ""predicate_iri"": ""http://www.w3.org/ns/org#subOrganizationOf"", ""predicate_type"": ""object"", ""subject_iri"": ""http://www.w3.org/ns/org#Organization""}, ""text"": ""Organizzazione sous-Organization de Organizzazione."", ""triple"": [""Organizzazione"", ""sous-Organization de"", ""Organizzazione""]}, {""characteristics"": [], ""meta"": {""object_iri"": ""http://www.w3.org/ns/org#Organization"", ""predicate_iri"": ""http://www.w3.org/ns/org#transitiveSubOrganizationOf"", ""predicate_type"": ""object"", ""subject_iri"": ""http://www.w3.org/ns/org#Organization""}, ""text"": ""Organizzazione transitive sub-organization Organizzazione."", ""triple"": [""Organizzazione"", ""transitive sub-organization"", ""Organizzazione""]}, {""characteristics"": [], ""meta"": {""object_iri"": ""http://www.w3.org/ns/org#OrganizationalUnit"", ""predicate_iri"": ""http://www.w3.org/ns/org#hasUnit"", ""predicate_type"": ""object"", ""subject_iri"": ""http://www.w3.org/ns/org#FormalOrganization""}, ""text"": ""organización formal contiene unidad OrganizationalUnit."", ""triple"": [""organización formal"", ""contiene unidad"", ""OrganizationalUnit""]}]",{}
L4_Business_Finance_Business_Finance_origanization_ontology_property_org_00002,"In the origanization ontology, given the following set of classes and properties, construct only object- and data-property relationships. Do not output subClassOf triples. Output only triples in the form (subject, predicate, object).

Classes:
- Activity
- Agent
- Change Event
- Concept
- OrganizationalUnit
- Organizzazione
- Partenariat
- Rôle
- Sede
- organización formal

Object Properties:
- contiene unidad
- es organización original
- membre de
- responsabile di
- resulted in
- sede di
- sede legale
- sous-Organization de
- tiene sede principal en
- transitive sub-organization
- unit Of

Data Properties:
None",,"(Agent, membre de, Organizzazione)
(Agent, responsabile di, Organizzazione)
(Change Event, es organización original, Organizzazione)
(Change Event, resulted in, Organizzazione)
(OrganizationalUnit, unit Of, organización formal)
(Organizzazione, sous-Organization de, Organizzazione)
(Organizzazione, tiene sede principal en, Sede)
(Organizzazione, transitive sub-organization, Organizzazione)
(Sede, sede di, Organizzazione)
(organización formal, contiene unidad, OrganizationalUnit)
(organización formal, sede legale, Sede)",3_4,L4,Property Relation Construction,Learning,Generation,triple_f1,Business_Finance,Business_Finance/origanization_ontology,bench_3_4/Business_Finance/origanization_ontology/org/property_org.json,1,,,,"(Agent, membre de, Organizzazione)
(Agent, responsabile di, Organizzazione)
(Change Event, es organización original, Organizzazione)
(Change Event, resulted in, Organizzazione)
(OrganizationalUnit, unit Of, organización formal)
(Organizzazione, sous-Organization de, Organizzazione)
(Organizzazione, tiene sede principal en, Sede)
(Organizzazione, transitive sub-organization, Organizzazione)
(Sede, sede di, Organizzazione)
(organización formal, contiene unidad, OrganizationalUnit)
(organización formal, sede legale, Sede)","[""Activity"", ""Agent"", ""Change Event"", ""Concept"", ""OrganizationalUnit"", ""Organizzazione"", ""Partenariat"", ""Rôle"", ""Sede"", ""organización formal""]","[""contiene unidad"", ""es organización original"", ""membre de"", ""responsabile di"", ""resulted in"", ""sede di"", ""sede legale"", ""sous-Organization de"", ""tiene sede principal en"", ""transitive sub-organization"", ""unit Of""]","[{""characteristics"": [], ""meta"": {""object_iri"": ""http://www.w3.org/ns/org#Organization"", ""predicate_iri"": ""http://www.w3.org/ns/org#memberOf"", ""predicate_type"": ""object"", ""subject_iri"": ""http://xmlns.com/foaf/0.1/Agent""}, ""text"": ""Agent membre de Organizzazione."", ""triple"": [""Agent"", ""membre de"", ""Organizzazione""]}, {""characteristics"": [], ""meta"": {""object_iri"": ""http://www.w3.org/ns/org#Organization"", ""predicate_iri"": ""http://www.w3.org/ns/org#headOf"", ""predicate_type"": ""object"", ""subject_iri"": ""http://xmlns.com/foaf/0.1/Agent""}, ""text"": ""Agent responsabile di Organizzazione."", ""triple"": [""Agent"", ""responsabile di"", ""Organizzazione""]}, {""characteristics"": [], ""meta"": {""object_iri"": ""http://www.w3.org/ns/org#Organization"", ""predicate_iri"": ""http://www.w3.org/ns/org#originalOrganization"", ""predicate_type"": ""object"", ""subject_iri"": ""http://www.w3.org/ns/org#ChangeEvent""}, ""text"": ""Change Event es organización original Organizzazione."", ""triple"": [""Change Event"", ""es organización original"", ""Organizzazione""]}, {""characteristics"": [], ""meta"": {""object_iri"": ""http://www.w3.org/ns/org#Organization"", ""predicate_iri"": ""http://www.w3.org/ns/org#resultingOrganization"", ""predicate_type"": ""object"", ""subject_iri"": ""http://www.w3.org/ns/org#ChangeEvent""}, ""text"": ""Change Event resulted in Organizzazione."", ""triple"": [""Change Event"", ""resulted in"", ""Organizzazione""]}, {""characteristics"": [], ""meta"": {""object_iri"": ""http://www.w3.org/ns/org#FormalOrganization"", ""predicate_iri"": ""http://www.w3.org/ns/org#unitOf"", ""predicate_type"": ""object"", ""subject_iri"": ""http://www.w3.org/ns/org#OrganizationalUnit""}, ""text"": ""OrganizationalUnit unit Of organización formal."", ""triple"": [""OrganizationalUnit"", ""unit Of"", ""organización formal""]}, {""characteristics"": [], ""meta"": {""object_iri"": ""http://www.w3.org/ns/org#Organization"", ""predicate_iri"": ""http://www.w3.org/ns/org#subOrganizationOf"", ""predicate_type"": ""object"", ""subject_iri"": ""http://www.w3.org/ns/org#Organization""}, ""text"": ""Organizzazione sous-Organization de Organizzazione."", ""triple"": [""Organizzazione"", ""sous-Organization de"", ""Organizzazione""]}, {""characteristics"": [], ""meta"": {""object_iri"": ""http://www.w3.org/ns/org#Site"", ""predicate_iri"": ""http://www.w3.org/ns/org#hasPrimarySite"", ""predicate_type"": ""object"", ""subject_iri"": ""http://www.w3.org/ns/org#Organization""}, ""text"": ""Organizzazione tiene sede principal en Sede."", ""triple"": [""Organizzazione"", ""tiene sede principal en"", ""Sede""]}, {""characteristics"": [], ""meta"": {""object_iri"": ""http://www.w3.org/ns/org#Organization"", ""predicate_iri"": ""http://www.w3.org/ns/org#transitiveSubOrganizationOf"", ""predicate_type"": ""object"", ""subject_iri"": ""http://www.w3.org/ns/org#Organization""}, ""text"": ""Organizzazione transitive sub-organization Organizzazione."", ""triple"": [""Organizzazione"", ""transitive sub-organization"", ""Organizzazione""]}, {""characteristics"": [], ""meta"": {""object_iri"": ""http://www.w3.org/ns/org#Organization"", ""predicate_iri"": ""http://www.w3.org/ns/org#siteOf"", ""predicate_type"": ""object"", ""subject_iri"": ""http://www.w3.org/ns/org#Site""}, ""text"": ""Sede sede di Organizzazione."", ""triple"": [""Sede"", ""sede di"", ""Organizzazione""]}, {""characteristics"": [], ""meta"": {""object_iri"": ""http://www.w3.org/ns/org#OrganizationalUnit"", ""predicate_iri"": ""http://www.w3.org/ns/org#hasUnit"", ""predicate_type"": ""object"", ""subject_iri"": ""http://www.w3.org/ns/org#FormalOrganization""}, ""text"": ""organización formal contiene unidad OrganizationalUnit."", ""triple"": [""organización formal"", ""contiene unidad"", ""OrganizationalUnit""]}, {""characteristics"": [], ""meta"": {""object_iri"": ""http://www.w3.org/ns/org#Site"", ""predicate_iri"": ""http://www.w3.org/ns/org#hasRegisteredSite"", ""predicate_type"": ""object"", ""subject_iri"": ""http://www.w3.org/ns/org#FormalOrganization""}, ""text"": ""organización formal sede legale Sede."", ""triple"": [""organización formal"", ""sede legale"", ""Sede""]}]",{}
L4_Business_Finance_Business_Finance_public_contracts_ontology_property_public_contracts_00001,"In the public contracts ontology, given the following set of classes and properties, construct only object- and data-property relationships. Do not output subClassOf triples. Output only triples in the form (subject, predicate, object).

Classes:
- Combination of contract award criteria
- Condition
- Contract award weighted criterion
- Framework agreement
- Nabídka
- Offering
- Public contract

Object Properties:
- Contract lot
- Criteria combination for tender evaluation.
- Criterion for contract award.
- Na základě rámcové smlouvy

Data Properties:
- Datum začátku realizace zakázky
- Doba trvání nabídky",,"(Combination of contract award criteria, Criterion for contract award., Contract award weighted criterion)
(Public contract, Contract lot, Public contract)
(Public contract, Criteria combination for tender evaluation., Combination of contract award criteria)
(Public contract, Datum začátku realizace zakázky, <class 'datetime.date'>)
(Public contract, Doba trvání nabídky, <class 'datetime.timedelta'>)
(Public contract, Na základě rámcové smlouvy, Framework agreement)",3_4,L4,Property Relation Construction,Learning,Generation,triple_f1,Business_Finance,Business_Finance/public_contracts_ontology,bench_3_4/Business_Finance/public_contracts_ontology/public-contracts/property_public-contracts.json,0,,,,"(Combination of contract award criteria, Criterion for contract award., Contract award weighted criterion)
(Public contract, Contract lot, Public contract)
(Public contract, Criteria combination for tender evaluation., Combination of contract award criteria)
(Public contract, Datum začátku realizace zakázky, <class 'datetime.date'>)
(Public contract, Doba trvání nabídky, <class 'datetime.timedelta'>)
(Public contract, Na základě rámcové smlouvy, Framework agreement)","[""Combination of contract award criteria"", ""Condition"", ""Contract award weighted criterion"", ""Framework agreement"", ""Nabídka"", ""Offering"", ""Public contract""]","[""Contract lot"", ""Criteria combination for tender evaluation."", ""Criterion for contract award."", ""Na základě rámcové smlouvy""]","[{""characteristics"": [], ""meta"": {""object_iri"": ""http://purl.org/procurement/public-contracts#CriterionWeighting"", ""predicate_iri"": ""http://purl.org/procurement/public-contracts#awardCriterion"", ""predicate_type"": ""object"", ""subject_iri"": ""http://purl.org/procurement/public-contracts#AwardCriteriaCombination""}, ""text"": ""Combination of contract award criteria Criterion for contract award. Contract award weighted criterion."", ""triple"": [""Combination of contract award criteria"", ""Criterion for contract award."", ""Contract award weighted criterion""]}, {""characteristics"": [], ""meta"": {""object_iri"": ""http://purl.org/procurement/public-contracts#Contract"", ""predicate_iri"": ""http://purl.org/procurement/public-contracts#lot"", ""predicate_type"": ""object"", ""subject_iri"": ""http://purl.org/procurement/public-contracts#Contract""}, ""text"": ""Public contract Contract lot Public contract."", ""triple"": [""Public contract"", ""Contract lot"", ""Public contract""]}, {""characteristics"": [], ""meta"": {""object_iri"": ""http://purl.org/procurement/public-contracts#AwardCriteriaCombination"", ""predicate_iri"": ""http://purl.org/procurement/public-contracts#awardCriteriaCombination"", ""predicate_type"": ""object"", ""subject_iri"": ""http://purl.org/procurement/public-contracts#Contract""}, ""text"": ""Public contract Criteria combination for tender evaluation. Combination of contract award criteria."", ""triple"": [""Public contract"", ""Criteria combination for tender evaluation."", ""Combination of contract award criteria""]}, {""characteristics"": [], ""meta"": {""object_iri"": null, ""predicate_iri"": ""http://purl.org/procurement/public-contracts#startDate"", ""predicate_type"": ""data"", ""subject_iri"": ""http://purl.org/procurement/public-contracts#Contract""}, ""text"": ""Public contract Datum začátku realizace zakázky <class 'datetime.date'>."", ""triple"": [""Public contract"", ""Datum začátku realizace zakázky"", ""<class 'datetime.date'>""]}, {""characteristics"": [], ""meta"": {""object_iri"": null, ""predicate_iri"": ""http://purl.org/procurement/public-contracts#tenderMaintenanceDuration"", ""predicate_type"": ""data"", ""subject_iri"": ""http://purl.org/procurement/public-contracts#Contract""}, ""text"": ""Public contract Doba trvání nabídky <class 'datetime.timedelta'>."", ""triple"": [""Public contract"", ""Doba trvání nabídky"", ""<class 'datetime.timedelta'>""]}, {""characteristics"": [], ""meta"": {""object_iri"": ""http://purl.org/procurement/public-contracts#FrameworkAgreement"", ""predicate_iri"": ""http://purl.org/procurement/public-contracts#frameworkAgreement"", ""predicate_type"": ""object"", ""subject_iri"": ""http://purl.org/procurement/public-contracts#Contract""}, ""text"": ""Public contract Na základě rámcové smlouvy Framework agreement."", ""triple"": [""Public contract"", ""Na základě rámcové smlouvy"", ""Framework agreement""]}]",{}
L4_Earth_Environment_Earth_Environment_EnvironmentOntology_property_envo_00001,"In the Environment Ontology, given the following set of classes and properties, construct only object- and data-property relationships. Do not output subClassOf triples. Output only triples in the form (subject, predicate, object).

Classes:
- agricultural soil
- astronomical body part
- enriched soil
- environmental material
- forest soil
- frozen soil
- loam
- material entity
- paddy field soil
- soil

Object Properties:
- interacts with
- produced by
- produces

Data Properties:
None",,"(material entity, interacts with, material entity)
(material entity, produced by, material entity)
(material entity, produces, material entity)",3_4,L4,Property Relation Construction,Learning,Generation,triple_f1,Earth_Environment,Earth_Environment/EnvironmentOntology,bench_3_4/Earth_Environment/EnvironmentOntology/envo/property_envo.json,0,,,,"(material entity, interacts with, material entity)
(material entity, produced by, material entity)
(material entity, produces, material entity)","[""agricultural soil"", ""astronomical body part"", ""enriched soil"", ""environmental material"", ""forest soil"", ""frozen soil"", ""loam"", ""material entity"", ""paddy field soil"", ""soil""]","[""interacts with"", ""produced by"", ""produces""]","[{""characteristics"": [], ""meta"": {""object_iri"": ""http://purl.obolibrary.org/obo/BFO_0000040"", ""predicate_iri"": ""http://purl.obolibrary.org/obo/RO_0002434"", ""predicate_type"": ""object"", ""subject_iri"": ""http://purl.obolibrary.org/obo/BFO_0000040""}, ""text"": ""material entity interacts with material entity."", ""triple"": [""material entity"", ""interacts with"", ""material entity""]}, {""characteristics"": [], ""meta"": {""object_iri"": ""http://purl.obolibrary.org/obo/BFO_0000040"", ""predicate_iri"": ""http://purl.obolibrary.org/obo/RO_0003001"", ""predicate_type"": ""object"", ""subject_iri"": ""http://purl.obolibrary.org/obo/BFO_0000040""}, ""text"": ""material entity produced by material entity."", ""triple"": [""material entity"", ""produced by"", ""material entity""]}, {""characteristics"": [], ""meta"": {""object_iri"": ""http://purl.obolibrary.org/obo/BFO_0000040"", ""predicate_iri"": ""http://purl.obolibrary.org/obo/RO_0003000"", ""predicate_type"": ""object"", ""subject_iri"": ""http://purl.obolibrary.org/obo/BFO_0000040""}, ""text"": ""material entity produces material entity."", ""triple"": [""material entity"", ""produces"", ""material entity""]}]",{}
L4_Earth_Environment_Earth_Environment_EnvironmentOntology_property_envo_00002,"In the Environment Ontology, given the following set of classes and properties, construct only object- and data-property relationships. Do not output subClassOf triples. Output only triples in the form (subject, predicate, object).

Classes:
- anthropogenic environmental process
- atmospheric process
- ecosystem process
- environmental system process
- hydrological process
- material accumulation process
- material transformation process
- material transport process
- process
- water flow process

Object Properties:
- regulated by
- regulates

Data Properties:
None",,"(process, regulated by, process)
(process, regulates, process)",3_4,L4,Property Relation Construction,Learning,Generation,triple_f1,Earth_Environment,Earth_Environment/EnvironmentOntology,bench_3_4/Earth_Environment/EnvironmentOntology/envo/property_envo.json,1,,,,"(process, regulated by, process)
(process, regulates, process)","[""anthropogenic environmental process"", ""atmospheric process"", ""ecosystem process"", ""environmental system process"", ""hydrological process"", ""material accumulation process"", ""material transformation process"", ""material transport process"", ""process"", ""water flow process""]","[""regulated by"", ""regulates""]","[{""characteristics"": [], ""meta"": {""object_iri"": ""http://purl.obolibrary.org/obo/BFO_0000015"", ""predicate_iri"": ""http://purl.obolibrary.org/obo/RO_0002334"", ""predicate_type"": ""object"", ""subject_iri"": ""http://purl.obolibrary.org/obo/BFO_0000015""}, ""text"": ""process regulated by process."", ""triple"": [""process"", ""regulated by"", ""process""]}, {""characteristics"": [], ""meta"": {""object_iri"": ""http://purl.obolibrary.org/obo/BFO_0000015"", ""predicate_iri"": ""http://purl.obolibrary.org/obo/RO_0002211"", ""predicate_type"": ""object"", ""subject_iri"": ""http://purl.obolibrary.org/obo/BFO_0000015""}, ""text"": ""process regulates process."", ""triple"": [""process"", ""regulates"", ""process""]}]",{}
L4_Earth_Environment_Earth_Environment_EnvironmentOntology_property_envo_00003,"In the Environment Ontology, given the following set of classes and properties, construct only object- and data-property relationships. Do not output subClassOf triples. Output only triples in the form (subject, predicate, object).

Classes:
- anatomical structure
- camera-type eye
- cranial neural crest
- ecto-epithelium
- ectoderm-derived structure
- epithelium
- neural crest-derived structure
- regional part of brain
- simple eye
- zone of skin

Object Properties:
- attached to part of
- biomechanically related to

Data Properties:
None",,"(anatomical structure, attached to part of, anatomical structure)
(anatomical structure, biomechanically related to, anatomical structure)",3_4,L4,Property Relation Construction,Learning,Generation,triple_f1,Earth_Environment,Earth_Environment/EnvironmentOntology,bench_3_4/Earth_Environment/EnvironmentOntology/envo/property_envo.json,2,,,,"(anatomical structure, attached to part of, anatomical structure)
(anatomical structure, biomechanically related to, anatomical structure)","[""anatomical structure"", ""camera-type eye"", ""cranial neural crest"", ""ecto-epithelium"", ""ectoderm-derived structure"", ""epithelium"", ""neural crest-derived structure"", ""regional part of brain"", ""simple eye"", ""zone of skin""]","[""attached to part of"", ""biomechanically related to""]","[{""characteristics"": [], ""meta"": {""object_iri"": ""http://purl.obolibrary.org/obo/UBERON_0000061"", ""predicate_iri"": ""http://purl.obolibrary.org/obo/RO_0002177"", ""predicate_type"": ""object"", ""subject_iri"": ""http://purl.obolibrary.org/obo/UBERON_0000061""}, ""text"": ""anatomical structure attached to part of anatomical structure."", ""triple"": [""anatomical structure"", ""attached to part of"", ""anatomical structure""]}, {""characteristics"": [], ""meta"": {""object_iri"": ""http://purl.obolibrary.org/obo/UBERON_0000061"", ""predicate_iri"": ""http://purl.obolibrary.org/obo/RO_0002567"", ""predicate_type"": ""object"", ""subject_iri"": ""http://purl.obolibrary.org/obo/UBERON_0000061""}, ""text"": ""anatomical structure biomechanically related to anatomical structure."", ""triple"": [""anatomical structure"", ""biomechanically related to"", ""anatomical structure""]}]",{}
L4_Earth_Environment_Earth_Environment_EnvironmentOntology_property_envo_00004,"In the Environment Ontology, given the following set of classes and properties, construct only object- and data-property relationships. Do not output subClassOf triples. Output only triples in the form (subject, predicate, object).

Classes:
- chemical product
- creosote
- hand tool
- independent continuant
- manufactured product
- material entity
- paper product
- piece of furniture
- plumbing fixture
- vehicle

Object Properties:
- adjacent to
- continuous with
- develops from
- interacts with
- produced by
- produces

Data Properties:
None",,"(independent continuant, adjacent to, independent continuant)
(independent continuant, continuous with, independent continuant)
(independent continuant, develops from, independent continuant)
(material entity, interacts with, material entity)
(material entity, produced by, material entity)
(material entity, produces, material entity)",3_4,L4,Property Relation Construction,Learning,Generation,triple_f1,Earth_Environment,Earth_Environment/EnvironmentOntology,bench_3_4/Earth_Environment/EnvironmentOntology/envo/property_envo.json,3,,,,"(independent continuant, adjacent to, independent continuant)
(independent continuant, continuous with, independent continuant)
(independent continuant, develops from, independent continuant)
(material entity, interacts with, material entity)
(material entity, produced by, material entity)
(material entity, produces, material entity)","[""chemical product"", ""creosote"", ""hand tool"", ""independent continuant"", ""manufactured product"", ""material entity"", ""paper product"", ""piece of furniture"", ""plumbing fixture"", ""vehicle""]","[""adjacent to"", ""continuous with"", ""develops from"", ""interacts with"", ""produced by"", ""produces""]","[{""characteristics"": [], ""meta"": {""object_iri"": ""http://purl.obolibrary.org/obo/BFO_0000004"", ""predicate_iri"": ""http://purl.obolibrary.org/obo/RO_0002220"", ""predicate_type"": ""object"", ""subject_iri"": ""http://purl.obolibrary.org/obo/BFO_0000004""}, ""text"": ""independent continuant adjacent to independent continuant."", ""triple"": [""independent continuant"", ""adjacent to"", ""independent continuant""]}, {""characteristics"": [], ""meta"": {""object_iri"": ""http://purl.obolibrary.org/obo/BFO_0000004"", ""predicate_iri"": ""http://purl.obolibrary.org/obo/RO_0002150"", ""predicate_type"": ""object"", ""subject_iri"": ""http://purl.obolibrary.org/obo/BFO_0000004""}, ""text"": ""independent continuant continuous with independent continuant."", ""triple"": [""independent continuant"", ""continuous with"", ""independent continuant""]}, {""characteristics"": [], ""meta"": {""object_iri"": ""http://purl.obolibrary.org/obo/BFO_0000004"", ""predicate_iri"": ""http://purl.obolibrary.org/obo/RO_0002202"", ""predicate_type"": ""object"", ""subject_iri"": ""http://purl.obolibrary.org/obo/BFO_0000004""}, ""text"": ""independent continuant develops from independent continuant."", ""triple"": [""independent continuant"", ""develops from"", ""independent continuant""]}, {""characteristics"": [], ""meta"": {""object_iri"": ""http://purl.obolibrary.org/obo/BFO_0000040"", ""predicate_iri"": ""http://purl.obolibrary.org/obo/RO_0002434"", ""predicate_type"": ""object"", ""subject_iri"": ""http://purl.obolibrary.org/obo/BFO_0000040""}, ""text"": ""material entity interacts with material entity."", ""triple"": [""material entity"", ""interacts with"", ""material entity""]}, {""characteristics"": [], ""meta"": {""object_iri"": ""http://purl.obolibrary.org/obo/BFO_0000040"", ""predicate_iri"": ""http://purl.obolibrary.org/obo/RO_0003001"", ""predicate_type"": ""object"", ""subject_iri"": ""http://purl.obolibrary.org/obo/BFO_0000040""}, ""text"": ""material entity produced by material entity."", ""triple"": [""material entity"", ""produced by"", ""material entity""]}, {""characteristics"": [], ""meta"": {""object_iri"": ""http://purl.obolibrary.org/obo/BFO_0000040"", ""predicate_iri"": ""http://purl.obolibrary.org/obo/RO_0003000"", ""predicate_type"": ""object"", ""subject_iri"": ""http://purl.obolibrary.org/obo/BFO_0000040""}, ""text"": ""material entity produces material entity."", ""triple"": [""material entity"", ""produces"", ""material entity""]}]",{}
L4_Earth_Environment_Earth_Environment_OBOE_property_owlapi_00001,"In the OBOE ontology, given the following set of classes and properties, construct only object- and data-property relationships. Do not output subClassOf triples. Output only triples in the form (subject, predicate, object).

Classes:
- Base Characteristic Qualifier
- CentimeterPerSecond
- Characteristic Qualifier
- Composite Characteristic Qualifier
- Composite Unit
- GramPerGram
- GramPerLiter
- Kilopascal
- NanomolePerLiter
- Unit

Object Properties:
- has base qualifier
- has next qualifier

Data Properties:
None",,"(Composite Characteristic Qualifier, has base qualifier, Base Characteristic Qualifier)
(Composite Characteristic Qualifier, has next qualifier, Characteristic Qualifier)",3_4,L4,Property Relation Construction,Learning,Generation,triple_f1,Earth_Environment,Earth_Environment/OBOE,bench_3_4/Earth_Environment/OBOE/owlapi/property_owlapi.json,0,,,,"(Composite Characteristic Qualifier, has base qualifier, Base Characteristic Qualifier)
(Composite Characteristic Qualifier, has next qualifier, Characteristic Qualifier)","[""Base Characteristic Qualifier"", ""CentimeterPerSecond"", ""Characteristic Qualifier"", ""Composite Characteristic Qualifier"", ""Composite Unit"", ""GramPerGram"", ""GramPerLiter"", ""Kilopascal"", ""NanomolePerLiter"", ""Unit""]","[""has base qualifier"", ""has next qualifier""]","[{""characteristics"": [], ""meta"": {""object_iri"": ""http://ecoinformatics.org/oboe/oboe.1.2/oboe-core.owl#BaseCharacteristicQualifier"", ""predicate_iri"": ""http://ecoinformatics.org/oboe/oboe.1.2/oboe-core.owl#hasBaseQualifier"", ""predicate_type"": ""object"", ""subject_iri"": ""http://ecoinformatics.org/oboe/oboe.1.2/oboe-core.owl#CompositeCharacteristicQualifier""}, ""text"": ""Composite Characteristic Qualifier has base qualifier Base Characteristic Qualifier."", ""triple"": [""Composite Characteristic Qualifier"", ""has base qualifier"", ""Base Characteristic Qualifier""]}, {""characteristics"": [], ""meta"": {""object_iri"": ""http://ecoinformatics.org/oboe/oboe.1.2/oboe-core.owl#CharacteristicQualifier"", ""predicate_iri"": ""http://ecoinformatics.org/oboe/oboe.1.2/oboe-core.owl#hasNextQualifier"", ""predicate_type"": ""object"", ""subject_iri"": ""http://ecoinformatics.org/oboe/oboe.1.2/oboe-core.owl#CompositeCharacteristicQualifier""}, ""text"": ""Composite Characteristic Qualifier has next qualifier Characteristic Qualifier."", ""triple"": [""Composite Characteristic Qualifier"", ""has next qualifier"", ""Characteristic Qualifier""]}]",{}
L4_Earth_Environment_Earth_Environment_OBOE_property_owlapi_00002,"In the OBOE ontology, given the following set of classes and properties, construct only object- and data-property relationships. Do not output subClassOf triples. Output only triples in the form (subject, predicate, object).

Classes:
- Amount
- AmountOfSubstanceConcentration
- AmountOfSubstanceMass
- Characteristic
- Entity
- Identifying Characteristic
- Irradiance
- Measured Characteristic
- Radiance
- SpectralRadiance

Object Properties:
- characteristic for

Data Properties:
None",,"(Characteristic, characteristic for, Entity)",3_4,L4,Property Relation Construction,Learning,Generation,triple_f1,Earth_Environment,Earth_Environment/OBOE,bench_3_4/Earth_Environment/OBOE/owlapi/property_owlapi.json,1,,,,"(Characteristic, characteristic for, Entity)","[""Amount"", ""AmountOfSubstanceConcentration"", ""AmountOfSubstanceMass"", ""Characteristic"", ""Entity"", ""Identifying Characteristic"", ""Irradiance"", ""Measured Characteristic"", ""Radiance"", ""SpectralRadiance""]","[""characteristic for""]","[{""characteristics"": [], ""meta"": {""object_iri"": ""http://ecoinformatics.org/oboe/oboe.1.2/oboe-core.owl#Entity"", ""predicate_iri"": ""http://ecoinformatics.org/oboe/oboe.1.2/oboe-core.owl#characteristicFor"", ""predicate_type"": ""object"", ""subject_iri"": ""http://ecoinformatics.org/oboe/oboe.1.2/oboe-core.owl#Characteristic""}, ""text"": ""Characteristic characteristic for Entity."", ""triple"": [""Characteristic"", ""characteristic for"", ""Entity""]}]",{}
L4_Earth_Environment_Earth_Environment_OBOE_property_owlapi_00003,"In the OBOE ontology, given the following set of classes and properties, construct only object- and data-property relationships. Do not output subClassOf triples. Output only triples in the form (subject, predicate, object).

Classes:
- AcreToMeterSquared
- AcreToSquareMeter
- AngstromToMeter
- BarToKilopascal
- BushelToLiter
- CelsiusToKelvin
- CentigramToKilogram
- CentimeterToMeter
- CentisecondToSecond
- Unit Conversion

Object Properties:
None

Data Properties:
- hasMultiplier
- hasOffset",,"(Unit Conversion, hasMultiplier, float)
(Unit Conversion, hasOffset, float)",3_4,L4,Property Relation Construction,Learning,Generation,triple_f1,Earth_Environment,Earth_Environment/OBOE,bench_3_4/Earth_Environment/OBOE/owlapi/property_owlapi.json,2,,,,"(Unit Conversion, hasMultiplier, float)
(Unit Conversion, hasOffset, float)","[""AcreToMeterSquared"", ""AcreToSquareMeter"", ""AngstromToMeter"", ""BarToKilopascal"", ""BushelToLiter"", ""CelsiusToKelvin"", ""CentigramToKilogram"", ""CentimeterToMeter"", ""CentisecondToSecond"", ""Unit Conversion""]",[],"[{""characteristics"": [], ""meta"": {""object_iri"": null, ""predicate_iri"": ""http://ecoinformatics.org/oboe/oboe.1.2/oboe-core.owl#hasMultiplier"", ""predicate_type"": ""data"", ""subject_iri"": ""http://ecoinformatics.org/oboe/oboe.1.2/oboe-core.owl#UnitConversion""}, ""text"": ""Unit Conversion hasMultiplier float."", ""triple"": [""Unit Conversion"", ""hasMultiplier"", ""float""]}, {""characteristics"": [], ""meta"": {""object_iri"": null, ""predicate_iri"": ""http://ecoinformatics.org/oboe/oboe.1.2/oboe-core.owl#hasOffset"", ""predicate_type"": ""data"", ""subject_iri"": ""http://ecoinformatics.org/oboe/oboe.1.2/oboe-core.owl#UnitConversion""}, ""text"": ""Unit Conversion hasOffset float."", ""triple"": [""Unit Conversion"", ""hasOffset"", ""float""]}]",{}
L4_Earth_Environment_Earth_Environment_OBOE_property_owlapi_00004,"In the OBOE ontology, given the following set of classes and properties, construct only object- and data-property relationships. Do not output subClassOf triples. Output only triples in the form (subject, predicate, object).

Classes:
- Ampere
- Angstrom
- Base Unit
- CategoricalStandard
- Composite Unit
- Derived Unit
- Index
- PrefixedUnit
- Standard
- Unit

Object Properties:
None

Data Properties:
- hasPower
- hasPrefixMultiplier",,"(Derived Unit, hasPower, integer)
(PrefixedUnit, hasPrefixMultiplier, float)",3_4,L4,Property Relation Construction,Learning,Generation,triple_f1,Earth_Environment,Earth_Environment/OBOE,bench_3_4/Earth_Environment/OBOE/owlapi/property_owlapi.json,3,,,,"(Derived Unit, hasPower, integer)
(PrefixedUnit, hasPrefixMultiplier, float)","[""Ampere"", ""Angstrom"", ""Base Unit"", ""CategoricalStandard"", ""Composite Unit"", ""Derived Unit"", ""Index"", ""PrefixedUnit"", ""Standard"", ""Unit""]",[],"[{""characteristics"": [], ""meta"": {""object_iri"": null, ""predicate_iri"": ""http://ecoinformatics.org/oboe/oboe.1.2/oboe-core.owl#hasPower"", ""predicate_type"": ""data"", ""subject_iri"": ""http://ecoinformatics.org/oboe/oboe.1.2/oboe-core.owl#DerivedUnit""}, ""text"": ""Derived Unit hasPower integer."", ""triple"": [""Derived Unit"", ""hasPower"", ""integer""]}, {""characteristics"": [], ""meta"": {""object_iri"": null, ""predicate_iri"": ""http://ecoinformatics.org/oboe/oboe.1.2/oboe-core.owl#hasPrefixMultiplier"", ""predicate_type"": ""data"", ""subject_iri"": ""http://ecoinformatics.org/oboe/oboe.1.2/oboe-core.owl#PrefixedUnit""}, ""text"": ""PrefixedUnit hasPrefixMultiplier float."", ""triple"": [""PrefixedUnit"", ""hasPrefixMultiplier"", ""float""]}]",{}
L4_Earth_Environment_Earth_Environment_OBOE_property_owlapi_00005,"In the OBOE ontology, given the following set of classes and properties, construct only object- and data-property relationships. Do not output subClassOf triples. Output only triples in the form (subject, predicate, object).

Classes:
- Acre
- Are
- Becquerel
- Bushel
- Composite Unit
- Derived Unit
- Liter
- MeterSquared
- Standard
- Unit

Object Properties:
None

Data Properties:
- hasPower",,"(Derived Unit, hasPower, integer)",3_4,L4,Property Relation Construction,Learning,Generation,triple_f1,Earth_Environment,Earth_Environment/OBOE,bench_3_4/Earth_Environment/OBOE/owlapi/property_owlapi.json,4,,,,"(Derived Unit, hasPower, integer)","[""Acre"", ""Are"", ""Becquerel"", ""Bushel"", ""Composite Unit"", ""Derived Unit"", ""Liter"", ""MeterSquared"", ""Standard"", ""Unit""]",[],"[{""characteristics"": [], ""meta"": {""object_iri"": null, ""predicate_iri"": ""http://ecoinformatics.org/oboe/oboe.1.2/oboe-core.owl#hasPower"", ""predicate_type"": ""data"", ""subject_iri"": ""http://ecoinformatics.org/oboe/oboe.1.2/oboe-core.owl#DerivedUnit""}, ""text"": ""Derived Unit hasPower integer."", ""triple"": [""Derived Unit"", ""hasPower"", ""integer""]}]",{}
L4_Earth_Environment_Earth_Environment_OBOE_property_owlapi_00006,"In the OBOE ontology, given the following set of classes and properties, construct only object- and data-property relationships. Do not output subClassOf triples. Output only triples in the form (subject, predicate, object).

Classes:
- Base Unit
- Characteristic
- Entity
- Fathom
- Measured Characteristic
- Measurement Type
- MilligramToKilogram
- Protocol
- RadionucleotideActivity
- Unit Conversion

Object Properties:
- characteristic for
- measures characteristic
- measures entity
- measures using protocol

Data Properties:
- hasMultiplier
- hasOffset",,"(Characteristic, characteristic for, Entity)
(Measurement Type, measures characteristic, Characteristic)
(Measurement Type, measures entity, Entity)
(Measurement Type, measures using protocol, Protocol)
(Unit Conversion, hasMultiplier, float)
(Unit Conversion, hasOffset, float)",3_4,L4,Property Relation Construction,Learning,Generation,triple_f1,Earth_Environment,Earth_Environment/OBOE,bench_3_4/Earth_Environment/OBOE/owlapi/property_owlapi.json,5,,,,"(Characteristic, characteristic for, Entity)
(Measurement Type, measures characteristic, Characteristic)
(Measurement Type, measures entity, Entity)
(Measurement Type, measures using protocol, Protocol)
(Unit Conversion, hasMultiplier, float)
(Unit Conversion, hasOffset, float)","[""Base Unit"", ""Characteristic"", ""Entity"", ""Fathom"", ""Measured Characteristic"", ""Measurement Type"", ""MilligramToKilogram"", ""Protocol"", ""RadionucleotideActivity"", ""Unit Conversion""]","[""characteristic for"", ""measures characteristic"", ""measures entity"", ""measures using protocol""]","[{""characteristics"": [], ""meta"": {""object_iri"": ""http://ecoinformatics.org/oboe/oboe.1.2/oboe-core.owl#Entity"", ""predicate_iri"": ""http://ecoinformatics.org/oboe/oboe.1.2/oboe-core.owl#characteristicFor"", ""predicate_type"": ""object"", ""subject_iri"": ""http://ecoinformatics.org/oboe/oboe.1.2/oboe-core.owl#Characteristic""}, ""text"": ""Characteristic characteristic for Entity."", ""triple"": [""Characteristic"", ""characteristic for"", ""Entity""]}, {""characteristics"": [], ""meta"": {""object_iri"": ""http://ecoinformatics.org/oboe/oboe.1.2/oboe-core.owl#Characteristic"", ""predicate_iri"": ""http://ecoinformatics.org/oboe/oboe.1.2/oboe-core.owl#measuresCharacteristic"", ""predicate_type"": ""object"", ""subject_iri"": ""http://ecoinformatics.org/oboe/oboe.1.2/oboe-core.owl#MeasurementType""}, ""text"": ""Measurement Type measures characteristic Characteristic."", ""triple"": [""Measurement Type"", ""measures characteristic"", ""Characteristic""]}, {""characteristics"": [], ""meta"": {""object_iri"": ""http://ecoinformatics.org/oboe/oboe.1.2/oboe-core.owl#Entity"", ""predicate_iri"": ""http://ecoinformatics.org/oboe/oboe.1.2/oboe-core.owl#measuresEntity"", ""predicate_type"": ""object"", ""subject_iri"": ""http://ecoinformatics.org/oboe/oboe.1.2/oboe-core.owl#MeasurementType""}, ""text"": ""Measurement Type measures entity Entity."", ""triple"": [""Measurement Type"", ""measures entity"", ""Entity""]}, {""characteristics"": [], ""meta"": {""object_iri"": ""http://ecoinformatics.org/oboe/oboe.1.2/oboe-core.owl#Protocol"", ""predicate_iri"": ""http://ecoinformatics.org/oboe/oboe.1.2/oboe-core.owl#measuresUsingProtocol"", ""predicate_type"": ""object"", ""subject_iri"": ""http://ecoinformatics.org/oboe/oboe.1.2/oboe-core.owl#MeasurementType""}, ""text"": ""Measurement Type measures using protocol Protocol."", ""triple"": [""Measurement Type"", ""measures using protocol"", ""Protocol""]}, {""characteristics"": [], ""meta"": {""object_iri"": null, ""predicate_iri"": ""http://ecoinformatics.org/oboe/oboe.1.2/oboe-core.owl#hasMultiplier"", ""predicate_type"": ""data"", ""subject_iri"": ""http://ecoinformatics.org/oboe/oboe.1.2/oboe-core.owl#UnitConversion""}, ""text"": ""Unit Conversion hasMultiplier float."", ""triple"": [""Unit Conversion"", ""hasMultiplier"", ""float""]}, {""characteristics"": [], ""meta"": {""object_iri"": null, ""predicate_iri"": ""http://ecoinformatics.org/oboe/oboe.1.2/oboe-core.owl#hasOffset"", ""predicate_type"": ""data"", ""subject_iri"": ""http://ecoinformatics.org/oboe/oboe.1.2/oboe-core.owl#UnitConversion""}, ""text"": ""Unit Conversion hasOffset float."", ""triple"": [""Unit Conversion"", ""hasOffset"", ""float""]}]",{}
L4_Earth_Environment_Earth_Environment_OBOE_property_owlapi_00007,"In the OBOE ontology, given the following set of classes and properties, construct only object- and data-property relationships. Do not output subClassOf triples. Output only triples in the form (subject, predicate, object).

Classes:
- Acre
- Are
- Base Characteristic Qualifier
- Becquerel
- Characteristic Qualifier
- Composite Characteristic Qualifier
- Derived Unit
- MeterSquared
- Unit
- YardSquared

Object Properties:
- has base qualifier
- has next qualifier

Data Properties:
- hasPower",,"(Composite Characteristic Qualifier, has base qualifier, Base Characteristic Qualifier)
(Composite Characteristic Qualifier, has next qualifier, Characteristic Qualifier)
(Derived Unit, hasPower, integer)",3_4,L4,Property Relation Construction,Learning,Generation,triple_f1,Earth_Environment,Earth_Environment/OBOE,bench_3_4/Earth_Environment/OBOE/owlapi/property_owlapi.json,6,,,,"(Composite Characteristic Qualifier, has base qualifier, Base Characteristic Qualifier)
(Composite Characteristic Qualifier, has next qualifier, Characteristic Qualifier)
(Derived Unit, hasPower, integer)","[""Acre"", ""Are"", ""Base Characteristic Qualifier"", ""Becquerel"", ""Characteristic Qualifier"", ""Composite Characteristic Qualifier"", ""Derived Unit"", ""MeterSquared"", ""Unit"", ""YardSquared""]","[""has base qualifier"", ""has next qualifier""]","[{""characteristics"": [], ""meta"": {""object_iri"": ""http://ecoinformatics.org/oboe/oboe.1.2/oboe-core.owl#BaseCharacteristicQualifier"", ""predicate_iri"": ""http://ecoinformatics.org/oboe/oboe.1.2/oboe-core.owl#hasBaseQualifier"", ""predicate_type"": ""object"", ""subject_iri"": ""http://ecoinformatics.org/oboe/oboe.1.2/oboe-core.owl#CompositeCharacteristicQualifier""}, ""text"": ""Composite Characteristic Qualifier has base qualifier Base Characteristic Qualifier."", ""triple"": [""Composite Characteristic Qualifier"", ""has base qualifier"", ""Base Characteristic Qualifier""]}, {""characteristics"": [], ""meta"": {""object_iri"": ""http://ecoinformatics.org/oboe/oboe.1.2/oboe-core.owl#CharacteristicQualifier"", ""predicate_iri"": ""http://ecoinformatics.org/oboe/oboe.1.2/oboe-core.owl#hasNextQualifier"", ""predicate_type"": ""object"", ""subject_iri"": ""http://ecoinformatics.org/oboe/oboe.1.2/oboe-core.owl#CompositeCharacteristicQualifier""}, ""text"": ""Composite Characteristic Qualifier has next qualifier Characteristic Qualifier."", ""triple"": [""Composite Characteristic Qualifier"", ""has next qualifier"", ""Characteristic Qualifier""]}, {""characteristics"": [], ""meta"": {""object_iri"": null, ""predicate_iri"": ""http://ecoinformatics.org/oboe/oboe.1.2/oboe-core.owl#hasPower"", ""predicate_type"": ""data"", ""subject_iri"": ""http://ecoinformatics.org/oboe/oboe.1.2/oboe-core.owl#DerivedUnit""}, ""text"": ""Derived Unit hasPower integer."", ""triple"": [""Derived Unit"", ""hasPower"", ""integer""]}]",{}
L4_Earth_Environment_Earth_Environment_OBOE_property_owlapi_00008,"In the OBOE ontology, given the following set of classes and properties, construct only object- and data-property relationships. Do not output subClassOf triples. Output only triples in the form (subject, predicate, object).

Classes:
- Characteristic
- Composite Unit
- Entity
- Measurement Type
- MicrogramPerMeterCubed
- MicronToMeter
- NanogramToKilogram
- Protocol
- Standard
- Unit Conversion

Object Properties:
- characteristic for
- measures characteristic
- measures entity
- measures using standard

Data Properties:
- hasMultiplier
- hasOffset",,"(Characteristic, characteristic for, Entity)
(Measurement Type, measures characteristic, Characteristic)
(Measurement Type, measures entity, Entity)
(Measurement Type, measures using standard, Standard)
(Unit Conversion, hasMultiplier, float)
(Unit Conversion, hasOffset, float)",3_4,L4,Property Relation Construction,Learning,Generation,triple_f1,Earth_Environment,Earth_Environment/OBOE,bench_3_4/Earth_Environment/OBOE/owlapi/property_owlapi.json,7,,,,"(Characteristic, characteristic for, Entity)
(Measurement Type, measures characteristic, Characteristic)
(Measurement Type, measures entity, Entity)
(Measurement Type, measures using standard, Standard)
(Unit Conversion, hasMultiplier, float)
(Unit Conversion, hasOffset, float)","[""Characteristic"", ""Composite Unit"", ""Entity"", ""Measurement Type"", ""MicrogramPerMeterCubed"", ""MicronToMeter"", ""NanogramToKilogram"", ""Protocol"", ""Standard"", ""Unit Conversion""]","[""characteristic for"", ""measures characteristic"", ""measures entity"", ""measures using standard""]","[{""characteristics"": [], ""meta"": {""object_iri"": ""http://ecoinformatics.org/oboe/oboe.1.2/oboe-core.owl#Entity"", ""predicate_iri"": ""http://ecoinformatics.org/oboe/oboe.1.2/oboe-core.owl#characteristicFor"", ""predicate_type"": ""object"", ""subject_iri"": ""http://ecoinformatics.org/oboe/oboe.1.2/oboe-core.owl#Characteristic""}, ""text"": ""Characteristic characteristic for Entity."", ""triple"": [""Characteristic"", ""characteristic for"", ""Entity""]}, {""characteristics"": [], ""meta"": {""object_iri"": ""http://ecoinformatics.org/oboe/oboe.1.2/oboe-core.owl#Characteristic"", ""predicate_iri"": ""http://ecoinformatics.org/oboe/oboe.1.2/oboe-core.owl#measuresCharacteristic"", ""predicate_type"": ""object"", ""subject_iri"": ""http://ecoinformatics.org/oboe/oboe.1.2/oboe-core.owl#MeasurementType""}, ""text"": ""Measurement Type measures characteristic Characteristic."", ""triple"": [""Measurement Type"", ""measures characteristic"", ""Characteristic""]}, {""characteristics"": [], ""meta"": {""object_iri"": ""http://ecoinformatics.org/oboe/oboe.1.2/oboe-core.owl#Entity"", ""predicate_iri"": ""http://ecoinformatics.org/oboe/oboe.1.2/oboe-core.owl#measuresEntity"", ""predicate_type"": ""object"", ""subject_iri"": ""http://ecoinformatics.org/oboe/oboe.1.2/oboe-core.owl#MeasurementType""}, ""text"": ""Measurement Type measures entity Entity."", ""triple"": [""Measurement Type"", ""measures entity"", ""Entity""]}, {""characteristics"": [], ""meta"": {""object_iri"": ""http://ecoinformatics.org/oboe/oboe.1.2/oboe-core.owl#Standard"", ""predicate_iri"": ""http://ecoinformatics.org/oboe/oboe.1.2/oboe-core.owl#measuresUsingStandard"", ""predicate_type"": ""object"", ""subject_iri"": ""http://ecoinformatics.org/oboe/oboe.1.2/oboe-core.owl#MeasurementType""}, ""text"": ""Measurement Type measures using standard Standard."", ""triple"": [""Measurement Type"", ""measures using standard"", ""Standard""]}, {""characteristics"": [], ""meta"": {""object_iri"": null, ""predicate_iri"": ""http://ecoinformatics.org/oboe/oboe.1.2/oboe-core.owl#hasMultiplier"", ""predicate_type"": ""data"", ""subject_iri"": ""http://ecoinformatics.org/oboe/oboe.1.2/oboe-core.owl#UnitConversion""}, ""text"": ""Unit Conversion hasMultiplier float."", ""triple"": [""Unit Conversion"", ""hasMultiplier"", ""float""]}, {""characteristics"": [], ""meta"": {""object_iri"": null, ""predicate_iri"": ""http://ecoinformatics.org/oboe/oboe.1.2/oboe-core.owl#hasOffset"", ""predicate_type"": ""data"", ""subject_iri"": ""http://ecoinformatics.org/oboe/oboe.1.2/oboe-core.owl#UnitConversion""}, ""text"": ""Unit Conversion hasOffset float."", ""triple"": [""Unit Conversion"", ""hasOffset"", ""float""]}]",{}
L4_Earth_Environment_Earth_Environment_OBOE_property_owlapi_00009,"In the OBOE ontology, given the following set of classes and properties, construct only object- and data-property relationships. Do not output subClassOf triples. Output only triples in the form (subject, predicate, object).

Classes:
- Characteristic
- Derived Unit
- Entity
- InchCubed
- Measurement
- Measurement Value
- Observation
- PrefixedUnit
- Protocol
- Unit

Object Properties:
- characteristic for
- entity related
- has measurement
- has value
- of characteristic
- of entity
- uses protocol

Data Properties:
- hasPower
- hasPrecision
- hasPrefixMultiplier",,"(Characteristic, characteristic for, Entity)
(Derived Unit, hasPower, integer)
(Measurement, has value, Measurement Value)
(Measurement, hasPrecision, float)
(Measurement, of characteristic, Characteristic)
(Measurement, uses protocol, Protocol)
(Observation, entity related, Observation)
(Observation, has measurement, Measurement)
(Observation, of entity, Entity)
(PrefixedUnit, hasPrefixMultiplier, float)",3_4,L4,Property Relation Construction,Learning,Generation,triple_f1,Earth_Environment,Earth_Environment/OBOE,bench_3_4/Earth_Environment/OBOE/owlapi/property_owlapi.json,8,,,,"(Characteristic, characteristic for, Entity)
(Derived Unit, hasPower, integer)
(Measurement, has value, Measurement Value)
(Measurement, hasPrecision, float)
(Measurement, of characteristic, Characteristic)
(Measurement, uses protocol, Protocol)
(Observation, entity related, Observation)
(Observation, has measurement, Measurement)
(Observation, of entity, Entity)
(PrefixedUnit, hasPrefixMultiplier, float)","[""Characteristic"", ""Derived Unit"", ""Entity"", ""InchCubed"", ""Measurement"", ""Measurement Value"", ""Observation"", ""PrefixedUnit"", ""Protocol"", ""Unit""]","[""characteristic for"", ""entity related"", ""has measurement"", ""has value"", ""of characteristic"", ""of entity"", ""uses protocol""]","[{""characteristics"": [], ""meta"": {""object_iri"": ""http://ecoinformatics.org/oboe/oboe.1.2/oboe-core.owl#Entity"", ""predicate_iri"": ""http://ecoinformatics.org/oboe/oboe.1.2/oboe-core.owl#characteristicFor"", ""predicate_type"": ""object"", ""subject_iri"": ""http://ecoinformatics.org/oboe/oboe.1.2/oboe-core.owl#Characteristic""}, ""text"": ""Characteristic characteristic for Entity."", ""triple"": [""Characteristic"", ""characteristic for"", ""Entity""]}, {""characteristics"": [], ""meta"": {""object_iri"": null, ""predicate_iri"": ""http://ecoinformatics.org/oboe/oboe.1.2/oboe-core.owl#hasPower"", ""predicate_type"": ""data"", ""subject_iri"": ""http://ecoinformatics.org/oboe/oboe.1.2/oboe-core.owl#DerivedUnit""}, ""text"": ""Derived Unit hasPower integer."", ""triple"": [""Derived Unit"", ""hasPower"", ""integer""]}, {""characteristics"": [], ""meta"": {""object_iri"": ""http://ecoinformatics.org/oboe/oboe.1.2/oboe-core.owl#MeasuredValue"", ""predicate_iri"": ""http://ecoinformatics.org/oboe/oboe.1.2/oboe-core.owl#hasValue"", ""predicate_type"": ""object"", ""subject_iri"": ""http://ecoinformatics.org/oboe/oboe.1.2/oboe-core.owl#Measurement""}, ""text"": ""Measurement has value Measurement Value."", ""triple"": [""Measurement"", ""has value"", ""Measurement Value""]}, {""characteristics"": [], ""meta"": {""object_iri"": null, ""predicate_iri"": ""http://ecoinformatics.org/oboe/oboe.1.2/oboe-core.owl#hasPrecision"", ""predicate_type"": ""data"", ""subject_iri"": ""http://ecoinformatics.org/oboe/oboe.1.2/oboe-core.owl#Measurement""}, ""text"": ""Measurement hasPrecision float."", ""triple"": [""Measurement"", ""hasPrecision"", ""float""]}, {""characteristics"": [], ""meta"": {""object_iri"": ""http://ecoinformatics.org/oboe/oboe.1.2/oboe-core.owl#Characteristic"", ""predicate_iri"": ""http://ecoinformatics.org/oboe/oboe.1.2/oboe-core.owl#ofCharacteristic"", ""predicate_type"": ""object"", ""subject_iri"": ""http://ecoinformatics.org/oboe/oboe.1.2/oboe-core.owl#Measurement""}, ""text"": ""Measurement of characteristic Characteristic."", ""triple"": [""Measurement"", ""of characteristic"", ""Characteristic""]}, {""characteristics"": [], ""meta"": {""object_iri"": ""http://ecoinformatics.org/oboe/oboe.1.2/oboe-core.owl#Protocol"", ""predicate_iri"": ""http://ecoinformatics.org/oboe/oboe.1.2/oboe-core.owl#usesProtocol"", ""predicate_type"": ""object"", ""subject_iri"": ""http://ecoinformatics.org/oboe/oboe.1.2/oboe-core.owl#Measurement""}, ""text"": ""Measurement uses protocol Protocol."", ""triple"": [""Measurement"", ""uses protocol"", ""Protocol""]}, {""characteristics"": [], ""meta"": {""object_iri"": ""http://ecoinformatics.org/oboe/oboe.1.2/oboe-core.owl#Observation"", ""predicate_iri"": ""http://ecoinformatics.org/oboe/oboe.1.2/oboe-core.owl#entityRelated"", ""predicate_type"": ""object"", ""subject_iri"": ""http://ecoinformatics.org/oboe/oboe.1.2/oboe-core.owl#Observation""}, ""text"": ""Observation entity related Observation."", ""triple"": [""Observation"", ""entity related"", ""Observation""]}, {""characteristics"": [], ""meta"": {""object_iri"": ""http://ecoinformatics.org/oboe/oboe.1.2/oboe-core.owl#Measurement"", ""predicate_iri"": ""http://ecoinformatics.org/oboe/oboe.1.2/oboe-core.owl#hasMeasurement"", ""predicate_type"": ""object"", ""subject_iri"": ""http://ecoinformatics.org/oboe/oboe.1.2/oboe-core.owl#Observation""}, ""text"": ""Observation has measurement Measurement."", ""triple"": [""Observation"", ""has measurement"", ""Measurement""]}, {""characteristics"": [], ""meta"": {""object_iri"": ""http://ecoinformatics.org/oboe/oboe.1.2/oboe-core.owl#Entity"", ""predicate_iri"": ""http://ecoinformatics.org/oboe/oboe.1.2/oboe-core.owl#ofEntity"", ""predicate_type"": ""object"", ""subject_iri"": ""http://ecoinformatics.org/oboe/oboe.1.2/oboe-core.owl#Observation""}, ""text"": ""Observation of entity Entity."", ""triple"": [""Observation"", ""of entity"", ""Entity""]}, {""characteristics"": [], ""meta"": {""object_iri"": null, ""predicate_iri"": ""http://ecoinformatics.org/oboe/oboe.1.2/oboe-core.owl#hasPrefixMultiplier"", ""predicate_type"": ""data"", ""subject_iri"": ""http://ecoinformatics.org/oboe/oboe.1.2/oboe-core.owl#PrefixedUnit""}, ""text"": ""PrefixedUnit hasPrefixMultiplier float."", ""triple"": [""PrefixedUnit"", ""hasPrefixMultiplier"", ""float""]}]",{}
L4_Earth_Environment_Earth_Environment_OBOE_property_owlapi_00010,"In the OBOE ontology, given the following set of classes and properties, construct only object- and data-property relationships. Do not output subClassOf triples. Output only triples in the form (subject, predicate, object).

Classes:
- Base Unit
- Characteristic
- Composite Unit
- Measured Characteristic
- Measurement
- Measurement Value
- MolePerLiter
- Observation
- Pound
- Resistance

Object Properties:
- entity related
- has context
- has measurement
- has value
- measurement for
- of characteristic

Data Properties:
- hasPrecision",,"(Measurement, has value, Measurement Value)
(Measurement, hasPrecision, float)
(Measurement, measurement for, Observation)
(Measurement, of characteristic, Characteristic)
(Observation, entity related, Observation)
(Observation, has context, Observation)
(Observation, has measurement, Measurement)",3_4,L4,Property Relation Construction,Learning,Generation,triple_f1,Earth_Environment,Earth_Environment/OBOE,bench_3_4/Earth_Environment/OBOE/owlapi/property_owlapi.json,9,,,,"(Measurement, has value, Measurement Value)
(Measurement, hasPrecision, float)
(Measurement, measurement for, Observation)
(Measurement, of characteristic, Characteristic)
(Observation, entity related, Observation)
(Observation, has context, Observation)
(Observation, has measurement, Measurement)","[""Base Unit"", ""Characteristic"", ""Composite Unit"", ""Measured Characteristic"", ""Measurement"", ""Measurement Value"", ""MolePerLiter"", ""Observation"", ""Pound"", ""Resistance""]","[""entity related"", ""has context"", ""has measurement"", ""has value"", ""measurement for"", ""of characteristic""]","[{""characteristics"": [], ""meta"": {""object_iri"": ""http://ecoinformatics.org/oboe/oboe.1.2/oboe-core.owl#MeasuredValue"", ""predicate_iri"": ""http://ecoinformatics.org/oboe/oboe.1.2/oboe-core.owl#hasValue"", ""predicate_type"": ""object"", ""subject_iri"": ""http://ecoinformatics.org/oboe/oboe.1.2/oboe-core.owl#Measurement""}, ""text"": ""Measurement has value Measurement Value."", ""triple"": [""Measurement"", ""has value"", ""Measurement Value""]}, {""characteristics"": [], ""meta"": {""object_iri"": null, ""predicate_iri"": ""http://ecoinformatics.org/oboe/oboe.1.2/oboe-core.owl#hasPrecision"", ""predicate_type"": ""data"", ""subject_iri"": ""http://ecoinformatics.org/oboe/oboe.1.2/oboe-core.owl#Measurement""}, ""text"": ""Measurement hasPrecision float."", ""triple"": [""Measurement"", ""hasPrecision"", ""float""]}, {""characteristics"": [], ""meta"": {""object_iri"": ""http://ecoinformatics.org/oboe/oboe.1.2/oboe-core.owl#Observation"", ""predicate_iri"": ""http://ecoinformatics.org/oboe/oboe.1.2/oboe-core.owl#measurementFor"", ""predicate_type"": ""object"", ""subject_iri"": ""http://ecoinformatics.org/oboe/oboe.1.2/oboe-core.owl#Measurement""}, ""text"": ""Measurement measurement for Observation."", ""triple"": [""Measurement"", ""measurement for"", ""Observation""]}, {""characteristics"": [], ""meta"": {""object_iri"": ""http://ecoinformatics.org/oboe/oboe.1.2/oboe-core.owl#Characteristic"", ""predicate_iri"": ""http://ecoinformatics.org/oboe/oboe.1.2/oboe-core.owl#ofCharacteristic"", ""predicate_type"": ""object"", ""subject_iri"": ""http://ecoinformatics.org/oboe/oboe.1.2/oboe-core.owl#Measurement""}, ""text"": ""Measurement of characteristic Characteristic."", ""triple"": [""Measurement"", ""of characteristic"", ""Characteristic""]}, {""characteristics"": [], ""meta"": {""object_iri"": ""http://ecoinformatics.org/oboe/oboe.1.2/oboe-core.owl#Observation"", ""predicate_iri"": ""http://ecoinformatics.org/oboe/oboe.1.2/oboe-core.owl#entityRelated"", ""predicate_type"": ""object"", ""subject_iri"": ""http://ecoinformatics.org/oboe/oboe.1.2/oboe-core.owl#Observation""}, ""text"": ""Observation entity related Observation."", ""triple"": [""Observation"", ""entity related"", ""Observation""]}, {""characteristics"": [], ""meta"": {""object_iri"": ""http://ecoinformatics.org/oboe/oboe.1.2/oboe-core.owl#Observation"", ""predicate_iri"": ""http://ecoinformatics.org/oboe/oboe.1.2/oboe-core.owl#hasContext"", ""predicate_type"": ""object"", ""subject_iri"": ""http://ecoinformatics.org/oboe/oboe.1.2/oboe-core.owl#Observation""}, ""text"": ""Observation has context Observation."", ""triple"": [""Observation"", ""has context"", ""Observation""]}, {""characteristics"": [], ""meta"": {""object_iri"": ""http://ecoinformatics.org/oboe/oboe.1.2/oboe-core.owl#Measurement"", ""predicate_iri"": ""http://ecoinformatics.org/oboe/oboe.1.2/oboe-core.owl#hasMeasurement"", ""predicate_type"": ""object"", ""subject_iri"": ""http://ecoinformatics.org/oboe/oboe.1.2/oboe-core.owl#Observation""}, ""text"": ""Observation has measurement Measurement."", ""triple"": [""Observation"", ""has measurement"", ""Measurement""]}]",{}
L4_Earth_Environment_Earth_Environment_OBOE_property_owlapi_00011,"In the OBOE ontology, given the following set of classes and properties, construct only object- and data-property relationships. Do not output subClassOf triples. Output only triples in the form (subject, predicate, object).

Classes:
- Amount
- AmountOfSubstanceConcentration
- AmountOfSubstanceMass
- AmountOfSubstanceWeight
- Base Characteristic Qualifier
- Characteristic
- Characteristic Qualifier
- Composite Characteristic Qualifier
- Mass
- Measured Characteristic

Object Properties:
- has base qualifier
- has next qualifier
- has qualifier

Data Properties:
None",,"(Composite Characteristic Qualifier, has base qualifier, Base Characteristic Qualifier)
(Composite Characteristic Qualifier, has next qualifier, Characteristic Qualifier)
(Measured Characteristic, has qualifier, Characteristic Qualifier)",3_4,L4,Property Relation Construction,Learning,Generation,triple_f1,Earth_Environment,Earth_Environment/OBOE,bench_3_4/Earth_Environment/OBOE/owlapi/property_owlapi.json,10,,,,"(Composite Characteristic Qualifier, has base qualifier, Base Characteristic Qualifier)
(Composite Characteristic Qualifier, has next qualifier, Characteristic Qualifier)
(Measured Characteristic, has qualifier, Characteristic Qualifier)","[""Amount"", ""AmountOfSubstanceConcentration"", ""AmountOfSubstanceMass"", ""AmountOfSubstanceWeight"", ""Base Characteristic Qualifier"", ""Characteristic"", ""Characteristic Qualifier"", ""Composite Characteristic Qualifier"", ""Mass"", ""Measured Characteristic""]","[""has base qualifier"", ""has next qualifier"", ""has qualifier""]","[{""characteristics"": [], ""meta"": {""object_iri"": ""http://ecoinformatics.org/oboe/oboe.1.2/oboe-core.owl#BaseCharacteristicQualifier"", ""predicate_iri"": ""http://ecoinformatics.org/oboe/oboe.1.2/oboe-core.owl#hasBaseQualifier"", ""predicate_type"": ""object"", ""subject_iri"": ""http://ecoinformatics.org/oboe/oboe.1.2/oboe-core.owl#CompositeCharacteristicQualifier""}, ""text"": ""Composite Characteristic Qualifier has base qualifier Base Characteristic Qualifier."", ""triple"": [""Composite Characteristic Qualifier"", ""has base qualifier"", ""Base Characteristic Qualifier""]}, {""characteristics"": [], ""meta"": {""object_iri"": ""http://ecoinformatics.org/oboe/oboe.1.2/oboe-core.owl#CharacteristicQualifier"", ""predicate_iri"": ""http://ecoinformatics.org/oboe/oboe.1.2/oboe-core.owl#hasNextQualifier"", ""predicate_type"": ""object"", ""subject_iri"": ""http://ecoinformatics.org/oboe/oboe.1.2/oboe-core.owl#CompositeCharacteristicQualifier""}, ""text"": ""Composite Characteristic Qualifier has next qualifier Characteristic Qualifier."", ""triple"": [""Composite Characteristic Qualifier"", ""has next qualifier"", ""Characteristic Qualifier""]}, {""characteristics"": [], ""meta"": {""object_iri"": ""http://ecoinformatics.org/oboe/oboe.1.2/oboe-core.owl#CharacteristicQualifier"", ""predicate_iri"": ""http://ecoinformatics.org/oboe/oboe.1.2/oboe-core.owl#hasQualifier"", ""predicate_type"": ""object"", ""subject_iri"": ""http://ecoinformatics.org/oboe/oboe.1.2/oboe-core.owl#MeasuredCharacteristic""}, ""text"": ""Measured Characteristic has qualifier Characteristic Qualifier."", ""triple"": [""Measured Characteristic"", ""has qualifier"", ""Characteristic Qualifier""]}]",{}
L4_Earth_Environment_Earth_Environment_OBOE_property_owlapi_00012,"In the OBOE ontology, given the following set of classes and properties, construct only object- and data-property relationships. Do not output subClassOf triples. Output only triples in the form (subject, predicate, object).

Classes:
- Characteristic
- Composite Unit
- Current
- Entity
- MassFlux
- Measured Characteristic
- Measurement Type
- Protocol
- SiemensPerMeter
- Standard

Object Properties:
- characteristic for
- measures characteristic
- measures entity
- measures using standard

Data Properties:
None",,"(Characteristic, characteristic for, Entity)
(Measurement Type, measures characteristic, Characteristic)
(Measurement Type, measures entity, Entity)
(Measurement Type, measures using standard, Standard)",3_4,L4,Property Relation Construction,Learning,Generation,triple_f1,Earth_Environment,Earth_Environment/OBOE,bench_3_4/Earth_Environment/OBOE/owlapi/property_owlapi.json,11,,,,"(Characteristic, characteristic for, Entity)
(Measurement Type, measures characteristic, Characteristic)
(Measurement Type, measures entity, Entity)
(Measurement Type, measures using standard, Standard)","[""Characteristic"", ""Composite Unit"", ""Current"", ""Entity"", ""MassFlux"", ""Measured Characteristic"", ""Measurement Type"", ""Protocol"", ""SiemensPerMeter"", ""Standard""]","[""characteristic for"", ""measures characteristic"", ""measures entity"", ""measures using standard""]","[{""characteristics"": [], ""meta"": {""object_iri"": ""http://ecoinformatics.org/oboe/oboe.1.2/oboe-core.owl#Entity"", ""predicate_iri"": ""http://ecoinformatics.org/oboe/oboe.1.2/oboe-core.owl#characteristicFor"", ""predicate_type"": ""object"", ""subject_iri"": ""http://ecoinformatics.org/oboe/oboe.1.2/oboe-core.owl#Characteristic""}, ""text"": ""Characteristic characteristic for Entity."", ""triple"": [""Characteristic"", ""characteristic for"", ""Entity""]}, {""characteristics"": [], ""meta"": {""object_iri"": ""http://ecoinformatics.org/oboe/oboe.1.2/oboe-core.owl#Characteristic"", ""predicate_iri"": ""http://ecoinformatics.org/oboe/oboe.1.2/oboe-core.owl#measuresCharacteristic"", ""predicate_type"": ""object"", ""subject_iri"": ""http://ecoinformatics.org/oboe/oboe.1.2/oboe-core.owl#MeasurementType""}, ""text"": ""Measurement Type measures characteristic Characteristic."", ""triple"": [""Measurement Type"", ""measures characteristic"", ""Characteristic""]}, {""characteristics"": [], ""meta"": {""object_iri"": ""http://ecoinformatics.org/oboe/oboe.1.2/oboe-core.owl#Entity"", ""predicate_iri"": ""http://ecoinformatics.org/oboe/oboe.1.2/oboe-core.owl#measuresEntity"", ""predicate_type"": ""object"", ""subject_iri"": ""http://ecoinformatics.org/oboe/oboe.1.2/oboe-core.owl#MeasurementType""}, ""text"": ""Measurement Type measures entity Entity."", ""triple"": [""Measurement Type"", ""measures entity"", ""Entity""]}, {""characteristics"": [], ""meta"": {""object_iri"": ""http://ecoinformatics.org/oboe/oboe.1.2/oboe-core.owl#Standard"", ""predicate_iri"": ""http://ecoinformatics.org/oboe/oboe.1.2/oboe-core.owl#measuresUsingStandard"", ""predicate_type"": ""object"", ""subject_iri"": ""http://ecoinformatics.org/oboe/oboe.1.2/oboe-core.owl#MeasurementType""}, ""text"": ""Measurement Type measures using standard Standard."", ""triple"": [""Measurement Type"", ""measures using standard"", ""Standard""]}]",{}
L4_Earth_Environment_Earth_Environment_OBOE_property_owlapi_00013,"In the OBOE ontology, given the following set of classes and properties, construct only object- and data-property relationships. Do not output subClassOf triples. Output only triples in the form (subject, predicate, object).

Classes:
- Characteristic
- Derived Unit
- FootSquared
- HectopascalToPascal
- MagneticFluxDensity
- Measured Characteristic
- Measurement
- Measurement Value
- Observation
- Unit Conversion

Object Properties:
- entity related
- has context
- has measurement
- has value
- measurement for
- of characteristic

Data Properties:
- hasMultiplier
- hasOffset
- hasPower
- hasPrecision",,"(Derived Unit, hasPower, integer)
(Measurement, has value, Measurement Value)
(Measurement, hasPrecision, float)
(Measurement, measurement for, Observation)
(Measurement, of characteristic, Characteristic)
(Observation, entity related, Observation)
(Observation, has context, Observation)
(Observation, has measurement, Measurement)
(Unit Conversion, hasMultiplier, float)
(Unit Conversion, hasOffset, float)",3_4,L4,Property Relation Construction,Learning,Generation,triple_f1,Earth_Environment,Earth_Environment/OBOE,bench_3_4/Earth_Environment/OBOE/owlapi/property_owlapi.json,12,,,,"(Derived Unit, hasPower, integer)
(Measurement, has value, Measurement Value)
(Measurement, hasPrecision, float)
(Measurement, measurement for, Observation)
(Measurement, of characteristic, Characteristic)
(Observation, entity related, Observation)
(Observation, has context, Observation)
(Observation, has measurement, Measurement)
(Unit Conversion, hasMultiplier, float)
(Unit Conversion, hasOffset, float)","[""Characteristic"", ""Derived Unit"", ""FootSquared"", ""HectopascalToPascal"", ""MagneticFluxDensity"", ""Measured Characteristic"", ""Measurement"", ""Measurement Value"", ""Observation"", ""Unit Conversion""]","[""entity related"", ""has context"", ""has measurement"", ""has value"", ""measurement for"", ""of characteristic""]","[{""characteristics"": [], ""meta"": {""object_iri"": null, ""predicate_iri"": ""http://ecoinformatics.org/oboe/oboe.1.2/oboe-core.owl#hasPower"", ""predicate_type"": ""data"", ""subject_iri"": ""http://ecoinformatics.org/oboe/oboe.1.2/oboe-core.owl#DerivedUnit""}, ""text"": ""Derived Unit hasPower integer."", ""triple"": [""Derived Unit"", ""hasPower"", ""integer""]}, {""characteristics"": [], ""meta"": {""object_iri"": ""http://ecoinformatics.org/oboe/oboe.1.2/oboe-core.owl#MeasuredValue"", ""predicate_iri"": ""http://ecoinformatics.org/oboe/oboe.1.2/oboe-core.owl#hasValue"", ""predicate_type"": ""object"", ""subject_iri"": ""http://ecoinformatics.org/oboe/oboe.1.2/oboe-core.owl#Measurement""}, ""text"": ""Measurement has value Measurement Value."", ""triple"": [""Measurement"", ""has value"", ""Measurement Value""]}, {""characteristics"": [], ""meta"": {""object_iri"": null, ""predicate_iri"": ""http://ecoinformatics.org/oboe/oboe.1.2/oboe-core.owl#hasPrecision"", ""predicate_type"": ""data"", ""subject_iri"": ""http://ecoinformatics.org/oboe/oboe.1.2/oboe-core.owl#Measurement""}, ""text"": ""Measurement hasPrecision float."", ""triple"": [""Measurement"", ""hasPrecision"", ""float""]}, {""characteristics"": [], ""meta"": {""object_iri"": ""http://ecoinformatics.org/oboe/oboe.1.2/oboe-core.owl#Observation"", ""predicate_iri"": ""http://ecoinformatics.org/oboe/oboe.1.2/oboe-core.owl#measurementFor"", ""predicate_type"": ""object"", ""subject_iri"": ""http://ecoinformatics.org/oboe/oboe.1.2/oboe-core.owl#Measurement""}, ""text"": ""Measurement measurement for Observation."", ""triple"": [""Measurement"", ""measurement for"", ""Observation""]}, {""characteristics"": [], ""meta"": {""object_iri"": ""http://ecoinformatics.org/oboe/oboe.1.2/oboe-core.owl#Characteristic"", ""predicate_iri"": ""http://ecoinformatics.org/oboe/oboe.1.2/oboe-core.owl#ofCharacteristic"", ""predicate_type"": ""object"", ""subject_iri"": ""http://ecoinformatics.org/oboe/oboe.1.2/oboe-core.owl#Measurement""}, ""text"": ""Measurement of characteristic Characteristic."", ""triple"": [""Measurement"", ""of characteristic"", ""Characteristic""]}, {""characteristics"": [], ""meta"": {""object_iri"": ""http://ecoinformatics.org/oboe/oboe.1.2/oboe-core.owl#Observation"", ""predicate_iri"": ""http://ecoinformatics.org/oboe/oboe.1.2/oboe-core.owl#entityRelated"", ""predicate_type"": ""object"", ""subject_iri"": ""http://ecoinformatics.org/oboe/oboe.1.2/oboe-core.owl#Observation""}, ""text"": ""Observation entity related Observation."", ""triple"": [""Observation"", ""entity related"", ""Observation""]}, {""characteristics"": [], ""meta"": {""object_iri"": ""http://ecoinformatics.org/oboe/oboe.1.2/oboe-core.owl#Observation"", ""predicate_iri"": ""http://ecoinformatics.org/oboe/oboe.1.2/oboe-core.owl#hasContext"", ""predicate_type"": ""object"", ""subject_iri"": ""http://ecoinformatics.org/oboe/oboe.1.2/oboe-core.owl#Observation""}, ""text"": ""Observation has context Observation."", ""triple"": [""Observation"", ""has context"", ""Observation""]}, {""characteristics"": [], ""meta"": {""object_iri"": ""http://ecoinformatics.org/oboe/oboe.1.2/oboe-core.owl#Measurement"", ""predicate_iri"": ""http://ecoinformatics.org/oboe/oboe.1.2/oboe-core.owl#hasMeasurement"", ""predicate_type"": ""object"", ""subject_iri"": ""http://ecoinformatics.org/oboe/oboe.1.2/oboe-core.owl#Observation""}, ""text"": ""Observation has measurement Measurement."", ""triple"": [""Observation"", ""has measurement"", ""Measurement""]}, {""characteristics"": [], ""meta"": {""object_iri"": null, ""predicate_iri"": ""http://ecoinformatics.org/oboe/oboe.1.2/oboe-core.owl#hasMultiplier"", ""predicate_type"": ""data"", ""subject_iri"": ""http://ecoinformatics.org/oboe/oboe.1.2/oboe-core.owl#UnitConversion""}, ""text"": ""Unit Conversion hasMultiplier float."", ""triple"": [""Unit Conversion"", ""hasMultiplier"", ""float""]}, {""characteristics"": [], ""meta"": {""object_iri"": null, ""predicate_iri"": ""http://ecoinformatics.org/oboe/oboe.1.2/oboe-core.owl#hasOffset"", ""predicate_type"": ""data"", ""subject_iri"": ""http://ecoinformatics.org/oboe/oboe.1.2/oboe-core.owl#UnitConversion""}, ""text"": ""Unit Conversion hasOffset float."", ""triple"": [""Unit Conversion"", ""hasOffset"", ""float""]}]",{}
L4_Earth_Environment_Earth_Environment_SWEET_property_sweet_00001,"In the SWEET ontology, given the following set of classes and properties, construct only object- and data-property relationships. Do not output subClassOf triples. Output only triples in the form (subject, predicate, object).

Classes:
- chemical process
- electromagnetic process
- energy conversion process
- glacial process
- phase transition
- physical process
- process
- rotation
- state change
- wave process

Object Properties:
- was triggered by

Data Properties:
None",,"(process, was triggered by, process)",3_4,L4,Property Relation Construction,Learning,Generation,triple_f1,Earth_Environment,Earth_Environment/SWEET,bench_3_4/Earth_Environment/SWEET/sweet/property_sweet.json,0,,,,"(process, was triggered by, process)","[""chemical process"", ""electromagnetic process"", ""energy conversion process"", ""glacial process"", ""phase transition"", ""physical process"", ""process"", ""rotation"", ""state change"", ""wave process""]","[""was triggered by""]","[{""characteristics"": [], ""meta"": {""object_iri"": ""http://sweetontology.net/proc/Process"", ""predicate_iri"": ""http://sweetontology.net/relaProvenance/wasTriggeredBy"", ""predicate_type"": ""object"", ""subject_iri"": ""http://sweetontology.net/proc/Process""}, ""text"": ""process was triggered by process."", ""triple"": [""process"", ""was triggered by"", ""process""]}]",{}
L4_Earth_Environment_Earth_Environment_SWEET_property_sweet_00002,"In the SWEET ontology, given the following set of classes and properties, construct only object- and data-property relationships. Do not output subClassOf triples. Output only triples in the form (subject, predicate, object).

Classes:
- albedo
- fractional quantity
- humidity
- porosity
- porousness
- probability
- quantitative property
- quantity
- scientific quantity
- water concentration

Object Properties:
None

Data Properties:
- has numeric value",,"(quantity, has numeric value, float)",3_4,L4,Property Relation Construction,Learning,Generation,triple_f1,Earth_Environment,Earth_Environment/SWEET,bench_3_4/Earth_Environment/SWEET/sweet/property_sweet.json,1,,,,"(quantity, has numeric value, float)","[""albedo"", ""fractional quantity"", ""humidity"", ""porosity"", ""porousness"", ""probability"", ""quantitative property"", ""quantity"", ""scientific quantity"", ""water concentration""]",[],"[{""characteristics"": [], ""meta"": {""object_iri"": null, ""predicate_iri"": ""http://sweetontology.net/relaSci/hasNumericValue"", ""predicate_type"": ""data"", ""subject_iri"": ""http://sweetontology.net/propQuantity/Quantity""}, ""text"": ""quantity has numeric value float."", ""triple"": [""quantity"", ""has numeric value"", ""float""]}]",{}
L4_Earth_Environment_Earth_Environment_SWEET_property_sweet_00003,"In the SWEET ontology, given the following set of classes and properties, construct only object- and data-property relationships. Do not output subClassOf triples. Output only triples in the form (subject, predicate, object).

Classes:
- diffusivity quantity
- frequency
- motion property
- physical property
- physical quantity
- quantitative property
- quantity
- scientific quantity
- thickness
- velocity

Object Properties:
- more frequent than

Data Properties:
- has numeric value",,"(frequency, more frequent than, frequency)
(quantity, has numeric value, float)",3_4,L4,Property Relation Construction,Learning,Generation,triple_f1,Earth_Environment,Earth_Environment/SWEET,bench_3_4/Earth_Environment/SWEET/sweet/property_sweet.json,2,,,,"(frequency, more frequent than, frequency)
(quantity, has numeric value, float)","[""diffusivity quantity"", ""frequency"", ""motion property"", ""physical property"", ""physical quantity"", ""quantitative property"", ""quantity"", ""scientific quantity"", ""thickness"", ""velocity""]","[""more frequent than""]","[{""characteristics"": [], ""meta"": {""object_iri"": ""http://sweetontology.net/propTimeFrequency/Frequency"", ""predicate_iri"": ""http://sweetontology.net/relaTime/moreFrequentThan"", ""predicate_type"": ""object"", ""subject_iri"": ""http://sweetontology.net/propTimeFrequency/Frequency""}, ""text"": ""frequency more frequent than frequency."", ""triple"": [""frequency"", ""more frequent than"", ""frequency""]}, {""characteristics"": [], ""meta"": {""object_iri"": null, ""predicate_iri"": ""http://sweetontology.net/relaSci/hasNumericValue"", ""predicate_type"": ""data"", ""subject_iri"": ""http://sweetontology.net/propQuantity/Quantity""}, ""text"": ""quantity has numeric value float."", ""triple"": [""quantity"", ""has numeric value"", ""float""]}]",{}
L4_Food_Agriculture_Food_Agriculture_FoodOn_property_foodon_00001,"In the Food On ontology, given the following set of classes and properties, construct only object- and data-property relationships. Do not output subClassOf triples. Output only triples in the form (subject, predicate, object).

Classes:
- food material
- food product
- food product type (to be processed)
- ham cure
- seasoning (citrus juice based)
- sorghum beer
- sorghum cereal
- sorghum flour
- sorghum food product
- sorghum syrup

Object Properties:
- has ingredient

Data Properties:
None",,"(food material, has ingredient, food product)",3_4,L4,Property Relation Construction,Learning,Generation,triple_f1,Food_Agriculture,Food_Agriculture/FoodOn,bench_3_4/Food_Agriculture/FoodOn/foodon/property_foodon.json,0,,,,"(food material, has ingredient, food product)","[""food material"", ""food product"", ""food product type (to be processed)"", ""ham cure"", ""seasoning (citrus juice based)"", ""sorghum beer"", ""sorghum cereal"", ""sorghum flour"", ""sorghum food product"", ""sorghum syrup""]","[""has ingredient""]","[{""characteristics"": [], ""meta"": {""object_iri"": ""http://purl.obolibrary.org/obo/FOODON_00001002"", ""predicate_iri"": ""http://purl.obolibrary.org/obo/FOODON_00002420"", ""predicate_type"": ""object"", ""subject_iri"": ""http://purl.obolibrary.org/obo/FOODON_00002403""}, ""text"": ""food material has ingredient food product."", ""triple"": [""food material"", ""has ingredient"", ""food product""]}]",{}
L4_Food_Agriculture_Food_Agriculture_Wine_property_wine_00001,"In the Wine ontology, given the following set of classes and properties, construct only object- and data-property relationships. Do not output subClassOf triples. Output only triples in the form (subject, predicate, object).

Classes:
- Bordeaux
- DessertWine
- EarlyHarvest
- LateHarvest
- PotableLiquid
- Sauternes
- SweetRiesling
- WineColor
- WineGrape
- wine

Object Properties:
- hasColor
- madeFromGrape

Data Properties:
None",,"(wine, hasColor, WineColor)
(wine, madeFromGrape, WineGrape)",3_4,L4,Property Relation Construction,Learning,Generation,triple_f1,Food_Agriculture,Food_Agriculture/Wine,bench_3_4/Food_Agriculture/Wine/wine/property_wine.json,0,,,,"(wine, hasColor, WineColor)
(wine, madeFromGrape, WineGrape)","[""Bordeaux"", ""DessertWine"", ""EarlyHarvest"", ""LateHarvest"", ""PotableLiquid"", ""Sauternes"", ""SweetRiesling"", ""WineColor"", ""WineGrape"", ""wine""]","[""hasColor"", ""madeFromGrape""]","[{""characteristics"": [], ""meta"": {""object_iri"": ""http://www.w3.org/TR/2003/PR-owl-guide-20031209/wine##WineColor"", ""predicate_iri"": ""http://www.w3.org/TR/2003/PR-owl-guide-20031209/wine##hasColor"", ""predicate_type"": ""object"", ""subject_iri"": ""http://www.w3.org/TR/2003/PR-owl-guide-20031209/wine##Wine""}, ""text"": ""wine hasColor WineColor."", ""triple"": [""wine"", ""hasColor"", ""WineColor""]}, {""characteristics"": [], ""meta"": {""object_iri"": ""http://www.w3.org/TR/2003/PR-owl-guide-20031209/wine##WineGrape"", ""predicate_iri"": ""http://www.w3.org/TR/2003/PR-owl-guide-20031209/wine##madeFromGrape"", ""predicate_type"": ""object"", ""subject_iri"": ""http://www.w3.org/TR/2003/PR-owl-guide-20031209/wine##Wine""}, ""text"": ""wine madeFromGrape WineGrape."", ""triple"": [""wine"", ""madeFromGrape"", ""WineGrape""]}]",{}
L4_Human_Society_Human_Society_People_property_people_00001,"In the People ontology, given the following set of classes and properties, construct only object- and data-property relationships. Do not output subClassOf triples. Output only triples in the form (subject, predicate, object).

Classes:
- animal
- cat
- duck
- giraffe
- person
- sheep
- tiger

Object Properties:
- has pet

Data Properties:
None",,"(person, has pet, animal)",3_4,L4,Property Relation Construction,Learning,Generation,triple_f1,Human_Society,Human_Society/People,bench_3_4/Human_Society/People/people/property_people.json,0,,,,"(person, has pet, animal)","[""animal"", ""cat"", ""duck"", ""giraffe"", ""person"", ""sheep"", ""tiger""]","[""has_pet""]","[{""characteristics"": [], ""meta"": {""object_iri"": ""http://owl.man.ac.uk/2006/07/sssw/people#animal"", ""predicate_iri"": ""http://owl.man.ac.uk/2006/07/sssw/people#has_pet"", ""predicate_type"": ""object"", ""subject_iri"": ""http://owl.man.ac.uk/2006/07/sssw/people#person""}, ""text"": ""person has_pet animal."", ""triple"": [""person"", ""has_pet"", ""animal""]}]",{}
L4_Legal_Legal_ELI_property_eli_00001,"In the ELI ontology, given the following set of classes and properties, construct only object- and data-property relationships. Do not output subClassOf triples. Output only triples in the form (subject, predicate, object).

Classes:
- Agent
- Expression
- F22 Self-Contained Expression
- Language
- Legal Expression
- Legal Resource
- Legal Resource Subdivision
- Manifestation
- Resource type
- Work

Object Properties:
- countersigned by
- embodies
- has another publication
- has member
- has part
- has translation
- is embodied by
- is realized by
- is translation of
- language
- realizes
- responsibility of agent

Data Properties:
- date of the document
- responsibility of",,"(Expression, is embodied by, Manifestation)
(Expression, language, Language)
(Expression, realizes, Work)
(Legal Expression, has translation, Legal Expression)
(Legal Expression, is translation of, Legal Expression)
(Legal Resource, countersigned by, Agent)
(Legal Resource, has another publication, Legal Resource)
(Legal Resource, responsibility of, string)
(Legal Resource, responsibility of agent, Agent)
(Manifestation, embodies, Expression)
(Work, date of the document, <class 'datetime.date'>)
(Work, has member, Work)
(Work, has part, Work)
(Work, is realized by, Expression)",3_4,L4,Property Relation Construction,Learning,Generation,triple_f1,Legal,Legal/ELI,bench_3_4/Legal/ELI/eli/property_eli.json,0,,,,"(Expression, is embodied by, Manifestation)
(Expression, language, Language)
(Expression, realizes, Work)
(Legal Expression, has translation, Legal Expression)
(Legal Expression, is translation of, Legal Expression)
(Legal Resource, countersigned by, Agent)
(Legal Resource, has another publication, Legal Resource)
(Legal Resource, responsibility of, string)
(Legal Resource, responsibility of agent, Agent)
(Manifestation, embodies, Expression)
(Work, date of the document, <class 'datetime.date'>)
(Work, has member, Work)
(Work, has part, Work)
(Work, is realized by, Expression)","[""Agent"", ""Expression"", ""F22_Self-Contained_Expression"", ""Language"", ""Legal Expression"", ""Legal Resource"", ""Legal Resource Subdivision"", ""Manifestation"", ""Resource type"", ""Work""]","[""countersigned by"", ""embodies"", ""has another publication"", ""has member"", ""has part"", ""has translation"", ""is embodied by"", ""is realized by"", ""is translation of"", ""language"", ""realizes"", ""responsibility of agent""]","[{""characteristics"": [], ""meta"": {""object_iri"": ""http://data.europa.eu/eli/ontology#Manifestation"", ""predicate_iri"": ""http://data.europa.eu/eli/ontology#is_embodied_by"", ""predicate_type"": ""object"", ""subject_iri"": ""http://data.europa.eu/eli/ontology#Expression""}, ""text"": ""Expression is embodied by Manifestation."", ""triple"": [""Expression"", ""is embodied by"", ""Manifestation""]}, {""characteristics"": [], ""meta"": {""object_iri"": ""http://data.europa.eu/eli/ontology#Language"", ""predicate_iri"": ""http://data.europa.eu/eli/ontology#language"", ""predicate_type"": ""object"", ""subject_iri"": ""http://data.europa.eu/eli/ontology#Expression""}, ""text"": ""Expression language Language."", ""triple"": [""Expression"", ""language"", ""Language""]}, {""characteristics"": [], ""meta"": {""object_iri"": ""http://data.europa.eu/eli/ontology#Work"", ""predicate_iri"": ""http://data.europa.eu/eli/ontology#realizes"", ""predicate_type"": ""object"", ""subject_iri"": ""http://data.europa.eu/eli/ontology#Expression""}, ""text"": ""Expression realizes Work."", ""triple"": [""Expression"", ""realizes"", ""Work""]}, {""characteristics"": [], ""meta"": {""object_iri"": ""http://data.europa.eu/eli/ontology#LegalExpression"", ""predicate_iri"": ""http://data.europa.eu/eli/ontology#has_translation"", ""predicate_type"": ""object"", ""subject_iri"": ""http://data.europa.eu/eli/ontology#LegalExpression""}, ""text"": ""Legal Expression has translation Legal Expression."", ""triple"": [""Legal Expression"", ""has translation"", ""Legal Expression""]}, {""characteristics"": [], ""meta"": {""object_iri"": ""http://data.europa.eu/eli/ontology#LegalExpression"", ""predicate_iri"": ""http://data.europa.eu/eli/ontology#is_translation_of"", ""predicate_type"": ""object"", ""subject_iri"": ""http://data.europa.eu/eli/ontology#LegalExpression""}, ""text"": ""Legal Expression is translation of Legal Expression."", ""triple"": [""Legal Expression"", ""is translation of"", ""Legal Expression""]}, {""characteristics"": [], ""meta"": {""object_iri"": ""http://data.europa.eu/eli/ontology#Agent"", ""predicate_iri"": ""http://data.europa.eu/eli/ontology#countersigned_by"", ""predicate_type"": ""object"", ""subject_iri"": ""http://data.europa.eu/eli/ontology#LegalResource""}, ""text"": ""Legal Resource countersigned by Agent."", ""triple"": [""Legal Resource"", ""countersigned by"", ""Agent""]}, {""characteristics"": [], ""meta"": {""object_iri"": ""http://data.europa.eu/eli/ontology#LegalResource"", ""predicate_iri"": ""http://data.europa.eu/eli/ontology#has_another_publication"", ""predicate_type"": ""object"", ""subject_iri"": ""http://data.europa.eu/eli/ontology#LegalResource""}, ""text"": ""Legal Resource has another publication Legal Resource."", ""triple"": [""Legal Resource"", ""has another publication"", ""Legal Resource""]}, {""characteristics"": [], ""meta"": {""object_iri"": null, ""predicate_iri"": ""http://data.europa.eu/eli/ontology#responsibility_of"", ""predicate_type"": ""data"", ""subject_iri"": ""http://data.europa.eu/eli/ontology#LegalResource""}, ""text"": ""Legal Resource responsibility of string."", ""triple"": [""Legal Resource"", ""responsibility of"", ""string""]}, {""characteristics"": [], ""meta"": {""object_iri"": ""http://data.europa.eu/eli/ontology#Agent"", ""predicate_iri"": ""http://data.europa.eu/eli/ontology#responsibility_of_agent"", ""predicate_type"": ""object"", ""subject_iri"": ""http://data.europa.eu/eli/ontology#LegalResource""}, ""text"": ""Legal Resource responsibility of agent Agent."", ""triple"": [""Legal Resource"", ""responsibility of agent"", ""Agent""]}, {""characteristics"": [], ""meta"": {""object_iri"": ""http://data.europa.eu/eli/ontology#Expression"", ""predicate_iri"": ""http://data.europa.eu/eli/ontology#embodies"", ""predicate_type"": ""object"", ""subject_iri"": ""http://data.europa.eu/eli/ontology#Manifestation""}, ""text"": ""Manifestation embodies Expression."", ""triple"": [""Manifestation"", ""embodies"", ""Expression""]}, {""characteristics"": [], ""meta"": {""object_iri"": null, ""predicate_iri"": ""http://data.europa.eu/eli/ontology#date_document"", ""predicate_type"": ""data"", ""subject_iri"": ""http://data.europa.eu/eli/ontology#Work""}, ""text"": ""Work date of the document <class 'datetime.date'>."", ""triple"": [""Work"", ""date of the document"", ""<class 'datetime.date'>""]}, {""characteristics"": [], ""meta"": {""object_iri"": ""http://data.europa.eu/eli/ontology#Work"", ""predicate_iri"": ""http://data.europa.eu/eli/ontology#has_member"", ""predicate_type"": ""object"", ""subject_iri"": ""http://data.europa.eu/eli/ontology#Work""}, ""text"": ""Work has member Work."", ""triple"": [""Work"", ""has member"", ""Work""]}, {""characteristics"": [], ""meta"": {""object_iri"": ""http://data.europa.eu/eli/ontology#Work"", ""predicate_iri"": ""http://data.europa.eu/eli/ontology#has_part"", ""predicate_type"": ""object"", ""subject_iri"": ""http://data.europa.eu/eli/ontology#Work""}, ""text"": ""Work has part Work."", ""triple"": [""Work"", ""has part"", ""Work""]}, {""characteristics"": [], ""meta"": {""object_iri"": ""http://data.europa.eu/eli/ontology#Expression"", ""predicate_iri"": ""http://data.europa.eu/eli/ontology#is_realized_by"", ""predicate_type"": ""object"", ""subject_iri"": ""http://data.europa.eu/eli/ontology#Work""}, ""text"": ""Work is realized by Expression."", ""triple"": [""Work"", ""is realized by"", ""Expression""]}]",{}
L4_Legal_Legal_ELI_property_eli_00002,"In the ELI ontology, given the following set of classes and properties, construct only object- and data-property relationships. Do not output subClassOf triples. Output only triples in the form (subject, predicate, object).

Classes:
- Agent
- E39 Actor
- Expression
- F10 Person
- F22 Self-Contained Expression
- Language
- Legal Expression
- Manifestation
- Person
- Work

Object Properties:
- embodies
- has member
- has part
- has translation
- is embodied by
- is realized by
- is translation of
- language
- realizes

Data Properties:
- date of the document",,"(Expression, is embodied by, Manifestation)
(Expression, language, Language)
(Expression, realizes, Work)
(Legal Expression, has translation, Legal Expression)
(Legal Expression, is translation of, Legal Expression)
(Manifestation, embodies, Expression)
(Work, date of the document, <class 'datetime.date'>)
(Work, has member, Work)
(Work, has part, Work)
(Work, is realized by, Expression)",3_4,L4,Property Relation Construction,Learning,Generation,triple_f1,Legal,Legal/ELI,bench_3_4/Legal/ELI/eli/property_eli.json,1,,,,"(Expression, is embodied by, Manifestation)
(Expression, language, Language)
(Expression, realizes, Work)
(Legal Expression, has translation, Legal Expression)
(Legal Expression, is translation of, Legal Expression)
(Manifestation, embodies, Expression)
(Work, date of the document, <class 'datetime.date'>)
(Work, has member, Work)
(Work, has part, Work)
(Work, is realized by, Expression)","[""Agent"", ""E39_Actor"", ""Expression"", ""F10_Person"", ""F22_Self-Contained_Expression"", ""Language"", ""Legal Expression"", ""Manifestation"", ""Person"", ""Work""]","[""embodies"", ""has member"", ""has part"", ""has translation"", ""is embodied by"", ""is realized by"", ""is translation of"", ""language"", ""realizes""]","[{""characteristics"": [], ""meta"": {""object_iri"": ""http://data.europa.eu/eli/ontology#Manifestation"", ""predicate_iri"": ""http://data.europa.eu/eli/ontology#is_embodied_by"", ""predicate_type"": ""object"", ""subject_iri"": ""http://data.europa.eu/eli/ontology#Expression""}, ""text"": ""Expression is embodied by Manifestation."", ""triple"": [""Expression"", ""is embodied by"", ""Manifestation""]}, {""characteristics"": [], ""meta"": {""object_iri"": ""http://data.europa.eu/eli/ontology#Language"", ""predicate_iri"": ""http://data.europa.eu/eli/ontology#language"", ""predicate_type"": ""object"", ""subject_iri"": ""http://data.europa.eu/eli/ontology#Expression""}, ""text"": ""Expression language Language."", ""triple"": [""Expression"", ""language"", ""Language""]}, {""characteristics"": [], ""meta"": {""object_iri"": ""http://data.europa.eu/eli/ontology#Work"", ""predicate_iri"": ""http://data.europa.eu/eli/ontology#realizes"", ""predicate_type"": ""object"", ""subject_iri"": ""http://data.europa.eu/eli/ontology#Expression""}, ""text"": ""Expression realizes Work."", ""triple"": [""Expression"", ""realizes"", ""Work""]}, {""characteristics"": [], ""meta"": {""object_iri"": ""http://data.europa.eu/eli/ontology#LegalExpression"", ""predicate_iri"": ""http://data.europa.eu/eli/ontology#has_translation"", ""predicate_type"": ""object"", ""subject_iri"": ""http://data.europa.eu/eli/ontology#LegalExpression""}, ""text"": ""Legal Expression has translation Legal Expression."", ""triple"": [""Legal Expression"", ""has translation"", ""Legal Expression""]}, {""characteristics"": [], ""meta"": {""object_iri"": ""http://data.europa.eu/eli/ontology#LegalExpression"", ""predicate_iri"": ""http://data.europa.eu/eli/ontology#is_translation_of"", ""predicate_type"": ""object"", ""subject_iri"": ""http://data.europa.eu/eli/ontology#LegalExpression""}, ""text"": ""Legal Expression is translation of Legal Expression."", ""triple"": [""Legal Expression"", ""is translation of"", ""Legal Expression""]}, {""characteristics"": [], ""meta"": {""object_iri"": ""http://data.europa.eu/eli/ontology#Expression"", ""predicate_iri"": ""http://data.europa.eu/eli/ontology#embodies"", ""predicate_type"": ""object"", ""subject_iri"": ""http://data.europa.eu/eli/ontology#Manifestation""}, ""text"": ""Manifestation embodies Expression."", ""triple"": [""Manifestation"", ""embodies"", ""Expression""]}, {""characteristics"": [], ""meta"": {""object_iri"": null, ""predicate_iri"": ""http://data.europa.eu/eli/ontology#date_document"", ""predicate_type"": ""data"", ""subject_iri"": ""http://data.europa.eu/eli/ontology#Work""}, ""text"": ""Work date of the document <class 'datetime.date'>."", ""triple"": [""Work"", ""date of the document"", ""<class 'datetime.date'>""]}, {""characteristics"": [], ""meta"": {""object_iri"": ""http://data.europa.eu/eli/ontology#Work"", ""predicate_iri"": ""http://data.europa.eu/eli/ontology#has_member"", ""predicate_type"": ""object"", ""subject_iri"": ""http://data.europa.eu/eli/ontology#Work""}, ""text"": ""Work has member Work."", ""triple"": [""Work"", ""has member"", ""Work""]}, {""characteristics"": [], ""meta"": {""object_iri"": ""http://data.europa.eu/eli/ontology#Work"", ""predicate_iri"": ""http://data.europa.eu/eli/ontology#has_part"", ""predicate_type"": ""object"", ""subject_iri"": ""http://data.europa.eu/eli/ontology#Work""}, ""text"": ""Work has part Work."", ""triple"": [""Work"", ""has part"", ""Work""]}, {""characteristics"": [], ""meta"": {""object_iri"": ""http://data.europa.eu/eli/ontology#Expression"", ""predicate_iri"": ""http://data.europa.eu/eli/ontology#is_realized_by"", ""predicate_type"": ""object"", ""subject_iri"": ""http://data.europa.eu/eli/ontology#Work""}, ""text"": ""Work is realized by Expression."", ""triple"": [""Work"", ""is realized by"", ""Expression""]}]",{}
L4_Legal_Legal_ELI_property_eli_00003,"In the ELI ontology, given the following set of classes and properties, construct only object- and data-property relationships. Do not output subClassOf triples. Output only triples in the form (subject, predicate, object).

Classes:
- Agent
- Complex Work
- Concept
- Expression
- F1 Work
- Formally defined as the set of skos:Concept in concept scheme eli:WorkTypeTable
- Legal Resource
- Legal Resource Subdivision
- Work
- Work Subdivision

Object Properties:
- countersigned by
- has member
- is another publication of
- is part of
- is realized by
- passed by
- realizes

Data Properties:
- date of the document
- responsibility of",,"(Expression, realizes, Work)
(Legal Resource, countersigned by, Agent)
(Legal Resource, is another publication of, Legal Resource)
(Legal Resource, passed by, Agent)
(Legal Resource, responsibility of, string)
(Work, date of the document, <class 'datetime.date'>)
(Work, has member, Work)
(Work, is part of, Work)
(Work, is realized by, Expression)",3_4,L4,Property Relation Construction,Learning,Generation,triple_f1,Legal,Legal/ELI,bench_3_4/Legal/ELI/eli/property_eli.json,2,,,,"(Expression, realizes, Work)
(Legal Resource, countersigned by, Agent)
(Legal Resource, is another publication of, Legal Resource)
(Legal Resource, passed by, Agent)
(Legal Resource, responsibility of, string)
(Work, date of the document, <class 'datetime.date'>)
(Work, has member, Work)
(Work, is part of, Work)
(Work, is realized by, Expression)","[""Agent"", ""Complex Work"", ""Concept"", ""Expression"", ""F1_Work"", ""Formally defined as the set of skos:Concept in concept scheme eli:WorkTypeTable"", ""Legal Resource"", ""Legal Resource Subdivision"", ""Work"", ""Work Subdivision""]","[""countersigned by"", ""has member"", ""is another publication of"", ""is part of"", ""is realized by"", ""passed by"", ""realizes""]","[{""characteristics"": [], ""meta"": {""object_iri"": ""http://data.europa.eu/eli/ontology#Work"", ""predicate_iri"": ""http://data.europa.eu/eli/ontology#realizes"", ""predicate_type"": ""object"", ""subject_iri"": ""http://data.europa.eu/eli/ontology#Expression""}, ""text"": ""Expression realizes Work."", ""triple"": [""Expression"", ""realizes"", ""Work""]}, {""characteristics"": [], ""meta"": {""object_iri"": ""http://data.europa.eu/eli/ontology#Agent"", ""predicate_iri"": ""http://data.europa.eu/eli/ontology#countersigned_by"", ""predicate_type"": ""object"", ""subject_iri"": ""http://data.europa.eu/eli/ontology#LegalResource""}, ""text"": ""Legal Resource countersigned by Agent."", ""triple"": [""Legal Resource"", ""countersigned by"", ""Agent""]}, {""characteristics"": [], ""meta"": {""object_iri"": ""http://data.europa.eu/eli/ontology#LegalResource"", ""predicate_iri"": ""http://data.europa.eu/eli/ontology#is_another_publication_of"", ""predicate_type"": ""object"", ""subject_iri"": ""http://data.europa.eu/eli/ontology#LegalResource""}, ""text"": ""Legal Resource is another publication of Legal Resource."", ""triple"": [""Legal Resource"", ""is another publication of"", ""Legal Resource""]}, {""characteristics"": [], ""meta"": {""object_iri"": ""http://data.europa.eu/eli/ontology#Agent"", ""predicate_iri"": ""http://data.europa.eu/eli/ontology#passed_by"", ""predicate_type"": ""object"", ""subject_iri"": ""http://data.europa.eu/eli/ontology#LegalResource""}, ""text"": ""Legal Resource passed by Agent."", ""triple"": [""Legal Resource"", ""passed by"", ""Agent""]}, {""characteristics"": [], ""meta"": {""object_iri"": null, ""predicate_iri"": ""http://data.europa.eu/eli/ontology#responsibility_of"", ""predicate_type"": ""data"", ""subject_iri"": ""http://data.europa.eu/eli/ontology#LegalResource""}, ""text"": ""Legal Resource responsibility of string."", ""triple"": [""Legal Resource"", ""responsibility of"", ""string""]}, {""characteristics"": [], ""meta"": {""object_iri"": null, ""predicate_iri"": ""http://data.europa.eu/eli/ontology#date_document"", ""predicate_type"": ""data"", ""subject_iri"": ""http://data.europa.eu/eli/ontology#Work""}, ""text"": ""Work date of the document <class 'datetime.date'>."", ""triple"": [""Work"", ""date of the document"", ""<class 'datetime.date'>""]}, {""characteristics"": [], ""meta"": {""object_iri"": ""http://data.europa.eu/eli/ontology#Work"", ""predicate_iri"": ""http://data.europa.eu/eli/ontology#has_member"", ""predicate_type"": ""object"", ""subject_iri"": ""http://data.europa.eu/eli/ontology#Work""}, ""text"": ""Work has member Work."", ""triple"": [""Work"", ""has member"", ""Work""]}, {""characteristics"": [], ""meta"": {""object_iri"": ""http://data.europa.eu/eli/ontology#Work"", ""predicate_iri"": ""http://data.europa.eu/eli/ontology#is_part_of"", ""predicate_type"": ""object"", ""subject_iri"": ""http://data.europa.eu/eli/ontology#Work""}, ""text"": ""Work is part of Work."", ""triple"": [""Work"", ""is part of"", ""Work""]}, {""characteristics"": [], ""meta"": {""object_iri"": ""http://data.europa.eu/eli/ontology#Expression"", ""predicate_iri"": ""http://data.europa.eu/eli/ontology#is_realized_by"", ""predicate_type"": ""object"", ""subject_iri"": ""http://data.europa.eu/eli/ontology#Work""}, ""text"": ""Work is realized by Expression."", ""triple"": [""Work"", ""is realized by"", ""Expression""]}]",{}
L4_Legal_Legal_ELI_property_eli_00004,"In the ELI ontology, given the following set of classes and properties, construct only object- and data-property relationships. Do not output subClassOf triples. Output only triples in the form (subject, predicate, object).

Classes:
- Expression
- F1 Work
- F22 Self-Contained Expression
- Language
- Legal Expression
- Legal Resource Subdivision
- Manifestation
- Subdivision type
- Work
- Work Subdivision

Object Properties:
- embodies
- has member
- has translation
- is embodied by
- is part of
- is realized by
- is translation of
- language
- realizes
- type of subdivision

Data Properties:
- date of the document",,"(Expression, is embodied by, Manifestation)
(Expression, language, Language)
(Expression, realizes, Work)
(Legal Expression, has translation, Legal Expression)
(Legal Expression, is translation of, Legal Expression)
(Manifestation, embodies, Expression)
(Work, date of the document, <class 'datetime.date'>)
(Work, has member, Work)
(Work, is part of, Work)
(Work, is realized by, Expression)
(Work Subdivision, type of subdivision, Subdivision type)",3_4,L4,Property Relation Construction,Learning,Generation,triple_f1,Legal,Legal/ELI,bench_3_4/Legal/ELI/eli/property_eli.json,3,,,,"(Expression, is embodied by, Manifestation)
(Expression, language, Language)
(Expression, realizes, Work)
(Legal Expression, has translation, Legal Expression)
(Legal Expression, is translation of, Legal Expression)
(Manifestation, embodies, Expression)
(Work, date of the document, <class 'datetime.date'>)
(Work, has member, Work)
(Work, is part of, Work)
(Work, is realized by, Expression)
(Work Subdivision, type of subdivision, Subdivision type)","[""Expression"", ""F1_Work"", ""F22_Self-Contained_Expression"", ""Language"", ""Legal Expression"", ""Legal Resource Subdivision"", ""Manifestation"", ""Subdivision type"", ""Work"", ""Work Subdivision""]","[""embodies"", ""has member"", ""has translation"", ""is embodied by"", ""is part of"", ""is realized by"", ""is translation of"", ""language"", ""realizes"", ""type of subdivision""]","[{""characteristics"": [], ""meta"": {""object_iri"": ""http://data.europa.eu/eli/ontology#Manifestation"", ""predicate_iri"": ""http://data.europa.eu/eli/ontology#is_embodied_by"", ""predicate_type"": ""object"", ""subject_iri"": ""http://data.europa.eu/eli/ontology#Expression""}, ""text"": ""Expression is embodied by Manifestation."", ""triple"": [""Expression"", ""is embodied by"", ""Manifestation""]}, {""characteristics"": [], ""meta"": {""object_iri"": ""http://data.europa.eu/eli/ontology#Language"", ""predicate_iri"": ""http://data.europa.eu/eli/ontology#language"", ""predicate_type"": ""object"", ""subject_iri"": ""http://data.europa.eu/eli/ontology#Expression""}, ""text"": ""Expression language Language."", ""triple"": [""Expression"", ""language"", ""Language""]}, {""characteristics"": [], ""meta"": {""object_iri"": ""http://data.europa.eu/eli/ontology#Work"", ""predicate_iri"": ""http://data.europa.eu/eli/ontology#realizes"", ""predicate_type"": ""object"", ""subject_iri"": ""http://data.europa.eu/eli/ontology#Expression""}, ""text"": ""Expression realizes Work."", ""triple"": [""Expression"", ""realizes"", ""Work""]}, {""characteristics"": [], ""meta"": {""object_iri"": ""http://data.europa.eu/eli/ontology#LegalExpression"", ""predicate_iri"": ""http://data.europa.eu/eli/ontology#has_translation"", ""predicate_type"": ""object"", ""subject_iri"": ""http://data.europa.eu/eli/ontology#LegalExpression""}, ""text"": ""Legal Expression has translation Legal Expression."", ""triple"": [""Legal Expression"", ""has translation"", ""Legal Expression""]}, {""characteristics"": [], ""meta"": {""object_iri"": ""http://data.europa.eu/eli/ontology#LegalExpression"", ""predicate_iri"": ""http://data.europa.eu/eli/ontology#is_translation_of"", ""predicate_type"": ""object"", ""subject_iri"": ""http://data.europa.eu/eli/ontology#LegalExpression""}, ""text"": ""Legal Expression is translation of Legal Expression."", ""triple"": [""Legal Expression"", ""is translation of"", ""Legal Expression""]}, {""characteristics"": [], ""meta"": {""object_iri"": ""http://data.europa.eu/eli/ontology#Expression"", ""predicate_iri"": ""http://data.europa.eu/eli/ontology#embodies"", ""predicate_type"": ""object"", ""subject_iri"": ""http://data.europa.eu/eli/ontology#Manifestation""}, ""text"": ""Manifestation embodies Expression."", ""triple"": [""Manifestation"", ""embodies"", ""Expression""]}, {""characteristics"": [], ""meta"": {""object_iri"": null, ""predicate_iri"": ""http://data.europa.eu/eli/ontology#date_document"", ""predicate_type"": ""data"", ""subject_iri"": ""http://data.europa.eu/eli/ontology#Work""}, ""text"": ""Work date of the document <class 'datetime.date'>."", ""triple"": [""Work"", ""date of the document"", ""<class 'datetime.date'>""]}, {""characteristics"": [], ""meta"": {""object_iri"": ""http://data.europa.eu/eli/ontology#Work"", ""predicate_iri"": ""http://data.europa.eu/eli/ontology#has_member"", ""predicate_type"": ""object"", ""subject_iri"": ""http://data.europa.eu/eli/ontology#Work""}, ""text"": ""Work has member Work."", ""triple"": [""Work"", ""has member"", ""Work""]}, {""characteristics"": [], ""meta"": {""object_iri"": ""http://data.europa.eu/eli/ontology#Work"", ""predicate_iri"": ""http://data.europa.eu/eli/ontology#is_part_of"", ""predicate_type"": ""object"", ""subject_iri"": ""http://data.europa.eu/eli/ontology#Work""}, ""text"": ""Work is part of Work."", ""triple"": [""Work"", ""is part of"", ""Work""]}, {""characteristics"": [], ""meta"": {""object_iri"": ""http://data.europa.eu/eli/ontology#Expression"", ""predicate_iri"": ""http://data.europa.eu/eli/ontology#is_realized_by"", ""predicate_type"": ""object"", ""subject_iri"": ""http://data.europa.eu/eli/ontology#Work""}, ""text"": ""Work is realized by Expression."", ""triple"": [""Work"", ""is realized by"", ""Expression""]}, {""characteristics"": [], ""meta"": {""object_iri"": ""http://data.europa.eu/eli/ontology#SubdivisionType"", ""predicate_iri"": ""http://data.europa.eu/eli/ontology#type_subdivision"", ""predicate_type"": ""object"", ""subject_iri"": ""http://data.europa.eu/eli/ontology#WorkSubdivision""}, ""text"": ""Work Subdivision type of subdivision Subdivision type."", ""triple"": [""Work Subdivision"", ""type of subdivision"", ""Subdivision type""]}]",{}
L4_Legal_Legal_LKIF_Core_Ontology_property_action_00001,"In the LKIF Core Ontology, given the following set of classes and properties, construct only object- and data-property relationships. Do not output subClassOf triples. Output only triples in the form (subject, predicate, object).

Classes:
- Action
- Agent
- Artifact
- Natural Object
- Organisation
- Person
- Physical Entity
- Physical Object
- Physical Process
- Process

Object Properties:
- actor
- actor in

Data Properties:
None",,"(Action, actor, Agent)
(Agent, actor in, Action)",3_4,L4,Property Relation Construction,Learning,Generation,triple_f1,Legal,Legal/LKIF_Core_Ontology,bench_3_4/Legal/LKIF_Core_Ontology/action/property_action.json,0,,,,"(Action, actor, Agent)
(Agent, actor in, Action)","[""Action"", ""Agent"", ""Artifact"", ""Natural_Object"", ""Organisation"", ""Person"", ""Physical_Entity"", ""Physical_Object"", ""Physical_Process"", ""Process""]","[""actor"", ""actor_in""]","[{""characteristics"": [], ""meta"": {""object_iri"": ""http://www.estrellaproject.org/lkif-core/action.owl#Agent"", ""predicate_iri"": ""http://www.estrellaproject.org/lkif-core/action.owl#actor"", ""predicate_type"": ""object"", ""subject_iri"": ""http://www.estrellaproject.org/lkif-core/action.owl#Action""}, ""text"": ""Action actor Agent."", ""triple"": [""Action"", ""actor"", ""Agent""]}, {""characteristics"": [], ""meta"": {""object_iri"": ""http://www.estrellaproject.org/lkif-core/action.owl#Action"", ""predicate_iri"": ""http://www.estrellaproject.org/lkif-core/action.owl#actor_in"", ""predicate_type"": ""object"", ""subject_iri"": ""http://www.estrellaproject.org/lkif-core/action.owl#Agent""}, ""text"": ""Agent actor_in Action."", ""triple"": [""Agent"", ""actor_in"", ""Action""]}]",{}
L4_Legal_Legal_LKIF_Core_Ontology_property_expression_00001,"In the LKIF Core Ontology, given the following set of classes and properties, construct only object- and data-property relationships. Do not output subClassOf triples. Output only triples in the form (subject, predicate, object).

Classes:
- Assertion
- Communicated Attitude
- Declaration
- Expression
- Lie
- Mental Entity
- Mental Object
- Promise
- Propositional Attitude
- Statement In Writing

Object Properties:
- asserted by
- asserts
- declared by
- declares
- promised by
- promises

Data Properties:
None",,"(Assertion, asserts, Expression)
(Declaration, declares, Expression)
(Expression, asserted by, Assertion)
(Expression, declared by, Declaration)
(Expression, promised by, Promise)
(Promise, promises, Expression)",3_4,L4,Property Relation Construction,Learning,Generation,triple_f1,Legal,Legal/LKIF_Core_Ontology,bench_3_4/Legal/LKIF_Core_Ontology/expression/property_expression.json,0,,,,"(Assertion, asserts, Expression)
(Declaration, declares, Expression)
(Expression, asserted by, Assertion)
(Expression, declared by, Declaration)
(Expression, promised by, Promise)
(Promise, promises, Expression)","[""Assertion"", ""Communicated_Attitude"", ""Declaration"", ""Expression"", ""Lie"", ""Mental_Entity"", ""Mental_Object"", ""Promise"", ""Propositional_Attitude"", ""Statement_In_Writing""]","[""asserted_by"", ""asserts"", ""declared_by"", ""declares"", ""promised_by"", ""promises""]","[{""characteristics"": [], ""meta"": {""object_iri"": ""http://www.estrellaproject.org/lkif-core/expression.owl#Expression"", ""predicate_iri"": ""http://www.estrellaproject.org/lkif-core/expression.owl#asserts"", ""predicate_type"": ""object"", ""subject_iri"": ""http://www.estrellaproject.org/lkif-core/expression.owl#Assertion""}, ""text"": ""Assertion asserts Expression."", ""triple"": [""Assertion"", ""asserts"", ""Expression""]}, {""characteristics"": [], ""meta"": {""object_iri"": ""http://www.estrellaproject.org/lkif-core/expression.owl#Expression"", ""predicate_iri"": ""http://www.estrellaproject.org/lkif-core/expression.owl#declares"", ""predicate_type"": ""object"", ""subject_iri"": ""http://www.estrellaproject.org/lkif-core/expression.owl#Declaration""}, ""text"": ""Declaration declares Expression."", ""triple"": [""Declaration"", ""declares"", ""Expression""]}, {""characteristics"": [], ""meta"": {""object_iri"": ""http://www.estrellaproject.org/lkif-core/expression.owl#Assertion"", ""predicate_iri"": ""http://www.estrellaproject.org/lkif-core/expression.owl#asserted_by"", ""predicate_type"": ""object"", ""subject_iri"": ""http://www.estrellaproject.org/lkif-core/expression.owl#Expression""}, ""text"": ""Expression asserted_by Assertion."", ""triple"": [""Expression"", ""asserted_by"", ""Assertion""]}, {""characteristics"": [], ""meta"": {""object_iri"": ""http://www.estrellaproject.org/lkif-core/expression.owl#Declaration"", ""predicate_iri"": ""http://www.estrellaproject.org/lkif-core/expression.owl#declared_by"", ""predicate_type"": ""object"", ""subject_iri"": ""http://www.estrellaproject.org/lkif-core/expression.owl#Expression""}, ""text"": ""Expression declared_by Declaration."", ""triple"": [""Expression"", ""declared_by"", ""Declaration""]}, {""characteristics"": [], ""meta"": {""object_iri"": ""http://www.estrellaproject.org/lkif-core/expression.owl#Promise"", ""predicate_iri"": ""http://www.estrellaproject.org/lkif-core/expression.owl#promised_by"", ""predicate_type"": ""object"", ""subject_iri"": ""http://www.estrellaproject.org/lkif-core/expression.owl#Expression""}, ""text"": ""Expression promised_by Promise."", ""triple"": [""Expression"", ""promised_by"", ""Promise""]}, {""characteristics"": [], ""meta"": {""object_iri"": ""http://www.estrellaproject.org/lkif-core/expression.owl#Expression"", ""predicate_iri"": ""http://www.estrellaproject.org/lkif-core/expression.owl#promises"", ""predicate_type"": ""object"", ""subject_iri"": ""http://www.estrellaproject.org/lkif-core/expression.owl#Promise""}, ""text"": ""Promise promises Expression."", ""triple"": [""Promise"", ""promises"", ""Expression""]}]",{}
L4_Legal_Legal_LKIF_Core_Ontology_property_expression_00002,"In the LKIF Core Ontology, given the following set of classes and properties, construct only object- and data-property relationships. Do not output subClassOf triples. Output only triples in the form (subject, predicate, object).

Classes:
- Agent
- Evaluative Proposition
- Expression
- Mental Entity
- Mental Object
- Plan
- Proposition
- Propositional Attitude
- Qualification
- Subjective Entity

Object Properties:
- attitude
- evaluatively comparable
- held by
- holds
- towards

Data Properties:
None",,"(Agent, holds, Mental Object)
(Evaluative Proposition, evaluatively comparable, Evaluative Proposition)
(Mental Object, held by, Agent)
(Proposition, attitude, Propositional Attitude)
(Propositional Attitude, towards, Proposition)",3_4,L4,Property Relation Construction,Learning,Generation,triple_f1,Legal,Legal/LKIF_Core_Ontology,bench_3_4/Legal/LKIF_Core_Ontology/expression/property_expression.json,1,,,,"(Agent, holds, Mental Object)
(Evaluative Proposition, evaluatively comparable, Evaluative Proposition)
(Mental Object, held by, Agent)
(Proposition, attitude, Propositional Attitude)
(Propositional Attitude, towards, Proposition)","[""Agent"", ""Evaluative_Proposition"", ""Expression"", ""Mental_Entity"", ""Mental_Object"", ""Plan"", ""Proposition"", ""Propositional_Attitude"", ""Qualification"", ""Subjective_Entity""]","[""attitude"", ""evaluatively_comparable"", ""held_by"", ""holds"", ""towards""]","[{""characteristics"": [], ""meta"": {""object_iri"": ""http://www.estrellaproject.org/lkif-core/lkif-top.owl#Mental_Object"", ""predicate_iri"": ""http://www.estrellaproject.org/lkif-core/expression.owl#holds"", ""predicate_type"": ""object"", ""subject_iri"": ""http://www.estrellaproject.org/lkif-core/action.owl#Agent""}, ""text"": ""Agent holds Mental_Object."", ""triple"": [""Agent"", ""holds"", ""Mental_Object""]}, {""characteristics"": [], ""meta"": {""object_iri"": ""http://www.estrellaproject.org/lkif-core/expression.owl#Evaluative_Proposition"", ""predicate_iri"": ""http://www.estrellaproject.org/lkif-core/expression.owl#evaluatively_comparable"", ""predicate_type"": ""object"", ""subject_iri"": ""http://www.estrellaproject.org/lkif-core/expression.owl#Evaluative_Proposition""}, ""text"": ""Evaluative_Proposition evaluatively_comparable Evaluative_Proposition."", ""triple"": [""Evaluative_Proposition"", ""evaluatively_comparable"", ""Evaluative_Proposition""]}, {""characteristics"": [], ""meta"": {""object_iri"": ""http://www.estrellaproject.org/lkif-core/action.owl#Agent"", ""predicate_iri"": ""http://www.estrellaproject.org/lkif-core/expression.owl#held_by"", ""predicate_type"": ""object"", ""subject_iri"": ""http://www.estrellaproject.org/lkif-core/lkif-top.owl#Mental_Object""}, ""text"": ""Mental_Object held_by Agent."", ""triple"": [""Mental_Object"", ""held_by"", ""Agent""]}, {""characteristics"": [], ""meta"": {""object_iri"": ""http://www.estrellaproject.org/lkif-core/expression.owl#Propositional_Attitude"", ""predicate_iri"": ""http://www.estrellaproject.org/lkif-core/expression.owl#attitude"", ""predicate_type"": ""object"", ""subject_iri"": ""http://www.estrellaproject.org/lkif-core/expression.owl#Proposition""}, ""text"": ""Proposition attitude Propositional_Attitude."", ""triple"": [""Proposition"", ""attitude"", ""Propositional_Attitude""]}, {""characteristics"": [], ""meta"": {""object_iri"": ""http://www.estrellaproject.org/lkif-core/expression.owl#Proposition"", ""predicate_iri"": ""http://www.estrellaproject.org/lkif-core/expression.owl#towards"", ""predicate_type"": ""object"", ""subject_iri"": ""http://www.estrellaproject.org/lkif-core/expression.owl#Propositional_Attitude""}, ""text"": ""Propositional_Attitude towards Proposition."", ""triple"": [""Propositional_Attitude"", ""towards"", ""Proposition""]}]",{}
L4_Legal_Legal_LKIF_Core_Ontology_property_expression_00003,"In the LKIF Core Ontology, given the following set of classes and properties, construct only object- and data-property relationships. Do not output subClassOf triples. Output only triples in the form (subject, predicate, object).

Classes:
- Action
- Creation
- Document
- Evaluative Attitude
- Evaluative Proposition
- Expression
- Medium
- Process
- Propositional Attitude
- Speech Act

Object Properties:
- bears
- evaluated by
- evaluates
- evaluatively comparable
- medium

Data Properties:
None",,"(Evaluative Attitude, evaluates, Evaluative Proposition)
(Evaluative Proposition, evaluated by, Evaluative Attitude)
(Evaluative Proposition, evaluatively comparable, Evaluative Proposition)
(Expression, medium, Medium)
(Medium, bears, Expression)",3_4,L4,Property Relation Construction,Learning,Generation,triple_f1,Legal,Legal/LKIF_Core_Ontology,bench_3_4/Legal/LKIF_Core_Ontology/expression/property_expression.json,2,,,,"(Evaluative Attitude, evaluates, Evaluative Proposition)
(Evaluative Proposition, evaluated by, Evaluative Attitude)
(Evaluative Proposition, evaluatively comparable, Evaluative Proposition)
(Expression, medium, Medium)
(Medium, bears, Expression)","[""Action"", ""Creation"", ""Document"", ""Evaluative_Attitude"", ""Evaluative_Proposition"", ""Expression"", ""Medium"", ""Process"", ""Propositional_Attitude"", ""Speech_Act""]","[""bears"", ""evaluated_by"", ""evaluates"", ""evaluatively_comparable"", ""medium""]","[{""characteristics"": [], ""meta"": {""object_iri"": ""http://www.estrellaproject.org/lkif-core/expression.owl#Evaluative_Proposition"", ""predicate_iri"": ""http://www.estrellaproject.org/lkif-core/expression.owl#evaluates"", ""predicate_type"": ""object"", ""subject_iri"": ""http://www.estrellaproject.org/lkif-core/expression.owl#Evaluative_Attitude""}, ""text"": ""Evaluative_Attitude evaluates Evaluative_Proposition."", ""triple"": [""Evaluative_Attitude"", ""evaluates"", ""Evaluative_Proposition""]}, {""characteristics"": [], ""meta"": {""object_iri"": ""http://www.estrellaproject.org/lkif-core/expression.owl#Evaluative_Attitude"", ""predicate_iri"": ""http://www.estrellaproject.org/lkif-core/expression.owl#evaluated_by"", ""predicate_type"": ""object"", ""subject_iri"": ""http://www.estrellaproject.org/lkif-core/expression.owl#Evaluative_Proposition""}, ""text"": ""Evaluative_Proposition evaluated_by Evaluative_Attitude."", ""triple"": [""Evaluative_Proposition"", ""evaluated_by"", ""Evaluative_Attitude""]}, {""characteristics"": [], ""meta"": {""object_iri"": ""http://www.estrellaproject.org/lkif-core/expression.owl#Evaluative_Proposition"", ""predicate_iri"": ""http://www.estrellaproject.org/lkif-core/expression.owl#evaluatively_comparable"", ""predicate_type"": ""object"", ""subject_iri"": ""http://www.estrellaproject.org/lkif-core/expression.owl#Evaluative_Proposition""}, ""text"": ""Evaluative_Proposition evaluatively_comparable Evaluative_Proposition."", ""triple"": [""Evaluative_Proposition"", ""evaluatively_comparable"", ""Evaluative_Proposition""]}, {""characteristics"": [], ""meta"": {""object_iri"": ""http://www.estrellaproject.org/lkif-core/expression.owl#Medium"", ""predicate_iri"": ""http://www.estrellaproject.org/lkif-core/expression.owl#medium"", ""predicate_type"": ""object"", ""subject_iri"": ""http://www.estrellaproject.org/lkif-core/expression.owl#Expression""}, ""text"": ""Expression medium Medium."", ""triple"": [""Expression"", ""medium"", ""Medium""]}, {""characteristics"": [], ""meta"": {""object_iri"": ""http://www.estrellaproject.org/lkif-core/expression.owl#Expression"", ""predicate_iri"": ""http://www.estrellaproject.org/lkif-core/expression.owl#bears"", ""predicate_type"": ""object"", ""subject_iri"": ""http://www.estrellaproject.org/lkif-core/expression.owl#Medium""}, ""text"": ""Medium bears Expression."", ""triple"": [""Medium"", ""bears"", ""Expression""]}]",{}
L4_Legal_Legal_LKIF_Core_Ontology_property_expression_00004,"In the LKIF Core Ontology, given the following set of classes and properties, construct only object- and data-property relationships. Do not output subClassOf triples. Output only triples in the form (subject, predicate, object).

Classes:
- Agent
- Mental Entity
- Mental Object
- Mental Process
- Plan
- Proposition
- Propositional Attitude
- Qualification
- Role
- Subjective Entity

Object Properties:
- attitude
- held by
- holds
- towards

Data Properties:
None",,"(Agent, holds, Mental Object)
(Mental Object, held by, Agent)
(Proposition, attitude, Propositional Attitude)
(Propositional Attitude, towards, Proposition)",3_4,L4,Property Relation Construction,Learning,Generation,triple_f1,Legal,Legal/LKIF_Core_Ontology,bench_3_4/Legal/LKIF_Core_Ontology/expression/property_expression.json,3,,,,"(Agent, holds, Mental Object)
(Mental Object, held by, Agent)
(Proposition, attitude, Propositional Attitude)
(Propositional Attitude, towards, Proposition)","[""Agent"", ""Mental_Entity"", ""Mental_Object"", ""Mental_Process"", ""Plan"", ""Proposition"", ""Propositional_Attitude"", ""Qualification"", ""Role"", ""Subjective_Entity""]","[""attitude"", ""held_by"", ""holds"", ""towards""]","[{""characteristics"": [], ""meta"": {""object_iri"": ""http://www.estrellaproject.org/lkif-core/lkif-top.owl#Mental_Object"", ""predicate_iri"": ""http://www.estrellaproject.org/lkif-core/expression.owl#holds"", ""predicate_type"": ""object"", ""subject_iri"": ""http://www.estrellaproject.org/lkif-core/action.owl#Agent""}, ""text"": ""Agent holds Mental_Object."", ""triple"": [""Agent"", ""holds"", ""Mental_Object""]}, {""characteristics"": [], ""meta"": {""object_iri"": ""http://www.estrellaproject.org/lkif-core/action.owl#Agent"", ""predicate_iri"": ""http://www.estrellaproject.org/lkif-core/expression.owl#held_by"", ""predicate_type"": ""object"", ""subject_iri"": ""http://www.estrellaproject.org/lkif-core/lkif-top.owl#Mental_Object""}, ""text"": ""Mental_Object held_by Agent."", ""triple"": [""Mental_Object"", ""held_by"", ""Agent""]}, {""characteristics"": [], ""meta"": {""object_iri"": ""http://www.estrellaproject.org/lkif-core/expression.owl#Propositional_Attitude"", ""predicate_iri"": ""http://www.estrellaproject.org/lkif-core/expression.owl#attitude"", ""predicate_type"": ""object"", ""subject_iri"": ""http://www.estrellaproject.org/lkif-core/expression.owl#Proposition""}, ""text"": ""Proposition attitude Propositional_Attitude."", ""triple"": [""Proposition"", ""attitude"", ""Propositional_Attitude""]}, {""characteristics"": [], ""meta"": {""object_iri"": ""http://www.estrellaproject.org/lkif-core/expression.owl#Proposition"", ""predicate_iri"": ""http://www.estrellaproject.org/lkif-core/expression.owl#towards"", ""predicate_type"": ""object"", ""subject_iri"": ""http://www.estrellaproject.org/lkif-core/expression.owl#Propositional_Attitude""}, ""text"": ""Propositional_Attitude towards Proposition."", ""triple"": [""Propositional_Attitude"", ""towards"", ""Proposition""]}]",{}
L4_Legal_Legal_LKIF_Core_Ontology_property_expression_00005,"In the LKIF Core Ontology, given the following set of classes and properties, construct only object- and data-property relationships. Do not output subClassOf triples. Output only triples in the form (subject, predicate, object).

Classes:
- Agent
- Assertion
- Belief
- Communicated Attitude
- Declaration
- Mental Entity
- Mental Object
- Promise
- Propositional Attitude
- Statement In Writing

Object Properties:
- addressee
- believed by
- believes
- held by
- holds
- observer
- utterer
- utters

Data Properties:
None",,"(Agent, believes, Belief)
(Agent, holds, Mental Object)
(Agent, utters, Communicated Attitude)
(Belief, believed by, Agent)
(Belief, observer, Agent)
(Communicated Attitude, addressee, Agent)
(Communicated Attitude, utterer, Agent)
(Mental Object, held by, Agent)",3_4,L4,Property Relation Construction,Learning,Generation,triple_f1,Legal,Legal/LKIF_Core_Ontology,bench_3_4/Legal/LKIF_Core_Ontology/expression/property_expression.json,4,,,,"(Agent, believes, Belief)
(Agent, holds, Mental Object)
(Agent, utters, Communicated Attitude)
(Belief, believed by, Agent)
(Belief, observer, Agent)
(Communicated Attitude, addressee, Agent)
(Communicated Attitude, utterer, Agent)
(Mental Object, held by, Agent)","[""Agent"", ""Assertion"", ""Belief"", ""Communicated_Attitude"", ""Declaration"", ""Mental_Entity"", ""Mental_Object"", ""Promise"", ""Propositional_Attitude"", ""Statement_In_Writing""]","[""addressee"", ""believed_by"", ""believes"", ""held_by"", ""holds"", ""observer"", ""utterer"", ""utters""]","[{""characteristics"": [], ""meta"": {""object_iri"": ""http://www.estrellaproject.org/lkif-core/expression.owl#Belief"", ""predicate_iri"": ""http://www.estrellaproject.org/lkif-core/expression.owl#believes"", ""predicate_type"": ""object"", ""subject_iri"": ""http://www.estrellaproject.org/lkif-core/action.owl#Agent""}, ""text"": ""Agent believes Belief."", ""triple"": [""Agent"", ""believes"", ""Belief""]}, {""characteristics"": [], ""meta"": {""object_iri"": ""http://www.estrellaproject.org/lkif-core/lkif-top.owl#Mental_Object"", ""predicate_iri"": ""http://www.estrellaproject.org/lkif-core/expression.owl#holds"", ""predicate_type"": ""object"", ""subject_iri"": ""http://www.estrellaproject.org/lkif-core/action.owl#Agent""}, ""text"": ""Agent holds Mental_Object."", ""triple"": [""Agent"", ""holds"", ""Mental_Object""]}, {""characteristics"": [], ""meta"": {""object_iri"": ""http://www.estrellaproject.org/lkif-core/expression.owl#Communicated_Attitude"", ""predicate_iri"": ""http://www.estrellaproject.org/lkif-core/expression.owl#utters"", ""predicate_type"": ""object"", ""subject_iri"": ""http://www.estrellaproject.org/lkif-core/action.owl#Agent""}, ""text"": ""Agent utters Communicated_Attitude."", ""triple"": [""Agent"", ""utters"", ""Communicated_Attitude""]}, {""characteristics"": [], ""meta"": {""object_iri"": ""http://www.estrellaproject.org/lkif-core/action.owl#Agent"", ""predicate_iri"": ""http://www.estrellaproject.org/lkif-core/expression.owl#believed_by"", ""predicate_type"": ""object"", ""subject_iri"": ""http://www.estrellaproject.org/lkif-core/expression.owl#Belief""}, ""text"": ""Belief believed_by Agent."", ""triple"": [""Belief"", ""believed_by"", ""Agent""]}, {""characteristics"": [], ""meta"": {""object_iri"": ""http://www.estrellaproject.org/lkif-core/action.owl#Agent"", ""predicate_iri"": ""http://www.estrellaproject.org/lkif-core/expression.owl#observer"", ""predicate_type"": ""object"", ""subject_iri"": ""http://www.estrellaproject.org/lkif-core/expression.owl#Belief""}, ""text"": ""Belief observer Agent."", ""triple"": [""Belief"", ""observer"", ""Agent""]}, {""characteristics"": [], ""meta"": {""object_iri"": ""http://www.estrellaproject.org/lkif-core/action.owl#Agent"", ""predicate_iri"": ""http://www.estrellaproject.org/lkif-core/expression.owl#addressee"", ""predicate_type"": ""object"", ""subject_iri"": ""http://www.estrellaproject.org/lkif-core/expression.owl#Communicated_Attitude""}, ""text"": ""Communicated_Attitude addressee Agent."", ""triple"": [""Communicated_Attitude"", ""addressee"", ""Agent""]}, {""characteristics"": [], ""meta"": {""object_iri"": ""http://www.estrellaproject.org/lkif-core/action.owl#Agent"", ""predicate_iri"": ""http://www.estrellaproject.org/lkif-core/expression.owl#utterer"", ""predicate_type"": ""object"", ""subject_iri"": ""http://www.estrellaproject.org/lkif-core/expression.owl#Communicated_Attitude""}, ""text"": ""Communicated_Attitude utterer Agent."", ""triple"": [""Communicated_Attitude"", ""utterer"", ""Agent""]}, {""characteristics"": [], ""meta"": {""object_iri"": ""http://www.estrellaproject.org/lkif-core/action.owl#Agent"", ""predicate_iri"": ""http://www.estrellaproject.org/lkif-core/expression.owl#held_by"", ""predicate_type"": ""object"", ""subject_iri"": ""http://www.estrellaproject.org/lkif-core/lkif-top.owl#Mental_Object""}, ""text"": ""Mental_Object held_by Agent."", ""triple"": [""Mental_Object"", ""held_by"", ""Agent""]}]",{}
L4_Legal_Legal_LKIF_Core_Ontology_property_norm_00001,"In the LKIF Core Ontology, given the following set of classes and properties, construct only object- and data-property relationships. Do not output subClassOf triples. Output only triples in the form (subject, predicate, object).

Classes:
- Allowed
- Allowed And Disallowed
- Disallowed
- Normatively Qualified
- Obliged
- Qualified
- Strictly Allowed
- Strictly Disallowed

Object Properties:
- normatively comparable
- normatively strictly better
- normatively strictly worse
- strictly equivalent

Data Properties:
None",,"(Allowed, strictly equivalent, Allowed)
(Disallowed, normatively strictly better, Obliged)
(Normatively Qualified, normatively comparable, Normatively Qualified)
(Obliged, normatively strictly worse, Disallowed)",3_4,L4,Property Relation Construction,Learning,Generation,triple_f1,Legal,Legal/LKIF_Core_Ontology,bench_3_4/Legal/LKIF_Core_Ontology/norm/property_norm.json,0,,,,"(Allowed, strictly equivalent, Allowed)
(Disallowed, normatively strictly better, Obliged)
(Normatively Qualified, normatively comparable, Normatively Qualified)
(Obliged, normatively strictly worse, Disallowed)","[""Allowed"", ""Allowed_And_Disallowed"", ""Disallowed"", ""Normatively_Qualified"", ""Obliged"", ""Qualified"", ""Strictly_Allowed"", ""Strictly_Disallowed""]","[""normatively_comparable"", ""normatively_strictly_better"", ""normatively_strictly_worse"", ""strictly_equivalent""]","[{""characteristics"": [], ""meta"": {""object_iri"": ""http://www.estrellaproject.org/lkif-core/norm.owl#Allowed"", ""predicate_iri"": ""http://www.estrellaproject.org/lkif-core/norm.owl#strictly_equivalent"", ""predicate_type"": ""object"", ""subject_iri"": ""http://www.estrellaproject.org/lkif-core/norm.owl#Allowed""}, ""text"": ""Allowed strictly_equivalent Allowed."", ""triple"": [""Allowed"", ""strictly_equivalent"", ""Allowed""]}, {""characteristics"": [], ""meta"": {""object_iri"": ""http://www.estrellaproject.org/lkif-core/norm.owl#Obliged"", ""predicate_iri"": ""http://www.estrellaproject.org/lkif-core/norm.owl#normatively_strictly_better"", ""predicate_type"": ""object"", ""subject_iri"": ""http://www.estrellaproject.org/lkif-core/norm.owl#Disallowed""}, ""text"": ""Disallowed normatively_strictly_better Obliged."", ""triple"": [""Disallowed"", ""normatively_strictly_better"", ""Obliged""]}, {""characteristics"": [], ""meta"": {""object_iri"": ""http://www.estrellaproject.org/lkif-core/norm.owl#Normatively_Qualified"", ""predicate_iri"": ""http://www.estrellaproject.org/lkif-core/norm.owl#normatively_comparable"", ""predicate_type"": ""object"", ""subject_iri"": ""http://www.estrellaproject.org/lkif-core/norm.owl#Normatively_Qualified""}, ""text"": ""Normatively_Qualified normatively_comparable Normatively_Qualified."", ""triple"": [""Normatively_Qualified"", ""normatively_comparable"", ""Normatively_Qualified""]}, {""characteristics"": [], ""meta"": {""object_iri"": ""http://www.estrellaproject.org/lkif-core/norm.owl#Disallowed"", ""predicate_iri"": ""http://www.estrellaproject.org/lkif-core/norm.owl#normatively_strictly_worse"", ""predicate_type"": ""object"", ""subject_iri"": ""http://www.estrellaproject.org/lkif-core/norm.owl#Obliged""}, ""text"": ""Obliged normatively_strictly_worse Disallowed."", ""triple"": [""Obliged"", ""normatively_strictly_worse"", ""Disallowed""]}]",{}
L4_Legal_Legal_LKIF_Core_Ontology_property_process_00001,"In the LKIF Core Ontology, given the following set of classes and properties, construct only object- and data-property relationships. Do not output subClassOf triples. Output only triples in the form (subject, predicate, object).

Classes:
- Change
- Continuation
- Initiation
- Mental Entity
- Mental Process
- Physical Entity
- Physical Process
- Process
- Termination
- Thing

Object Properties:
- participant
- participant in

Data Properties:
None",,"(Change, participant, Thing)
(Thing, participant in, Change)",3_4,L4,Property Relation Construction,Learning,Generation,triple_f1,Legal,Legal/LKIF_Core_Ontology,bench_3_4/Legal/LKIF_Core_Ontology/process/property_process.json,0,,,,"(Change, participant, Thing)
(Thing, participant in, Change)","[""Change"", ""Continuation"", ""Initiation"", ""Mental_Entity"", ""Mental_Process"", ""Physical_Entity"", ""Physical_Process"", ""Process"", ""Termination"", ""Thing""]","[""participant"", ""participant_in""]","[{""characteristics"": [], ""meta"": {""object_iri"": ""http://www.w3.org/2002/07/owl#Thing"", ""predicate_iri"": ""http://www.estrellaproject.org/lkif-core/process.owl#participant"", ""predicate_type"": ""object"", ""subject_iri"": ""http://www.estrellaproject.org/lkif-core/process.owl#Change""}, ""text"": ""Change participant Thing."", ""triple"": [""Change"", ""participant"", ""Thing""]}, {""characteristics"": [], ""meta"": {""object_iri"": ""http://www.estrellaproject.org/lkif-core/process.owl#Change"", ""predicate_iri"": ""http://www.estrellaproject.org/lkif-core/process.owl#participant_in"", ""predicate_type"": ""object"", ""subject_iri"": ""http://www.w3.org/2002/07/owl#Thing""}, ""text"": ""Thing participant_in Change."", ""triple"": [""Thing"", ""participant_in"", ""Change""]}]",{}
L4_Legal_Legal_LKIF_Core_Ontology_property_relative_places_00001,"In the LKIF Core Ontology, given the following set of classes and properties, construct only object- and data-property relationships. Do not output subClassOf triples. Output only triples in the form (subject, predicate, object).

Classes:
- Absolute Place
- Comprehensive Place
- Location Complex
- Occurrence
- Place
- Relative Place
- Spatio Temporal Occurrence
- Thing

Object Properties:
- connect
- location complex for
- partially coincide
- spatial relation

Data Properties:
None",,"(Location Complex, location complex for, Place)
(Place, connect, Place)
(Place, partially coincide, Place)
(Place, spatial relation, Place)",3_4,L4,Property Relation Construction,Learning,Generation,triple_f1,Legal,Legal/LKIF_Core_Ontology,bench_3_4/Legal/LKIF_Core_Ontology/relative-places/property_relative-places.json,0,,,,"(Location Complex, location complex for, Place)
(Place, connect, Place)
(Place, partially coincide, Place)
(Place, spatial relation, Place)","[""Absolute_Place"", ""Comprehensive_Place"", ""Location_Complex"", ""Occurrence"", ""Place"", ""Relative_Place"", ""Spatio_Temporal_Occurrence"", ""Thing""]","[""connect"", ""location_complex_for"", ""partially_coincide"", ""spatial_relation""]","[{""characteristics"": [], ""meta"": {""object_iri"": ""http://www.estrellaproject.org/lkif-core/relative-places.owl#Place"", ""predicate_iri"": ""http://www.estrellaproject.org/lkif-core/relative-places.owl#location_complex_for"", ""predicate_type"": ""object"", ""subject_iri"": ""http://www.estrellaproject.org/lkif-core/relative-places.owl#Location_Complex""}, ""text"": ""Location_Complex location_complex_for Place."", ""triple"": [""Location_Complex"", ""location_complex_for"", ""Place""]}, {""characteristics"": [], ""meta"": {""object_iri"": ""http://www.estrellaproject.org/lkif-core/relative-places.owl#Place"", ""predicate_iri"": ""http://www.estrellaproject.org/lkif-core/relative-places.owl#connect"", ""predicate_type"": ""object"", ""subject_iri"": ""http://www.estrellaproject.org/lkif-core/relative-places.owl#Place""}, ""text"": ""Place connect Place."", ""triple"": [""Place"", ""connect"", ""Place""]}, {""characteristics"": [], ""meta"": {""object_iri"": ""http://www.estrellaproject.org/lkif-core/relative-places.owl#Place"", ""predicate_iri"": ""http://www.estrellaproject.org/lkif-core/relative-places.owl#partially_coincide"", ""predicate_type"": ""object"", ""subject_iri"": ""http://www.estrellaproject.org/lkif-core/relative-places.owl#Place""}, ""text"": ""Place partially_coincide Place."", ""triple"": [""Place"", ""partially_coincide"", ""Place""]}, {""characteristics"": [], ""meta"": {""object_iri"": ""http://www.estrellaproject.org/lkif-core/relative-places.owl#Place"", ""predicate_iri"": ""http://www.estrellaproject.org/lkif-core/relative-places.owl#spatial_relation"", ""predicate_type"": ""object"", ""subject_iri"": ""http://www.estrellaproject.org/lkif-core/relative-places.owl#Place""}, ""text"": ""Place spatial_relation Place."", ""triple"": [""Place"", ""spatial_relation"", ""Place""]}]",{}
L4_Legal_Legal_LKIF_Core_Ontology_property_role_00001,"In the LKIF Core Ontology, given the following set of classes and properties, construct only object- and data-property relationships. Do not output subClassOf triples. Output only triples in the form (subject, predicate, object).

Classes:
- Epistemic Role
- Function
- Mental Entity
- Mental Object
- Mental Process
- Process
- Role
- Social Role
- Subjective Entity
- Thing

Object Properties:
- played by
- plays

Data Properties:
None",,"(Role, played by, Thing)
(Thing, plays, Role)",3_4,L4,Property Relation Construction,Learning,Generation,triple_f1,Legal,Legal/LKIF_Core_Ontology,bench_3_4/Legal/LKIF_Core_Ontology/role/property_role.json,0,,,,"(Role, played by, Thing)
(Thing, plays, Role)","[""Epistemic_Role"", ""Function"", ""Mental_Entity"", ""Mental_Object"", ""Mental_Process"", ""Process"", ""Role"", ""Social_Role"", ""Subjective_Entity"", ""Thing""]","[""played_by"", ""plays""]","[{""characteristics"": [], ""meta"": {""object_iri"": ""http://www.w3.org/2002/07/owl#Thing"", ""predicate_iri"": ""http://www.estrellaproject.org/lkif-core/role.owl#played_by"", ""predicate_type"": ""object"", ""subject_iri"": ""http://www.estrellaproject.org/lkif-core/role.owl#Role""}, ""text"": ""Role played_by Thing."", ""triple"": [""Role"", ""played_by"", ""Thing""]}, {""characteristics"": [], ""meta"": {""object_iri"": ""http://www.estrellaproject.org/lkif-core/role.owl#Role"", ""predicate_iri"": ""http://www.estrellaproject.org/lkif-core/role.owl#plays"", ""predicate_type"": ""object"", ""subject_iri"": ""http://www.w3.org/2002/07/owl#Thing""}, ""text"": ""Thing plays Role."", ""triple"": [""Thing"", ""plays"", ""Role""]}]",{}
L4_Legal_Legal_LKIF_Core_Ontology_property_time_00001,"In the LKIF Core Ontology, given the following set of classes and properties, construct only object- and data-property relationships. Do not output subClassOf triples. Output only triples in the form (subject, predicate, object).

Classes:
- Abstract Entity
- Atom
- Composition
- Interval
- Moment
- Occurrence
- Part
- Spatio Temporal Occurrence
- Temporal Occurrence
- Whole

Object Properties:
- before
- immediately before
- temporal relation

Data Properties:
None",,"(Temporal Occurrence, before, Temporal Occurrence)
(Temporal Occurrence, immediately before, Temporal Occurrence)
(Temporal Occurrence, temporal relation, Temporal Occurrence)",3_4,L4,Property Relation Construction,Learning,Generation,triple_f1,Legal,Legal/LKIF_Core_Ontology,bench_3_4/Legal/LKIF_Core_Ontology/time/property_time.json,0,,,,"(Temporal Occurrence, before, Temporal Occurrence)
(Temporal Occurrence, immediately before, Temporal Occurrence)
(Temporal Occurrence, temporal relation, Temporal Occurrence)","[""Abstract_Entity"", ""Atom"", ""Composition"", ""Interval"", ""Moment"", ""Occurrence"", ""Part"", ""Spatio_Temporal_Occurrence"", ""Temporal_Occurrence"", ""Whole""]","[""before"", ""immediately_before"", ""temporal_relation""]","[{""characteristics"": [], ""meta"": {""object_iri"": ""http://www.estrellaproject.org/lkif-core/time.owl#Temporal_Occurrence"", ""predicate_iri"": ""http://www.estrellaproject.org/lkif-core/time.owl#before"", ""predicate_type"": ""object"", ""subject_iri"": ""http://www.estrellaproject.org/lkif-core/time.owl#Temporal_Occurrence""}, ""text"": ""Temporal_Occurrence before Temporal_Occurrence."", ""triple"": [""Temporal_Occurrence"", ""before"", ""Temporal_Occurrence""]}, {""characteristics"": [], ""meta"": {""object_iri"": ""http://www.estrellaproject.org/lkif-core/time.owl#Temporal_Occurrence"", ""predicate_iri"": ""http://www.estrellaproject.org/lkif-core/time.owl#immediately_before"", ""predicate_type"": ""object"", ""subject_iri"": ""http://www.estrellaproject.org/lkif-core/time.owl#Temporal_Occurrence""}, ""text"": ""Temporal_Occurrence immediately_before Temporal_Occurrence."", ""triple"": [""Temporal_Occurrence"", ""immediately_before"", ""Temporal_Occurrence""]}, {""characteristics"": [], ""meta"": {""object_iri"": ""http://www.estrellaproject.org/lkif-core/time.owl#Temporal_Occurrence"", ""predicate_iri"": ""http://www.estrellaproject.org/lkif-core/time.owl#temporal_relation"", ""predicate_type"": ""object"", ""subject_iri"": ""http://www.estrellaproject.org/lkif-core/time.owl#Temporal_Occurrence""}, ""text"": ""Temporal_Occurrence temporal_relation Temporal_Occurrence."", ""triple"": [""Temporal_Occurrence"", ""temporal_relation"", ""Temporal_Occurrence""]}]",{}
L4_Legal_Legal_LKIF_Core_Ontology_property_time_modification_00001,"In the LKIF Core Ontology, given the following set of classes and properties, construct only object- and data-property relationships. Do not output subClassOf triples. Output only triples in the form (subject, predicate, object).

Classes:
- Application Date
- Application Interval
- Composition
- Dynamic Temporal Entity
- Efficacy Interval
- In Force Interval
- Interval
- Moment
- Spatio Temporal Occurrence
- Temporal Occurrence

Object Properties:
- final date
- final date of
- initial date
- initial date of

Data Properties:
- date",,"(Interval, final date, Moment)
(Interval, initial date, Moment)
(Moment, date, <class 'datetime.datetime'>)
(Moment, final date of, Interval)
(Moment, initial date of, Interval)",3_4,L4,Property Relation Construction,Learning,Generation,triple_f1,Legal,Legal/LKIF_Core_Ontology,bench_3_4/Legal/LKIF_Core_Ontology/time-modification/property_time-modification.json,0,,,,"(Interval, final date, Moment)
(Interval, initial date, Moment)
(Moment, date, <class 'datetime.datetime'>)
(Moment, final date of, Interval)
(Moment, initial date of, Interval)","[""Application_Date"", ""Application_Interval"", ""Composition"", ""Dynamic_Temporal_Entity"", ""Efficacy_Interval"", ""In_Force_Interval"", ""Interval"", ""Moment"", ""Spatio_Temporal_Occurrence"", ""Temporal_Occurrence""]","[""final_date"", ""final_date_of"", ""initial_date"", ""initial_date_of""]","[{""characteristics"": [], ""meta"": {""object_iri"": ""http://www.estrellaproject.org/lkif-core/time.owl#Moment"", ""predicate_iri"": ""http://www.estrellaproject.org/lkif-core/time-modification.owl#final_date"", ""predicate_type"": ""object"", ""subject_iri"": ""http://www.estrellaproject.org/lkif-core/time.owl#Interval""}, ""text"": ""Interval final_date Moment."", ""triple"": [""Interval"", ""final_date"", ""Moment""]}, {""characteristics"": [], ""meta"": {""object_iri"": ""http://www.estrellaproject.org/lkif-core/time.owl#Moment"", ""predicate_iri"": ""http://www.estrellaproject.org/lkif-core/time-modification.owl#initial_date"", ""predicate_type"": ""object"", ""subject_iri"": ""http://www.estrellaproject.org/lkif-core/time.owl#Interval""}, ""text"": ""Interval initial_date Moment."", ""triple"": [""Interval"", ""initial_date"", ""Moment""]}, {""characteristics"": [], ""meta"": {""object_iri"": null, ""predicate_iri"": ""http://www.estrellaproject.org/lkif-core/time-modification.owl#date"", ""predicate_type"": ""data"", ""subject_iri"": ""http://www.estrellaproject.org/lkif-core/time.owl#Moment""}, ""text"": ""Moment date <class 'datetime.datetime'>."", ""triple"": [""Moment"", ""date"", ""<class 'datetime.datetime'>""]}, {""characteristics"": [], ""meta"": {""object_iri"": ""http://www.estrellaproject.org/lkif-core/time.owl#Interval"", ""predicate_iri"": ""http://www.estrellaproject.org/lkif-core/time-modification.owl#final_date_of"", ""predicate_type"": ""object"", ""subject_iri"": ""http://www.estrellaproject.org/lkif-core/time.owl#Moment""}, ""text"": ""Moment final_date_of Interval."", ""triple"": [""Moment"", ""final_date_of"", ""Interval""]}, {""characteristics"": [], ""meta"": {""object_iri"": ""http://www.estrellaproject.org/lkif-core/time.owl#Interval"", ""predicate_iri"": ""http://www.estrellaproject.org/lkif-core/time-modification.owl#initial_date_of"", ""predicate_type"": ""object"", ""subject_iri"": ""http://www.estrellaproject.org/lkif-core/time.owl#Moment""}, ""text"": ""Moment initial_date_of Interval."", ""triple"": [""Moment"", ""initial_date_of"", ""Interval""]}]",{}
L4_Legal_Legal_LKIF_Core_Ontology_property_time_modification_00002,"In the LKIF Core Ontology, given the following set of classes and properties, construct only object- and data-property relationships. Do not output subClassOf triples. Output only triples in the form (subject, predicate, object).

Classes:
- Abstract Entity
- Application Date
- Atom
- Delivery Date
- Enter in Force Date
- Moment
- Publication Date
- Spatio Temporal Occurrence
- Static Temporal Entity
- Temporal Occurrence

Object Properties:
None

Data Properties:
- date",,"(Moment, date, <class 'datetime.datetime'>)",3_4,L4,Property Relation Construction,Learning,Generation,triple_f1,Legal,Legal/LKIF_Core_Ontology,bench_3_4/Legal/LKIF_Core_Ontology/time-modification/property_time-modification.json,1,,,,"(Moment, date, <class 'datetime.datetime'>)","[""Abstract_Entity"", ""Application_Date"", ""Atom"", ""Delivery_Date"", ""Enter_in_Force_Date"", ""Moment"", ""Publication_Date"", ""Spatio_Temporal_Occurrence"", ""Static_Temporal_Entity"", ""Temporal_Occurrence""]",[],"[{""characteristics"": [], ""meta"": {""object_iri"": null, ""predicate_iri"": ""http://www.estrellaproject.org/lkif-core/time-modification.owl#date"", ""predicate_type"": ""data"", ""subject_iri"": ""http://www.estrellaproject.org/lkif-core/time.owl#Moment""}, ""text"": ""Moment date <class 'datetime.datetime'>."", ""triple"": [""Moment"", ""date"", ""<class 'datetime.datetime'>""]}]",{}
L4_Legal_Legal_Public_Procurement_Ontology_property_pproc_1_0_0_00001,"In the Public Procurement Ontology, given the following set of classes and properties, construct only object- and data-property relationships. Do not output subClassOf triples. Output only triples in the form (subject, predicate, object).

Classes:
- Conclusion contract
- Contract
- Contract with lots
- Contract without lots
- Derivative contract
- Extendable contract
- Lot
- Public contract
- Public services management contract
- Supplies contract

Object Properties:
- Complementary contract
- Framework agreement derivative contract
- Lote

Data Properties:
- Number of lots",,"(Conclusion contract, Framework agreement derivative contract, Derivative contract)
(Contract with lots, Lote, Lot)
(Public contract, Complementary contract, Public contract)
(Public contract, Number of lots, integer)",3_4,L4,Property Relation Construction,Learning,Generation,triple_f1,Legal,Legal/Public_Procurement_Ontology,bench_3_4/Legal/Public_Procurement_Ontology/pproc_1.0.0/property_pproc_1.0.0.json,0,,,,"(Conclusion contract, Framework agreement derivative contract, Derivative contract)
(Contract with lots, Lote, Lot)
(Public contract, Complementary contract, Public contract)
(Public contract, Number of lots, integer)","[""Conclusion contract"", ""Contract"", ""Contract with lots"", ""Contract without lots"", ""Derivative contract"", ""Extendable contract"", ""Lot"", ""Public contract"", ""Public services management contract"", ""Supplies contract""]","[""Complementary contract"", ""Framework agreement derivative contract"", ""Lote""]","[{""characteristics"": [], ""meta"": {""object_iri"": ""http://contsem.unizar.es/def/sector-publico/pproc#DerivativeContract"", ""predicate_iri"": ""http://contsem.unizar.es/def/sector-publico/pproc#frameworkAgreementDerivativeContract"", ""predicate_type"": ""object"", ""subject_iri"": ""http://contsem.unizar.es/def/sector-publico/pproc#ConclusionContract""}, ""text"": ""Conclusion contract Framework agreement derivative contract Derivative contract."", ""triple"": [""Conclusion contract"", ""Framework agreement derivative contract"", ""Derivative contract""]}, {""characteristics"": [], ""meta"": {""object_iri"": ""http://contsem.unizar.es/def/sector-publico/pproc#Lot"", ""predicate_iri"": ""http://contsem.unizar.es/def/sector-publico/pproc#lot"", ""predicate_type"": ""object"", ""subject_iri"": ""http://contsem.unizar.es/def/sector-publico/pproc#ContractWithLots""}, ""text"": ""Contract with lots Lote Lot."", ""triple"": [""Contract with lots"", ""Lote"", ""Lot""]}, {""characteristics"": [], ""meta"": {""object_iri"": ""http://contsem.unizar.es/def/sector-publico/pproc#Contract"", ""predicate_iri"": ""http://contsem.unizar.es/def/sector-publico/pproc#complementaryContract"", ""predicate_type"": ""object"", ""subject_iri"": ""http://contsem.unizar.es/def/sector-publico/pproc#Contract""}, ""text"": ""Public contract Complementary contract Public contract."", ""triple"": [""Public contract"", ""Complementary contract"", ""Public contract""]}, {""characteristics"": [], ""meta"": {""object_iri"": null, ""predicate_iri"": ""http://contsem.unizar.es/def/sector-publico/pproc#numberOfLots"", ""predicate_type"": ""data"", ""subject_iri"": ""http://contsem.unizar.es/def/sector-publico/pproc#Contract""}, ""text"": ""Public contract Number of lots integer."", ""triple"": [""Public contract"", ""Number of lots"", ""integer""]}]",{}
L4_Legal_Legal_Public_Procurement_Ontology_property_pproc_1_0_0_00002,"In the Public Procurement Ontology, given the following set of classes and properties, construct only object- and data-property relationships. Do not output subClassOf triples. Output only triples in the form (subject, predicate, object).

Classes:
- Committee member
- Conclusion contract
- Contract
- Contract with lots
- Derivative contract
- Dynamic purchasing system conclusion contract
- Framework conclusion contract
- Multiannual contract
- Person
- Public contract

Object Properties:
- Complementary contract
- Framework agreement derivative contract

Data Properties:
- Number of lots
- Tender committee role",,"(Committee member, Tender committee role, string)
(Conclusion contract, Framework agreement derivative contract, Derivative contract)
(Public contract, Complementary contract, Public contract)
(Public contract, Number of lots, integer)",3_4,L4,Property Relation Construction,Learning,Generation,triple_f1,Legal,Legal/Public_Procurement_Ontology,bench_3_4/Legal/Public_Procurement_Ontology/pproc_1.0.0/property_pproc_1.0.0.json,1,,,,"(Committee member, Tender committee role, string)
(Conclusion contract, Framework agreement derivative contract, Derivative contract)
(Public contract, Complementary contract, Public contract)
(Public contract, Number of lots, integer)","[""Committee member"", ""Conclusion contract"", ""Contract"", ""Contract with lots"", ""Derivative contract"", ""Dynamic purchasing system conclusion contract"", ""Framework conclusion contract"", ""Multiannual contract"", ""Person"", ""Public contract""]","[""Complementary contract"", ""Framework agreement derivative contract""]","[{""characteristics"": [], ""meta"": {""object_iri"": null, ""predicate_iri"": ""http://contsem.unizar.es/def/sector-publico/pproc#tenderCommitteeRole"", ""predicate_type"": ""data"", ""subject_iri"": ""http://contsem.unizar.es/def/sector-publico/pproc#CommitteeMember""}, ""text"": ""Committee member Tender committee role string."", ""triple"": [""Committee member"", ""Tender committee role"", ""string""]}, {""characteristics"": [], ""meta"": {""object_iri"": ""http://contsem.unizar.es/def/sector-publico/pproc#DerivativeContract"", ""predicate_iri"": ""http://contsem.unizar.es/def/sector-publico/pproc#frameworkAgreementDerivativeContract"", ""predicate_type"": ""object"", ""subject_iri"": ""http://contsem.unizar.es/def/sector-publico/pproc#ConclusionContract""}, ""text"": ""Conclusion contract Framework agreement derivative contract Derivative contract."", ""triple"": [""Conclusion contract"", ""Framework agreement derivative contract"", ""Derivative contract""]}, {""characteristics"": [], ""meta"": {""object_iri"": ""http://contsem.unizar.es/def/sector-publico/pproc#Contract"", ""predicate_iri"": ""http://contsem.unizar.es/def/sector-publico/pproc#complementaryContract"", ""predicate_type"": ""object"", ""subject_iri"": ""http://contsem.unizar.es/def/sector-publico/pproc#Contract""}, ""text"": ""Public contract Complementary contract Public contract."", ""triple"": [""Public contract"", ""Complementary contract"", ""Public contract""]}, {""characteristics"": [], ""meta"": {""object_iri"": null, ""predicate_iri"": ""http://contsem.unizar.es/def/sector-publico/pproc#numberOfLots"", ""predicate_type"": ""data"", ""subject_iri"": ""http://contsem.unizar.es/def/sector-publico/pproc#Contract""}, ""text"": ""Public contract Number of lots integer."", ""triple"": [""Public contract"", ""Number of lots"", ""integer""]}]",{}
L4_Legal_Legal_Public_Procurement_Ontology_property_pproc_1_0_0_00003,"In the Public Procurement Ontology, given the following set of classes and properties, construct only object- and data-property relationships. Do not output subClassOf triples. Output only triples in the form (subject, predicate, object).

Classes:
- Buy contract
- Conclusion contract
- Contract
- Contract with lots
- Derivative contract
- Dynamic purchasing system derivative contract
- Framework derivative contract
- Public contract
- Public services management contract
- Supplies contract

Object Properties:
- Complementary contract
- Framework agreement derivative contract

Data Properties:
- Number of lots",,"(Conclusion contract, Framework agreement derivative contract, Derivative contract)
(Public contract, Complementary contract, Public contract)
(Public contract, Number of lots, integer)",3_4,L4,Property Relation Construction,Learning,Generation,triple_f1,Legal,Legal/Public_Procurement_Ontology,bench_3_4/Legal/Public_Procurement_Ontology/pproc_1.0.0/property_pproc_1.0.0.json,2,,,,"(Conclusion contract, Framework agreement derivative contract, Derivative contract)
(Public contract, Complementary contract, Public contract)
(Public contract, Number of lots, integer)","[""Buy contract"", ""Conclusion contract"", ""Contract"", ""Contract with lots"", ""Derivative contract"", ""Dynamic purchasing system derivative contract"", ""Framework derivative contract"", ""Public contract"", ""Public services management contract"", ""Supplies contract""]","[""Complementary contract"", ""Framework agreement derivative contract""]","[{""characteristics"": [], ""meta"": {""object_iri"": ""http://contsem.unizar.es/def/sector-publico/pproc#DerivativeContract"", ""predicate_iri"": ""http://contsem.unizar.es/def/sector-publico/pproc#frameworkAgreementDerivativeContract"", ""predicate_type"": ""object"", ""subject_iri"": ""http://contsem.unizar.es/def/sector-publico/pproc#ConclusionContract""}, ""text"": ""Conclusion contract Framework agreement derivative contract Derivative contract."", ""triple"": [""Conclusion contract"", ""Framework agreement derivative contract"", ""Derivative contract""]}, {""characteristics"": [], ""meta"": {""object_iri"": ""http://contsem.unizar.es/def/sector-publico/pproc#Contract"", ""predicate_iri"": ""http://contsem.unizar.es/def/sector-publico/pproc#complementaryContract"", ""predicate_type"": ""object"", ""subject_iri"": ""http://contsem.unizar.es/def/sector-publico/pproc#Contract""}, ""text"": ""Public contract Complementary contract Public contract."", ""triple"": [""Public contract"", ""Complementary contract"", ""Public contract""]}, {""characteristics"": [], ""meta"": {""object_iri"": null, ""predicate_iri"": ""http://contsem.unizar.es/def/sector-publico/pproc#numberOfLots"", ""predicate_type"": ""data"", ""subject_iri"": ""http://contsem.unizar.es/def/sector-publico/pproc#Contract""}, ""text"": ""Public contract Number of lots integer."", ""triple"": [""Public contract"", ""Number of lots"", ""integer""]}]",{}
L4_Legal_Legal_Public_Procurement_Ontology_property_pproc_1_0_0_00004,"In the Public Procurement Ontology, given the following set of classes and properties, construct only object- and data-property relationships. Do not output subClassOf triples. Output only triples in the form (subject, predicate, object).

Classes:
- Contract or procedure extinction
- Contract resolution
- Procedure resignation
- Procedure void
- Procedure waive

Object Properties:
None

Data Properties:
- Extinction cause",,"(Contract or procedure extinction, Extinction cause, string)",3_4,L4,Property Relation Construction,Learning,Generation,triple_f1,Legal,Legal/Public_Procurement_Ontology,bench_3_4/Legal/Public_Procurement_Ontology/pproc_1.0.0/property_pproc_1.0.0.json,3,,,,"(Contract or procedure extinction, Extinction cause, string)","[""Contract or procedure extinction"", ""Contract resolution"", ""Procedure resignation"", ""Procedure void"", ""Procedure waive""]",[],"[{""characteristics"": [], ""meta"": {""object_iri"": null, ""predicate_iri"": ""http://contsem.unizar.es/def/sector-publico/pproc#extinctionCause"", ""predicate_type"": ""data"", ""subject_iri"": ""http://contsem.unizar.es/def/sector-publico/pproc#ContractOrProcedureExtinction""}, ""text"": ""Contract or procedure extinction Extinction cause string."", ""triple"": [""Contract or procedure extinction"", ""Extinction cause"", ""string""]}]",{}
L4_Legal_Legal_Public_Procurement_Ontology_property_pproc_1_0_0_00005,"In the Public Procurement Ontology, given the following set of classes and properties, construct only object- and data-property relationships. Do not output subClassOf triples. Output only triples in the form (subject, predicate, object).

Classes:
- Additional information notice
- Contract award notice
- Contract notice
- Correction notice
- Document
- Formalization notice
- Notice
- Prior information notice

Object Properties:
- Notice web

Data Properties:
- Date of notice publication
- Notice site",,"(Notice, Date of notice publication, <class 'datetime.date'>)
(Notice, Notice site, string)
(Notice, Notice web, Document)",3_4,L4,Property Relation Construction,Learning,Generation,triple_f1,Legal,Legal/Public_Procurement_Ontology,bench_3_4/Legal/Public_Procurement_Ontology/pproc_1.0.0/property_pproc_1.0.0.json,4,,,,"(Notice, Date of notice publication, <class 'datetime.date'>)
(Notice, Notice site, string)
(Notice, Notice web, Document)","[""Additional information notice"", ""Contract award notice"", ""Contract notice"", ""Correction notice"", ""Document"", ""Formalization notice"", ""Notice"", ""Prior information notice""]","[""Notice web""]","[{""characteristics"": [], ""meta"": {""object_iri"": null, ""predicate_iri"": ""http://contsem.unizar.es/def/sector-publico/pproc#noticeDate"", ""predicate_type"": ""data"", ""subject_iri"": ""http://contsem.unizar.es/def/sector-publico/pproc#Notice""}, ""text"": ""Notice Date of notice publication <class 'datetime.date'>."", ""triple"": [""Notice"", ""Date of notice publication"", ""<class 'datetime.date'>""]}, {""characteristics"": [], ""meta"": {""object_iri"": null, ""predicate_iri"": ""http://contsem.unizar.es/def/sector-publico/pproc#noticeSite"", ""predicate_type"": ""data"", ""subject_iri"": ""http://contsem.unizar.es/def/sector-publico/pproc#Notice""}, ""text"": ""Notice Notice site string."", ""triple"": [""Notice"", ""Notice site"", ""string""]}, {""characteristics"": [], ""meta"": {""object_iri"": ""http://xmlns.com/foaf/0.1/Document"", ""predicate_iri"": ""http://contsem.unizar.es/def/sector-publico/pproc#noticeWeb"", ""predicate_type"": ""object"", ""subject_iri"": ""http://contsem.unizar.es/def/sector-publico/pproc#Notice""}, ""text"": ""Notice Notice web Document."", ""triple"": [""Notice"", ""Notice web"", ""Document""]}]",{}
L4_Legal_Legal_Public_Procurement_Ontology_property_pproc_1_0_0_00006,"In the Public Procurement Ontology, given the following set of classes and properties, construct only object- and data-property relationships. Do not output subClassOf triples. Output only triples in the form (subject, predicate, object).

Classes:
- Accepted tender
- Awarded tender
- Committee member
- Contract execution conditions
- Contracting body agreement
- Criterion score
- Excluded tender
- Formalized tender
- Person
- Tender

Object Properties:
- Award agreement
- Criterion score

Data Properties:
- Formalized date
- Maximum subcontracting
- Minimum subcontracting
- Offered end date
- Score
- Tender committee role",,"(Committee member, Tender committee role, string)
(Contract execution conditions, Maximum subcontracting, float)
(Contract execution conditions, Minimum subcontracting, float)
(Criterion score, Score, float)
(Tender, Award agreement, Contracting body agreement)
(Tender, Criterion score, Criterion score)
(Tender, Formalized date, <class 'datetime.date'>)
(Tender, Offered end date, <class 'datetime.date'>)",3_4,L4,Property Relation Construction,Learning,Generation,triple_f1,Legal,Legal/Public_Procurement_Ontology,bench_3_4/Legal/Public_Procurement_Ontology/pproc_1.0.0/property_pproc_1.0.0.json,5,,,,"(Committee member, Tender committee role, string)
(Contract execution conditions, Maximum subcontracting, float)
(Contract execution conditions, Minimum subcontracting, float)
(Criterion score, Score, float)
(Tender, Award agreement, Contracting body agreement)
(Tender, Criterion score, Criterion score)
(Tender, Formalized date, <class 'datetime.date'>)
(Tender, Offered end date, <class 'datetime.date'>)","[""Accepted tender"", ""Awarded tender"", ""Committee member"", ""Contract execution conditions"", ""Contracting body agreement"", ""Criterion score"", ""Excluded tender"", ""Formalized tender"", ""Person"", ""Tender""]","[""Award agreement"", ""Criterion score""]","[{""characteristics"": [], ""meta"": {""object_iri"": null, ""predicate_iri"": ""http://contsem.unizar.es/def/sector-publico/pproc#tenderCommitteeRole"", ""predicate_type"": ""data"", ""subject_iri"": ""http://contsem.unizar.es/def/sector-publico/pproc#CommitteeMember""}, ""text"": ""Committee member Tender committee role string."", ""triple"": [""Committee member"", ""Tender committee role"", ""string""]}, {""characteristics"": [], ""meta"": {""object_iri"": null, ""predicate_iri"": ""http://contsem.unizar.es/def/sector-publico/pproc#maxSubcontracting"", ""predicate_type"": ""data"", ""subject_iri"": ""http://contsem.unizar.es/def/sector-publico/pproc#ContractExecutionConditions""}, ""text"": ""Contract execution conditions Maximum subcontracting float."", ""triple"": [""Contract execution conditions"", ""Maximum subcontracting"", ""float""]}, {""characteristics"": [], ""meta"": {""object_iri"": null, ""predicate_iri"": ""http://contsem.unizar.es/def/sector-publico/pproc#minSubcontracting"", ""predicate_type"": ""data"", ""subject_iri"": ""http://contsem.unizar.es/def/sector-publico/pproc#ContractExecutionConditions""}, ""text"": ""Contract execution conditions Minimum subcontracting float."", ""triple"": [""Contract execution conditions"", ""Minimum subcontracting"", ""float""]}, {""characteristics"": [], ""meta"": {""object_iri"": null, ""predicate_iri"": ""http://contsem.unizar.es/def/sector-publico/pproc#score"", ""predicate_type"": ""data"", ""subject_iri"": ""http://contsem.unizar.es/def/sector-publico/pproc#CriterionScore""}, ""text"": ""Criterion score Score float."", ""triple"": [""Criterion score"", ""Score"", ""float""]}, {""characteristics"": [], ""meta"": {""object_iri"": ""http://contsem.unizar.es/def/sector-publico/pproc#ContractingBodyAgreement"", ""predicate_iri"": ""http://contsem.unizar.es/def/sector-publico/pproc#awardAgreement"", ""predicate_type"": ""object"", ""subject_iri"": ""http://purl.org/procurement/public-contracts#Tender""}, ""text"": ""Tender Award agreement Contracting body agreement."", ""triple"": [""Tender"", ""Award agreement"", ""Contracting body agreement""]}, {""characteristics"": [], ""meta"": {""object_iri"": ""http://contsem.unizar.es/def/sector-publico/pproc#CriterionScore"", ""predicate_iri"": ""http://contsem.unizar.es/def/sector-publico/pproc#criterionScore"", ""predicate_type"": ""object"", ""subject_iri"": ""http://purl.org/procurement/public-contracts#Tender""}, ""text"": ""Tender Criterion score Criterion score."", ""triple"": [""Tender"", ""Criterion score"", ""Criterion score""]}, {""characteristics"": [], ""meta"": {""object_iri"": null, ""predicate_iri"": ""http://contsem.unizar.es/def/sector-publico/pproc#formalizedDate"", ""predicate_type"": ""data"", ""subject_iri"": ""http://purl.org/procurement/public-contracts#Tender""}, ""text"": ""Tender Formalized date <class 'datetime.date'>."", ""triple"": [""Tender"", ""Formalized date"", ""<class 'datetime.date'>""]}, {""characteristics"": [], ""meta"": {""object_iri"": null, ""predicate_iri"": ""http://contsem.unizar.es/def/sector-publico/pproc#offeredEndDate"", ""predicate_type"": ""data"", ""subject_iri"": ""http://purl.org/procurement/public-contracts#Tender""}, ""text"": ""Tender Offered end date <class 'datetime.date'>."", ""triple"": [""Tender"", ""Offered end date"", ""<class 'datetime.date'>""]}]",{}
L4_Sciences_Sciences_Biology_property_cl_00001,"In the Biology ontology, given the following set of classes and properties, construct only object- and data-property relationships. Do not output subClassOf triples. Output only triples in the form (subject, predicate, object).

Classes:
- anatomical structure
- duct
- duct of male reproductive system
- multicellular anatomical structure
- oviduct epithelium
- reproductive gland
- reproductive organ
- reproductive structure
- reproductive system mucosa
- subdivision of oviduct

Object Properties:
- attached to part of
- biomechanically related to
- skeleton of

Data Properties:
None",,"(anatomical structure, attached to part of, anatomical structure)
(anatomical structure, biomechanically related to, anatomical structure)
(anatomical structure, skeleton of, anatomical structure)",3_4,L4,Property Relation Construction,Learning,Generation,triple_f1,Sciences,Sciences/Biology,bench_3_4/Sciences/Biology/CellOntology/cl/property_cl.json,0,,,,"(anatomical structure, attached to part of, anatomical structure)
(anatomical structure, biomechanically related to, anatomical structure)
(anatomical structure, skeleton of, anatomical structure)","[""anatomical structure"", ""duct"", ""duct of male reproductive system"", ""multicellular anatomical structure"", ""oviduct epithelium"", ""reproductive gland"", ""reproductive organ"", ""reproductive structure"", ""reproductive system mucosa"", ""subdivision of oviduct""]","[""attached to part of"", ""biomechanically related to"", ""skeleton of""]","[{""characteristics"": [], ""meta"": {""object_iri"": ""http://purl.obolibrary.org/obo/UBERON_0000061"", ""predicate_iri"": ""http://purl.obolibrary.org/obo/RO_0002177"", ""predicate_type"": ""object"", ""subject_iri"": ""http://purl.obolibrary.org/obo/UBERON_0000061""}, ""text"": ""anatomical structure attached to part of anatomical structure."", ""triple"": [""anatomical structure"", ""attached to part of"", ""anatomical structure""]}, {""characteristics"": [], ""meta"": {""object_iri"": ""http://purl.obolibrary.org/obo/UBERON_0000061"", ""predicate_iri"": ""http://purl.obolibrary.org/obo/RO_0002567"", ""predicate_type"": ""object"", ""subject_iri"": ""http://purl.obolibrary.org/obo/UBERON_0000061""}, ""text"": ""anatomical structure biomechanically related to anatomical structure."", ""triple"": [""anatomical structure"", ""biomechanically related to"", ""anatomical structure""]}, {""characteristics"": [], ""meta"": {""object_iri"": ""http://purl.obolibrary.org/obo/UBERON_0000061"", ""predicate_iri"": ""http://purl.obolibrary.org/obo/RO_0002576"", ""predicate_type"": ""object"", ""subject_iri"": ""http://purl.obolibrary.org/obo/UBERON_0000061""}, ""text"": ""anatomical structure skeleton of anatomical structure."", ""triple"": [""anatomical structure"", ""skeleton of"", ""anatomical structure""]}]",{}
L4_Sciences_Sciences_Biology_property_cl_00002,"In the Biology ontology, given the following set of classes and properties, construct only object- and data-property relationships. Do not output subClassOf triples. Output only triples in the form (subject, predicate, object).

Classes:
- adrenal gland
- anatomical structure
- cranial neuron projection bundle
- fallopian tube
- kidney
- lateral structure
- lung
- mesoderm-derived structure
- neuron projection bundle
- ureter

Object Properties:
- biomechanically related to
- innervated by
- skeleton of

Data Properties:
None",,"(anatomical structure, biomechanically related to, anatomical structure)
(anatomical structure, innervated by, neuron projection bundle)
(anatomical structure, skeleton of, anatomical structure)",3_4,L4,Property Relation Construction,Learning,Generation,triple_f1,Sciences,Sciences/Biology,bench_3_4/Sciences/Biology/CellOntology/cl/property_cl.json,1,,,,"(anatomical structure, biomechanically related to, anatomical structure)
(anatomical structure, innervated by, neuron projection bundle)
(anatomical structure, skeleton of, anatomical structure)","[""adrenal gland"", ""anatomical structure"", ""cranial neuron projection bundle"", ""fallopian tube"", ""kidney"", ""lateral structure"", ""lung"", ""mesoderm-derived structure"", ""neuron projection bundle"", ""ureter""]","[""biomechanically related to"", ""innervated_by"", ""skeleton of""]","[{""characteristics"": [], ""meta"": {""object_iri"": ""http://purl.obolibrary.org/obo/UBERON_0000061"", ""predicate_iri"": ""http://purl.obolibrary.org/obo/RO_0002567"", ""predicate_type"": ""object"", ""subject_iri"": ""http://purl.obolibrary.org/obo/UBERON_0000061""}, ""text"": ""anatomical structure biomechanically related to anatomical structure."", ""triple"": [""anatomical structure"", ""biomechanically related to"", ""anatomical structure""]}, {""characteristics"": [], ""meta"": {""object_iri"": ""http://purl.obolibrary.org/obo/UBERON_0000122"", ""predicate_iri"": ""http://purl.obolibrary.org/obo/RO_0002005"", ""predicate_type"": ""object"", ""subject_iri"": ""http://purl.obolibrary.org/obo/UBERON_0000061""}, ""text"": ""anatomical structure innervated_by neuron projection bundle."", ""triple"": [""anatomical structure"", ""innervated_by"", ""neuron projection bundle""]}, {""characteristics"": [], ""meta"": {""object_iri"": ""http://purl.obolibrary.org/obo/UBERON_0000061"", ""predicate_iri"": ""http://purl.obolibrary.org/obo/RO_0002576"", ""predicate_type"": ""object"", ""subject_iri"": ""http://purl.obolibrary.org/obo/UBERON_0000061""}, ""text"": ""anatomical structure skeleton of anatomical structure."", ""triple"": [""anatomical structure"", ""skeleton of"", ""anatomical structure""]}]",{}
L4_Sciences_Sciences_Biology_property_uberon_00001,"In the Biology ontology, given the following set of classes and properties, construct only object- and data-property relationships. Do not output subClassOf triples. Output only triples in the form (subject, predicate, object).

Classes:
- anatomical structure
- blood vessel
- endothelial cell
- epithelium
- hyoid muscle
- material anatomical entity
- meso-epithelium
- mesoderm-derived structure
- mixed endoderm/mesoderm-derived structure
- serous membrane

Object Properties:
- attached to part of
- developmentally induced by
- has plasma membrane part
- has skeleton
- skeleton of
- vessel drains blood from
- vessel supplies blood to

Data Properties:
None",,"(anatomical structure, attached to part of, anatomical structure)
(anatomical structure, has skeleton, material anatomical entity)
(anatomical structure, skeleton of, anatomical structure)
(blood vessel, vessel drains blood from, anatomical structure)
(blood vessel, vessel supplies blood to, anatomical structure)
(material anatomical entity, developmentally induced by, material anatomical entity)
(material anatomical entity, has plasma membrane part, material anatomical entity)",3_4,L4,Property Relation Construction,Learning,Generation,triple_f1,Sciences,Sciences/Biology,bench_3_4/Sciences/Biology/Uberon/uberon/property_uberon.json,0,,,,"(anatomical structure, attached to part of, anatomical structure)
(anatomical structure, has skeleton, material anatomical entity)
(anatomical structure, skeleton of, anatomical structure)
(blood vessel, vessel drains blood from, anatomical structure)
(blood vessel, vessel supplies blood to, anatomical structure)
(material anatomical entity, developmentally induced by, material anatomical entity)
(material anatomical entity, has plasma membrane part, material anatomical entity)","[""anatomical structure"", ""blood vessel"", ""endothelial cell"", ""epithelium"", ""hyoid muscle"", ""material anatomical entity"", ""meso-epithelium"", ""mesoderm-derived structure"", ""mixed endoderm/mesoderm-derived structure"", ""serous membrane""]","[""attached to part of"", ""developmentally induced by"", ""has plasma membrane part"", ""has skeleton"", ""skeleton of"", ""vessel drains blood from"", ""vessel supplies blood to""]","[{""characteristics"": [], ""meta"": {""object_iri"": ""http://purl.obolibrary.org/obo/UBERON_0000061"", ""predicate_iri"": ""http://purl.obolibrary.org/obo/RO_0002177"", ""predicate_type"": ""object"", ""subject_iri"": ""http://purl.obolibrary.org/obo/UBERON_0000061""}, ""text"": ""anatomical structure attached to part of anatomical structure."", ""triple"": [""anatomical structure"", ""attached to part of"", ""anatomical structure""]}, {""characteristics"": [], ""meta"": {""object_iri"": ""http://purl.obolibrary.org/obo/UBERON_0000465"", ""predicate_iri"": ""http://purl.obolibrary.org/obo/RO_0002551"", ""predicate_type"": ""object"", ""subject_iri"": ""http://purl.obolibrary.org/obo/UBERON_0000061""}, ""text"": ""anatomical structure has skeleton material anatomical entity."", ""triple"": [""anatomical structure"", ""has skeleton"", ""material anatomical entity""]}, {""characteristics"": [], ""meta"": {""object_iri"": ""http://purl.obolibrary.org/obo/UBERON_0000061"", ""predicate_iri"": ""http://purl.obolibrary.org/obo/RO_0002576"", ""predicate_type"": ""object"", ""subject_iri"": ""http://purl.obolibrary.org/obo/UBERON_0000061""}, ""text"": ""anatomical structure skeleton of anatomical structure."", ""triple"": [""anatomical structure"", ""skeleton of"", ""anatomical structure""]}, {""characteristics"": [], ""meta"": {""object_iri"": ""http://purl.obolibrary.org/obo/UBERON_0000061"", ""predicate_iri"": ""http://purl.obolibrary.org/obo/RO_0020102"", ""predicate_type"": ""object"", ""subject_iri"": ""http://purl.obolibrary.org/obo/UBERON_0001981""}, ""text"": ""blood vessel vessel drains blood from anatomical structure."", ""triple"": [""blood vessel"", ""vessel drains blood from"", ""anatomical structure""]}, {""characteristics"": [], ""meta"": {""object_iri"": ""http://purl.obolibrary.org/obo/UBERON_0000061"", ""predicate_iri"": ""http://purl.obolibrary.org/obo/RO_0020101"", ""predicate_type"": ""object"", ""subject_iri"": ""http://purl.obolibrary.org/obo/UBERON_0001981""}, ""text"": ""blood vessel vessel supplies blood to anatomical structure."", ""triple"": [""blood vessel"", ""vessel supplies blood to"", ""anatomical structure""]}, {""characteristics"": [], ""meta"": {""object_iri"": ""http://purl.obolibrary.org/obo/UBERON_0000465"", ""predicate_iri"": ""http://purl.obolibrary.org/obo/RO_0002256"", ""predicate_type"": ""object"", ""subject_iri"": ""http://purl.obolibrary.org/obo/UBERON_0000465""}, ""text"": ""material anatomical entity developmentally induced by material anatomical entity."", ""triple"": [""material anatomical entity"", ""developmentally induced by"", ""material anatomical entity""]}, {""characteristics"": [], ""meta"": {""object_iri"": ""http://purl.obolibrary.org/obo/UBERON_0000465"", ""predicate_iri"": ""http://purl.obolibrary.org/obo/RO_0002104"", ""predicate_type"": ""object"", ""subject_iri"": ""http://purl.obolibrary.org/obo/UBERON_0000465""}, ""text"": ""material anatomical entity has plasma membrane part material anatomical entity."", ""triple"": [""material anatomical entity"", ""has plasma membrane part"", ""material anatomical entity""]}]",{}
L4_Sciences_Sciences_Biology_property_uberon_00002,"In the Biology ontology, given the following set of classes and properties, construct only object- and data-property relationships. Do not output subClassOf triples. Output only triples in the form (subject, predicate, object).

Classes:
- anatomical structure
- blood vessel
- endothelial cell
- hyoid muscle
- meso-epithelium
- mesoderm-derived structure
- mixed endoderm/mesoderm-derived structure
- multi-tissue structure
- serous membrane
- vessel

Object Properties:
- attached to part of
- biomechanically related to
- skeleton of
- vessel drains blood from
- vessel supplies blood to

Data Properties:
None",,"(anatomical structure, attached to part of, anatomical structure)
(anatomical structure, biomechanically related to, anatomical structure)
(anatomical structure, skeleton of, anatomical structure)
(blood vessel, vessel drains blood from, anatomical structure)
(blood vessel, vessel supplies blood to, anatomical structure)",3_4,L4,Property Relation Construction,Learning,Generation,triple_f1,Sciences,Sciences/Biology,bench_3_4/Sciences/Biology/Uberon/uberon/property_uberon.json,1,,,,"(anatomical structure, attached to part of, anatomical structure)
(anatomical structure, biomechanically related to, anatomical structure)
(anatomical structure, skeleton of, anatomical structure)
(blood vessel, vessel drains blood from, anatomical structure)
(blood vessel, vessel supplies blood to, anatomical structure)","[""anatomical structure"", ""blood vessel"", ""endothelial cell"", ""hyoid muscle"", ""meso-epithelium"", ""mesoderm-derived structure"", ""mixed endoderm/mesoderm-derived structure"", ""multi-tissue structure"", ""serous membrane"", ""vessel""]","[""attached to part of"", ""biomechanically related to"", ""skeleton of"", ""vessel drains blood from"", ""vessel supplies blood to""]","[{""characteristics"": [], ""meta"": {""object_iri"": ""http://purl.obolibrary.org/obo/UBERON_0000061"", ""predicate_iri"": ""http://purl.obolibrary.org/obo/RO_0002177"", ""predicate_type"": ""object"", ""subject_iri"": ""http://purl.obolibrary.org/obo/UBERON_0000061""}, ""text"": ""anatomical structure attached to part of anatomical structure."", ""triple"": [""anatomical structure"", ""attached to part of"", ""anatomical structure""]}, {""characteristics"": [], ""meta"": {""object_iri"": ""http://purl.obolibrary.org/obo/UBERON_0000061"", ""predicate_iri"": ""http://purl.obolibrary.org/obo/RO_0002567"", ""predicate_type"": ""object"", ""subject_iri"": ""http://purl.obolibrary.org/obo/UBERON_0000061""}, ""text"": ""anatomical structure biomechanically related to anatomical structure."", ""triple"": [""anatomical structure"", ""biomechanically related to"", ""anatomical structure""]}, {""characteristics"": [], ""meta"": {""object_iri"": ""http://purl.obolibrary.org/obo/UBERON_0000061"", ""predicate_iri"": ""http://purl.obolibrary.org/obo/RO_0002576"", ""predicate_type"": ""object"", ""subject_iri"": ""http://purl.obolibrary.org/obo/UBERON_0000061""}, ""text"": ""anatomical structure skeleton of anatomical structure."", ""triple"": [""anatomical structure"", ""skeleton of"", ""anatomical structure""]}, {""characteristics"": [], ""meta"": {""object_iri"": ""http://purl.obolibrary.org/obo/UBERON_0000061"", ""predicate_iri"": ""http://purl.obolibrary.org/obo/RO_0020102"", ""predicate_type"": ""object"", ""subject_iri"": ""http://purl.obolibrary.org/obo/UBERON_0001981""}, ""text"": ""blood vessel vessel drains blood from anatomical structure."", ""triple"": [""blood vessel"", ""vessel drains blood from"", ""anatomical structure""]}, {""characteristics"": [], ""meta"": {""object_iri"": ""http://purl.obolibrary.org/obo/UBERON_0000061"", ""predicate_iri"": ""http://purl.obolibrary.org/obo/RO_0020101"", ""predicate_type"": ""object"", ""subject_iri"": ""http://purl.obolibrary.org/obo/UBERON_0001981""}, ""text"": ""blood vessel vessel supplies blood to anatomical structure."", ""triple"": [""blood vessel"", ""vessel supplies blood to"", ""anatomical structure""]}]",{}
L4_Sciences_Sciences_Biology_property_uberon_00003,"In the Biology ontology, given the following set of classes and properties, construct only object- and data-property relationships. Do not output subClassOf triples. Output only triples in the form (subject, predicate, object).

Classes:
- apical ectodermal ridge
- chorionic villus
- developing anatomical structure
- embryonic structure
- endocardial cushion
- extraembryonic structure
- material anatomical entity
- paired limb/fin field
- pharyngeal pouch
- presumptive structure

Object Properties:
- developmentally induced by
- has plasma membrane part

Data Properties:
None",,"(material anatomical entity, developmentally induced by, material anatomical entity)
(material anatomical entity, has plasma membrane part, material anatomical entity)",3_4,L4,Property Relation Construction,Learning,Generation,triple_f1,Sciences,Sciences/Biology,bench_3_4/Sciences/Biology/Uberon/uberon/property_uberon.json,2,,,,"(material anatomical entity, developmentally induced by, material anatomical entity)
(material anatomical entity, has plasma membrane part, material anatomical entity)","[""apical ectodermal ridge"", ""chorionic villus"", ""developing anatomical structure"", ""embryonic structure"", ""endocardial cushion"", ""extraembryonic structure"", ""material anatomical entity"", ""paired limb/fin field"", ""pharyngeal pouch"", ""presumptive structure""]","[""developmentally induced by"", ""has plasma membrane part""]","[{""characteristics"": [], ""meta"": {""object_iri"": ""http://purl.obolibrary.org/obo/UBERON_0000465"", ""predicate_iri"": ""http://purl.obolibrary.org/obo/RO_0002256"", ""predicate_type"": ""object"", ""subject_iri"": ""http://purl.obolibrary.org/obo/UBERON_0000465""}, ""text"": ""material anatomical entity developmentally induced by material anatomical entity."", ""triple"": [""material anatomical entity"", ""developmentally induced by"", ""material anatomical entity""]}, {""characteristics"": [], ""meta"": {""object_iri"": ""http://purl.obolibrary.org/obo/UBERON_0000465"", ""predicate_iri"": ""http://purl.obolibrary.org/obo/RO_0002104"", ""predicate_type"": ""object"", ""subject_iri"": ""http://purl.obolibrary.org/obo/UBERON_0000465""}, ""text"": ""material anatomical entity has plasma membrane part material anatomical entity."", ""triple"": [""material anatomical entity"", ""has plasma membrane part"", ""material anatomical entity""]}]",{}
L4_Sciences_Sciences_Biology_property_uberon_00004,"In the Biology ontology, given the following set of classes and properties, construct only object- and data-property relationships. Do not output subClassOf triples. Output only triples in the form (subject, predicate, object).

Classes:
- anatomical structure
- cranial neuron projection bundle
- dorsal horn of spinal cord
- kidney
- lateral structure
- lung
- material anatomical entity
- nasal bone
- neuron projection bundle
- paired venous dural sinus

Object Properties:
- developmentally induced by
- has plasma membrane part
- has skeleton
- innervated by
- skeleton of

Data Properties:
None",,"(anatomical structure, has skeleton, material anatomical entity)
(anatomical structure, innervated by, neuron projection bundle)
(anatomical structure, skeleton of, anatomical structure)
(material anatomical entity, developmentally induced by, material anatomical entity)
(material anatomical entity, has plasma membrane part, material anatomical entity)",3_4,L4,Property Relation Construction,Learning,Generation,triple_f1,Sciences,Sciences/Biology,bench_3_4/Sciences/Biology/Uberon/uberon/property_uberon.json,3,,,,"(anatomical structure, has skeleton, material anatomical entity)
(anatomical structure, innervated by, neuron projection bundle)
(anatomical structure, skeleton of, anatomical structure)
(material anatomical entity, developmentally induced by, material anatomical entity)
(material anatomical entity, has plasma membrane part, material anatomical entity)","[""anatomical structure"", ""cranial neuron projection bundle"", ""dorsal horn of spinal cord"", ""kidney"", ""lateral structure"", ""lung"", ""material anatomical entity"", ""nasal bone"", ""neuron projection bundle"", ""paired venous dural sinus""]","[""developmentally induced by"", ""has plasma membrane part"", ""has skeleton"", ""innervated_by"", ""skeleton of""]","[{""characteristics"": [], ""meta"": {""object_iri"": ""http://purl.obolibrary.org/obo/UBERON_0000465"", ""predicate_iri"": ""http://purl.obolibrary.org/obo/RO_0002551"", ""predicate_type"": ""object"", ""subject_iri"": ""http://purl.obolibrary.org/obo/UBERON_0000061""}, ""text"": ""anatomical structure has skeleton material anatomical entity."", ""triple"": [""anatomical structure"", ""has skeleton"", ""material anatomical entity""]}, {""characteristics"": [], ""meta"": {""object_iri"": ""http://purl.obolibrary.org/obo/UBERON_0000122"", ""predicate_iri"": ""http://purl.obolibrary.org/obo/RO_0002005"", ""predicate_type"": ""object"", ""subject_iri"": ""http://purl.obolibrary.org/obo/UBERON_0000061""}, ""text"": ""anatomical structure innervated_by neuron projection bundle."", ""triple"": [""anatomical structure"", ""innervated_by"", ""neuron projection bundle""]}, {""characteristics"": [], ""meta"": {""object_iri"": ""http://purl.obolibrary.org/obo/UBERON_0000061"", ""predicate_iri"": ""http://purl.obolibrary.org/obo/RO_0002576"", ""predicate_type"": ""object"", ""subject_iri"": ""http://purl.obolibrary.org/obo/UBERON_0000061""}, ""text"": ""anatomical structure skeleton of anatomical structure."", ""triple"": [""anatomical structure"", ""skeleton of"", ""anatomical structure""]}, {""characteristics"": [], ""meta"": {""object_iri"": ""http://purl.obolibrary.org/obo/UBERON_0000465"", ""predicate_iri"": ""http://purl.obolibrary.org/obo/RO_0002256"", ""predicate_type"": ""object"", ""subject_iri"": ""http://purl.obolibrary.org/obo/UBERON_0000465""}, ""text"": ""material anatomical entity developmentally induced by material anatomical entity."", ""triple"": [""material anatomical entity"", ""developmentally induced by"", ""material anatomical entity""]}, {""characteristics"": [], ""meta"": {""object_iri"": ""http://purl.obolibrary.org/obo/UBERON_0000465"", ""predicate_iri"": ""http://purl.obolibrary.org/obo/RO_0002104"", ""predicate_type"": ""object"", ""subject_iri"": ""http://purl.obolibrary.org/obo/UBERON_0000465""}, ""text"": ""material anatomical entity has plasma membrane part material anatomical entity."", ""triple"": [""material anatomical entity"", ""has plasma membrane part"", ""material anatomical entity""]}]",{}
L4_Sciences_Sciences_Biology_property_uberon_00005,"In the Biology ontology, given the following set of classes and properties, construct only object- and data-property relationships. Do not output subClassOf triples. Output only triples in the form (subject, predicate, object).

Classes:
- anatomical structure
- central nervous system cell part cluster
- ecto-epithelium
- ectoderm-derived structure
- gyrus
- layer of hippocampal field
- material anatomical entity
- neural crest-derived structure
- regional part of brain
- regional part of nervous system

Object Properties:
- attached to part of
- developmentally induced by
- has plasma membrane part
- has skeleton
- skeleton of

Data Properties:
None",,"(anatomical structure, attached to part of, anatomical structure)
(anatomical structure, has skeleton, material anatomical entity)
(anatomical structure, skeleton of, anatomical structure)
(material anatomical entity, developmentally induced by, material anatomical entity)
(material anatomical entity, has plasma membrane part, material anatomical entity)",3_4,L4,Property Relation Construction,Learning,Generation,triple_f1,Sciences,Sciences/Biology,bench_3_4/Sciences/Biology/Uberon/uberon/property_uberon.json,4,,,,"(anatomical structure, attached to part of, anatomical structure)
(anatomical structure, has skeleton, material anatomical entity)
(anatomical structure, skeleton of, anatomical structure)
(material anatomical entity, developmentally induced by, material anatomical entity)
(material anatomical entity, has plasma membrane part, material anatomical entity)","[""anatomical structure"", ""central nervous system cell part cluster"", ""ecto-epithelium"", ""ectoderm-derived structure"", ""gyrus"", ""layer of hippocampal field"", ""material anatomical entity"", ""neural crest-derived structure"", ""regional part of brain"", ""regional part of nervous system""]","[""attached to part of"", ""developmentally induced by"", ""has plasma membrane part"", ""has skeleton"", ""skeleton of""]","[{""characteristics"": [], ""meta"": {""object_iri"": ""http://purl.obolibrary.org/obo/UBERON_0000061"", ""predicate_iri"": ""http://purl.obolibrary.org/obo/RO_0002177"", ""predicate_type"": ""object"", ""subject_iri"": ""http://purl.obolibrary.org/obo/UBERON_0000061""}, ""text"": ""anatomical structure attached to part of anatomical structure."", ""triple"": [""anatomical structure"", ""attached to part of"", ""anatomical structure""]}, {""characteristics"": [], ""meta"": {""object_iri"": ""http://purl.obolibrary.org/obo/UBERON_0000465"", ""predicate_iri"": ""http://purl.obolibrary.org/obo/RO_0002551"", ""predicate_type"": ""object"", ""subject_iri"": ""http://purl.obolibrary.org/obo/UBERON_0000061""}, ""text"": ""anatomical structure has skeleton material anatomical entity."", ""triple"": [""anatomical structure"", ""has skeleton"", ""material anatomical entity""]}, {""characteristics"": [], ""meta"": {""object_iri"": ""http://purl.obolibrary.org/obo/UBERON_0000061"", ""predicate_iri"": ""http://purl.obolibrary.org/obo/RO_0002576"", ""predicate_type"": ""object"", ""subject_iri"": ""http://purl.obolibrary.org/obo/UBERON_0000061""}, ""text"": ""anatomical structure skeleton of anatomical structure."", ""triple"": [""anatomical structure"", ""skeleton of"", ""anatomical structure""]}, {""characteristics"": [], ""meta"": {""object_iri"": ""http://purl.obolibrary.org/obo/UBERON_0000465"", ""predicate_iri"": ""http://purl.obolibrary.org/obo/RO_0002256"", ""predicate_type"": ""object"", ""subject_iri"": ""http://purl.obolibrary.org/obo/UBERON_0000465""}, ""text"": ""material anatomical entity developmentally induced by material anatomical entity."", ""triple"": [""material anatomical entity"", ""developmentally induced by"", ""material anatomical entity""]}, {""characteristics"": [], ""meta"": {""object_iri"": ""http://purl.obolibrary.org/obo/UBERON_0000465"", ""predicate_iri"": ""http://purl.obolibrary.org/obo/RO_0002104"", ""predicate_type"": ""object"", ""subject_iri"": ""http://purl.obolibrary.org/obo/UBERON_0000465""}, ""text"": ""material anatomical entity has plasma membrane part material anatomical entity."", ""triple"": [""material anatomical entity"", ""has plasma membrane part"", ""material anatomical entity""]}]",{}
L4_Sciences_Sciences_Biology_property_uberon_00006,"In the Biology ontology, given the following set of classes and properties, construct only object- and data-property relationships. Do not output subClassOf triples. Output only triples in the form (subject, predicate, object).

Classes:
- anatomical structure
- cranial neuron projection bundle
- dorsal horn of spinal cord
- intramembranous bone
- kidney
- lateral structure
- lung
- nasal bone
- neuron projection bundle
- paired venous dural sinus

Object Properties:
- attached to part of
- innervated by
- skeleton of

Data Properties:
None",,"(anatomical structure, attached to part of, anatomical structure)
(anatomical structure, innervated by, neuron projection bundle)
(anatomical structure, skeleton of, anatomical structure)",3_4,L4,Property Relation Construction,Learning,Generation,triple_f1,Sciences,Sciences/Biology,bench_3_4/Sciences/Biology/Uberon/uberon/property_uberon.json,5,,,,"(anatomical structure, attached to part of, anatomical structure)
(anatomical structure, innervated by, neuron projection bundle)
(anatomical structure, skeleton of, anatomical structure)","[""anatomical structure"", ""cranial neuron projection bundle"", ""dorsal horn of spinal cord"", ""intramembranous bone"", ""kidney"", ""lateral structure"", ""lung"", ""nasal bone"", ""neuron projection bundle"", ""paired venous dural sinus""]","[""attached to part of"", ""innervated_by"", ""skeleton of""]","[{""characteristics"": [], ""meta"": {""object_iri"": ""http://purl.obolibrary.org/obo/UBERON_0000061"", ""predicate_iri"": ""http://purl.obolibrary.org/obo/RO_0002177"", ""predicate_type"": ""object"", ""subject_iri"": ""http://purl.obolibrary.org/obo/UBERON_0000061""}, ""text"": ""anatomical structure attached to part of anatomical structure."", ""triple"": [""anatomical structure"", ""attached to part of"", ""anatomical structure""]}, {""characteristics"": [], ""meta"": {""object_iri"": ""http://purl.obolibrary.org/obo/UBERON_0000122"", ""predicate_iri"": ""http://purl.obolibrary.org/obo/RO_0002005"", ""predicate_type"": ""object"", ""subject_iri"": ""http://purl.obolibrary.org/obo/UBERON_0000061""}, ""text"": ""anatomical structure innervated_by neuron projection bundle."", ""triple"": [""anatomical structure"", ""innervated_by"", ""neuron projection bundle""]}, {""characteristics"": [], ""meta"": {""object_iri"": ""http://purl.obolibrary.org/obo/UBERON_0000061"", ""predicate_iri"": ""http://purl.obolibrary.org/obo/RO_0002576"", ""predicate_type"": ""object"", ""subject_iri"": ""http://purl.obolibrary.org/obo/UBERON_0000061""}, ""text"": ""anatomical structure skeleton of anatomical structure."", ""triple"": [""anatomical structure"", ""skeleton of"", ""anatomical structure""]}]",{}
L4_Sciences_Sciences_Biology_property_uberon_00007,"In the Biology ontology, given the following set of classes and properties, construct only object- and data-property relationships. Do not output subClassOf triples. Output only triples in the form (subject, predicate, object).

Classes:
- anatomical cavity
- anatomical entity
- anatomical space
- extraembryonic cavity
- immaterial anatomical entity
- immaterial entity
- space in vertebral column
- subarachnoid fissure
- sulcus
- tube lumen

Object Properties:
- has developmental contribution from
- has developmental potential involving

Data Properties:
None",,"(anatomical entity, has developmental contribution from, anatomical entity)
(anatomical entity, has developmental potential involving, anatomical entity)",3_4,L4,Property Relation Construction,Learning,Generation,triple_f1,Sciences,Sciences/Biology,bench_3_4/Sciences/Biology/Uberon/uberon/property_uberon.json,6,,,,"(anatomical entity, has developmental contribution from, anatomical entity)
(anatomical entity, has developmental potential involving, anatomical entity)","[""anatomical cavity"", ""anatomical entity"", ""anatomical space"", ""extraembryonic cavity"", ""immaterial anatomical entity"", ""immaterial entity"", ""space in vertebral column"", ""subarachnoid fissure"", ""sulcus"", ""tube lumen""]","[""has developmental contribution from"", ""has developmental potential involving""]","[{""characteristics"": [], ""meta"": {""object_iri"": ""http://purl.obolibrary.org/obo/UBERON_0001062"", ""predicate_iri"": ""http://purl.obolibrary.org/obo/RO_0002254"", ""predicate_type"": ""object"", ""subject_iri"": ""http://purl.obolibrary.org/obo/UBERON_0001062""}, ""text"": ""anatomical entity has developmental contribution from anatomical entity."", ""triple"": [""anatomical entity"", ""has developmental contribution from"", ""anatomical entity""]}, {""characteristics"": [], ""meta"": {""object_iri"": ""http://purl.obolibrary.org/obo/UBERON_0001062"", ""predicate_iri"": ""http://purl.obolibrary.org/obo/RO_0002384"", ""predicate_type"": ""object"", ""subject_iri"": ""http://purl.obolibrary.org/obo/UBERON_0001062""}, ""text"": ""anatomical entity has developmental potential involving anatomical entity."", ""triple"": [""anatomical entity"", ""has developmental potential involving"", ""anatomical entity""]}]",{}
L4_Sciences_Sciences_Computer_Science_property_swo_00001,"In the Computer Science ontology, given the following set of classes and properties, construct only object- and data-property relationships. Do not output subClassOf triples. Output only triples in the form (subject, predicate, object).

Classes:
- 50-50 MANOVA
- Agi4x44PreProcess
- BAC
- BioConductor Software
- Category
- GeneSpring
- R software
- affypdnn
- plan specification
- software

Object Properties:
- is software for
- uses software

Data Properties:
None",,"(software, is software for, software)
(software, uses software, software)",3_4,L4,Property Relation Construction,Learning,Generation,triple_f1,Sciences,Sciences/Computer_Science,bench_3_4/Sciences/Computer_Science/software_ontology/swo/property_swo.json,0,,,,"(software, is software for, software)
(software, uses software, software)","[""50-50 MANOVA"", ""Agi4x44PreProcess"", ""BAC"", ""BioConductor Software"", ""Category"", ""GeneSpring"", ""R software"", ""affypdnn"", ""plan specification"", ""software""]","[""is software for"", ""uses software""]","[{""characteristics"": [], ""meta"": {""object_iri"": ""http://www.ebi.ac.uk/swo/SWO_0000001"", ""predicate_iri"": ""http://www.ebi.ac.uk/swo/SWO_0000157"", ""predicate_type"": ""object"", ""subject_iri"": ""http://www.ebi.ac.uk/swo/SWO_0000001""}, ""text"": ""software is software for software."", ""triple"": [""software"", ""is software for"", ""software""]}, {""characteristics"": [], ""meta"": {""object_iri"": ""http://www.ebi.ac.uk/swo/SWO_0000001"", ""predicate_iri"": ""http://www.ebi.ac.uk/swo/SWO_0000082"", ""predicate_type"": ""object"", ""subject_iri"": ""http://www.ebi.ac.uk/swo/SWO_0000001""}, ""text"": ""software uses software software."", ""triple"": [""software"", ""uses software"", ""software""]}]",{}
L4_Sciences_Sciences_Computer_Science_property_swo_00002,"In the Computer Science ontology, given the following set of classes and properties, construct only object- and data-property relationships. Do not output subClassOf triples. Output only triples in the form (subject, predicate, object).

Classes:
- BED format
- FASTA format
- GFF
- OBO Flat File Format
- Rnw
- Textual format
- data format specification
- directive information entity
- newick
- plain text file format

Object Properties:
- is alternative format of

Data Properties:
None",,"(data format specification, is alternative format of, data format specification)",3_4,L4,Property Relation Construction,Learning,Generation,triple_f1,Sciences,Sciences/Computer_Science,bench_3_4/Sciences/Computer_Science/software_ontology/swo/property_swo.json,1,,,,"(data format specification, is alternative format of, data format specification)","[""BED format"", ""FASTA format"", ""GFF"", ""OBO Flat File Format"", ""Rnw"", ""Textual format"", ""data format specification"", ""directive information entity"", ""newick"", ""plain text file format""]","[""is alternative format of""]","[{""characteristics"": [], ""meta"": {""object_iri"": ""http://purl.obolibrary.org/obo/IAO_0000098"", ""predicate_iri"": ""http://www.ebi.ac.uk/swo/data/SWO_3000054"", ""predicate_type"": ""object"", ""subject_iri"": ""http://purl.obolibrary.org/obo/IAO_0000098""}, ""text"": ""data format specification is alternative format of data format specification."", ""triple"": [""data format specification"", ""is alternative format of"", ""data format specification""]}]",{}
L4_Sciences_Sciences_Computer_Science_property_swo_00003,"In the Computer Science ontology, given the following set of classes and properties, construct only object- and data-property relationships. Do not output subClassOf triples. Output only triples in the form (subject, predicate, object).

Classes:
- CC BY 2.0
- CC BY 2.0 UK
- CC BY 2.1 JP
- CC BY 4.0
- CC BY-SA 2.0
- CC0 1.0
- Creative Commons
- GNU GPL Compatible License Type
- information content entity
- licence

Object Properties:
- is compatible license of

Data Properties:
None",,"(licence, is compatible license of, licence)",3_4,L4,Property Relation Construction,Learning,Generation,triple_f1,Sciences,Sciences/Computer_Science,bench_3_4/Sciences/Computer_Science/software_ontology/swo/property_swo.json,2,,,,"(licence, is compatible license of, licence)","[""CC BY 2.0"", ""CC BY 2.0 UK"", ""CC BY 2.1 JP"", ""CC BY 4.0"", ""CC BY-SA 2.0"", ""CC0 1.0"", ""Creative Commons"", ""GNU GPL Compatible License Type"", ""information content entity"", ""licence""]","[""is compatible license of""]","[{""characteristics"": [], ""meta"": {""object_iri"": ""http://www.ebi.ac.uk/swo/SWO_0000002"", ""predicate_iri"": ""http://www.ebi.ac.uk/swo/license/SWO_1000048"", ""predicate_type"": ""object"", ""subject_iri"": ""http://www.ebi.ac.uk/swo/SWO_0000002""}, ""text"": ""licence is compatible license of licence."", ""triple"": [""licence"", ""is compatible license of"", ""licence""]}]",{}
L4_Sciences_Sciences_Computer_Science_property_swo_00004,"In the Computer Science ontology, given the following set of classes and properties, construct only object- and data-property relationships. Do not output subClassOf triples. Output only triples in the form (subject, predicate, object).

Classes:
- BAC
- BioConductor Software
- Category
- GeneticsBase
- GeneticsPed
- affy
- affypdnn
- operating system
- plan specification
- software

Object Properties:
- is software for
- uses platform
- uses software

Data Properties:
None",,"(software, is software for, software)
(software, uses platform, operating system)
(software, uses software, software)",3_4,L4,Property Relation Construction,Learning,Generation,triple_f1,Sciences,Sciences/Computer_Science,bench_3_4/Sciences/Computer_Science/software_ontology/swo/property_swo.json,3,,,,"(software, is software for, software)
(software, uses platform, operating system)
(software, uses software, software)","[""BAC"", ""BioConductor Software"", ""Category"", ""GeneticsBase"", ""GeneticsPed"", ""affy"", ""affypdnn"", ""operating system"", ""plan specification"", ""software""]","[""is software for"", ""uses platform"", ""uses software""]","[{""characteristics"": [], ""meta"": {""object_iri"": ""http://www.ebi.ac.uk/swo/SWO_0000001"", ""predicate_iri"": ""http://www.ebi.ac.uk/swo/SWO_0000157"", ""predicate_type"": ""object"", ""subject_iri"": ""http://www.ebi.ac.uk/swo/SWO_0000001""}, ""text"": ""software is software for software."", ""triple"": [""software"", ""is software for"", ""software""]}, {""characteristics"": [], ""meta"": {""object_iri"": ""http://www.ebi.ac.uk/swo/SWO_0000021"", ""predicate_iri"": ""http://www.ebi.ac.uk/swo/SWO_0000150"", ""predicate_type"": ""object"", ""subject_iri"": ""http://www.ebi.ac.uk/swo/SWO_0000001""}, ""text"": ""software uses platform operating system."", ""triple"": [""software"", ""uses platform"", ""operating system""]}, {""characteristics"": [], ""meta"": {""object_iri"": ""http://www.ebi.ac.uk/swo/SWO_0000001"", ""predicate_iri"": ""http://www.ebi.ac.uk/swo/SWO_0000082"", ""predicate_type"": ""object"", ""subject_iri"": ""http://www.ebi.ac.uk/swo/SWO_0000001""}, ""text"": ""software uses software software."", ""triple"": [""software"", ""uses software"", ""software""]}]",{}
L4_Sciences_Sciences_Computer_Science_property_swo_00005,"In the Computer Science ontology, given the following set of classes and properties, construct only object- and data-property relationships. Do not output subClassOf triples. Output only triples in the form (subject, predicate, object).

Classes:
- Genome annotation
- Query and retrieval
- class discovery data transformation
- class prediction data transformation
- correction
- data mining task
- data transformation
- partitioning data transformation
- planned process
- process

Object Properties:
- has component process
- regulated by
- regulates

Data Properties:
None",,"(process, has component process, process)
(process, regulated by, process)
(process, regulates, process)",3_4,L4,Property Relation Construction,Learning,Generation,triple_f1,Sciences,Sciences/Computer_Science,bench_3_4/Sciences/Computer_Science/software_ontology/swo/property_swo.json,4,,,,"(process, has component process, process)
(process, regulated by, process)
(process, regulates, process)","[""Genome annotation"", ""Query and retrieval"", ""class discovery data transformation"", ""class prediction data transformation"", ""correction"", ""data mining task"", ""data transformation"", ""partitioning data transformation"", ""planned process"", ""process""]","[""has component process"", ""regulated by"", ""regulates""]","[{""characteristics"": [], ""meta"": {""object_iri"": ""http://purl.obolibrary.org/obo/BFO_0000015"", ""predicate_iri"": ""http://purl.obolibrary.org/obo/RO_0002018"", ""predicate_type"": ""object"", ""subject_iri"": ""http://purl.obolibrary.org/obo/BFO_0000015""}, ""text"": ""process has component process process."", ""triple"": [""process"", ""has component process"", ""process""]}, {""characteristics"": [], ""meta"": {""object_iri"": ""http://purl.obolibrary.org/obo/BFO_0000015"", ""predicate_iri"": ""http://purl.obolibrary.org/obo/RO_0002334"", ""predicate_type"": ""object"", ""subject_iri"": ""http://purl.obolibrary.org/obo/BFO_0000015""}, ""text"": ""process regulated by process."", ""triple"": [""process"", ""regulated by"", ""process""]}, {""characteristics"": [], ""meta"": {""object_iri"": ""http://purl.obolibrary.org/obo/BFO_0000015"", ""predicate_iri"": ""http://purl.obolibrary.org/obo/RO_0002211"", ""predicate_type"": ""object"", ""subject_iri"": ""http://purl.obolibrary.org/obo/BFO_0000015""}, ""text"": ""process regulates process."", ""triple"": [""process"", ""regulates"", ""process""]}]",{}
L4_Sciences_Sciences_Computer_Science_property_swo_00006,"In the Computer Science ontology, given the following set of classes and properties, construct only object- and data-property relationships. Do not output subClassOf triples. Output only triples in the form (subject, predicate, object).

Classes:
- 'ACME'
- 2-sample pooled t-test
- Bayesian Model
- algorithm
- data mining algorithm
- data processing algorithm
- data visualization algorithm
- directive information entity
- plan specification
- software

Object Properties:
- implements
- is implemented by
- is software for
- uses software

Data Properties:
None",,"(algorithm, is implemented by, software)
(software, implements, algorithm)
(software, is software for, software)
(software, uses software, software)",3_4,L4,Property Relation Construction,Learning,Generation,triple_f1,Sciences,Sciences/Computer_Science,bench_3_4/Sciences/Computer_Science/software_ontology/swo/property_swo.json,5,,,,"(algorithm, is implemented by, software)
(software, implements, algorithm)
(software, is software for, software)
(software, uses software, software)","[""'ACME'"", ""2-sample pooled t-test"", ""Bayesian Model"", ""algorithm"", ""data mining algorithm"", ""data processing algorithm"", ""data visualization algorithm"", ""directive information entity"", ""plan specification"", ""software""]","[""implements"", ""is implemented by"", ""is software for"", ""uses software""]","[{""characteristics"": [], ""meta"": {""object_iri"": ""http://www.ebi.ac.uk/swo/SWO_0000001"", ""predicate_iri"": ""http://www.ebi.ac.uk/swo/SWO_0000085"", ""predicate_type"": ""object"", ""subject_iri"": ""http://purl.obolibrary.org/obo/IAO_0000064""}, ""text"": ""algorithm is implemented by software."", ""triple"": [""algorithm"", ""is implemented by"", ""software""]}, {""characteristics"": [], ""meta"": {""object_iri"": ""http://purl.obolibrary.org/obo/IAO_0000064"", ""predicate_iri"": ""http://www.ebi.ac.uk/swo/SWO_0000740"", ""predicate_type"": ""object"", ""subject_iri"": ""http://www.ebi.ac.uk/swo/SWO_0000001""}, ""text"": ""software implements algorithm."", ""triple"": [""software"", ""implements"", ""algorithm""]}, {""characteristics"": [], ""meta"": {""object_iri"": ""http://www.ebi.ac.uk/swo/SWO_0000001"", ""predicate_iri"": ""http://www.ebi.ac.uk/swo/SWO_0000157"", ""predicate_type"": ""object"", ""subject_iri"": ""http://www.ebi.ac.uk/swo/SWO_0000001""}, ""text"": ""software is software for software."", ""triple"": [""software"", ""is software for"", ""software""]}, {""characteristics"": [], ""meta"": {""object_iri"": ""http://www.ebi.ac.uk/swo/SWO_0000001"", ""predicate_iri"": ""http://www.ebi.ac.uk/swo/SWO_0000082"", ""predicate_type"": ""object"", ""subject_iri"": ""http://www.ebi.ac.uk/swo/SWO_0000001""}, ""text"": ""software uses software software."", ""triple"": [""software"", ""uses software"", ""software""]}]",{}
L4_Health_Medicine_Foundational_Model_of_Anatomy_Ontology_property_fma_00001,"In the Foundational Model of Anatomy Ontology, given the following set of classes and properties, construct only object- and data-property relationships. Do not output subClassOf triples. Output only triples in the form (subject, predicate, object).

Classes:
- Anatomical cluster
- Bone marrow
- Content of posterior mediastinum
- Heterogeneous anatomical cluster
- Mesentery
- Postnatal anatomical structure
- Region of meningeal cluster
- Subdivision of larynx
- Subdivision of pharynx
- Subdivision of thoracic content

Object Properties:
- has insertion
- has origin

Data Properties:
None",,"(Postnatal anatomical structure, has insertion, Postnatal anatomical structure)
(Postnatal anatomical structure, has origin, Postnatal anatomical structure)",3_4,L4,Property Relation Construction,Learning,Generation,triple_f1,Health_Medicine,Health_Medicine/Foundational_Model_of_Anatomy_Ontology,bench_health/bench_3_4/Health_Medicine/Foundational_Model_of_Anatomy_Ontology/fma/property_fma.json,0,,,,"(Postnatal anatomical structure, has insertion, Postnatal anatomical structure)
(Postnatal anatomical structure, has origin, Postnatal anatomical structure)",,,"[{""characteristics"": [], ""meta"": {""object_iri"": ""http://purl.org/sig/ont/fma/fma67135"", ""predicate_iri"": ""http://purl.org/sig/ont/fma/has_insertion"", ""predicate_type"": ""object"", ""subject_iri"": ""http://purl.org/sig/ont/fma/fma67135""}, ""text"": ""Postnatal anatomical structure has insertion Postnatal anatomical structure."", ""triple"": [""Postnatal anatomical structure"", ""has insertion"", ""Postnatal anatomical structure""]}, {""characteristics"": [], ""meta"": {""object_iri"": ""http://purl.org/sig/ont/fma/fma67135"", ""predicate_iri"": ""http://purl.org/sig/ont/fma/has_origin"", ""predicate_type"": ""object"", ""subject_iri"": ""http://purl.org/sig/ont/fma/fma67135""}, ""text"": ""Postnatal anatomical structure has origin Postnatal anatomical structure."", ""triple"": [""Postnatal anatomical structure"", ""has origin"", ""Postnatal anatomical structure""]}]","{""health_supplement"": true, ""original_id"": """", ""source_generation_file"": ""bench_health/bench_3_4/Health_Medicine/Foundational_Model_of_Anatomy_Ontology/fma/property_fma.json""}"
L4_Health_Medicine_Human_Phenotype_Ontology_property_hp_00001,"In the Human Phenotype Ontology, given the following set of classes and properties, construct only object- and data-property relationships. Do not output subClassOf triples. Output only triples in the form (subject, predicate, object).

Classes:
- anatomical structure
- bile duct
- endo-epithelium
- endoderm-derived structure
- epithelium
- gustatory organ
- laryngeal cartilage
- mixed endoderm/mesoderm-derived structure
- respiratory tube
- taste bud

Object Properties:
- attached to part of
- biomechanically related to
- skeleton of

Data Properties:
None",,"(anatomical structure, attached to part of, anatomical structure)
(anatomical structure, biomechanically related to, anatomical structure)
(anatomical structure, skeleton of, anatomical structure)",3_4,L4,Property Relation Construction,Learning,Generation,triple_f1,Health_Medicine,Health_Medicine/Human_Phenotype_Ontology,bench_health/bench_3_4/Health_Medicine/Human_Phenotype_Ontology/hp/property_hp.json,0,,,,"(anatomical structure, attached to part of, anatomical structure)
(anatomical structure, biomechanically related to, anatomical structure)
(anatomical structure, skeleton of, anatomical structure)",,,"[{""characteristics"": [], ""meta"": {""object_iri"": ""http://purl.obolibrary.org/obo/UBERON_0000061"", ""predicate_iri"": ""http://purl.obolibrary.org/obo/RO_0002177"", ""predicate_type"": ""object"", ""subject_iri"": ""http://purl.obolibrary.org/obo/UBERON_0000061""}, ""text"": ""anatomical structure attached to part of anatomical structure."", ""triple"": [""anatomical structure"", ""attached to part of"", ""anatomical structure""]}, {""characteristics"": [], ""meta"": {""object_iri"": ""http://purl.obolibrary.org/obo/UBERON_0000061"", ""predicate_iri"": ""http://purl.obolibrary.org/obo/RO_0002567"", ""predicate_type"": ""object"", ""subject_iri"": ""http://purl.obolibrary.org/obo/UBERON_0000061""}, ""text"": ""anatomical structure biomechanically related to anatomical structure."", ""triple"": [""anatomical structure"", ""biomechanically related to"", ""anatomical structure""]}, {""characteristics"": [], ""meta"": {""object_iri"": ""http://purl.obolibrary.org/obo/UBERON_0000061"", ""predicate_iri"": ""http://purl.obolibrary.org/obo/RO_0002576"", ""predicate_type"": ""object"", ""subject_iri"": ""http://purl.obolibrary.org/obo/UBERON_0000061""}, ""text"": ""anatomical structure skeleton of anatomical structure."", ""triple"": [""anatomical structure"", ""skeleton of"", ""anatomical structure""]}]","{""health_supplement"": true, ""original_id"": """", ""source_generation_file"": ""bench_health/bench_3_4/Health_Medicine/Human_Phenotype_Ontology/hp/property_hp.json""}"
L4_Health_Medicine_International_Classification_of_Disease_Ontology_property_icdo_00001,"In the International Classification of Disease Ontology, given the following set of classes and properties, construct only object- and data-property relationships. Do not output subClassOf triples. Output only triples in the form (subject, predicate, object).

Classes:
- abscess
- anatomical entity
- atresia entity
- cellulitis anatomical entity
- deformity entity
- inflammatory anatomical entity
- material entity
- ossification entity
- pathological anatomical entity
- scar entity

Object Properties:
- indirectly positively regulates activity of
- indirectly regulates activity of
- represses expression of

Data Properties:
None",,"(material entity, indirectly positively regulates activity of, material entity)
(material entity, indirectly regulates activity of, material entity)
(material entity, represses expression of, material entity)",3_4,L4,Property Relation Construction,Learning,Generation,triple_f1,Health_Medicine,Health_Medicine/International_Classification_of_Disease_Ontology,bench_health/bench_3_4/Health_Medicine/International_Classification_of_Disease_Ontology/icdo/property_icdo.json,0,,,,"(material entity, indirectly positively regulates activity of, material entity)
(material entity, indirectly regulates activity of, material entity)
(material entity, represses expression of, material entity)",,,"[{""characteristics"": [], ""meta"": {""object_iri"": ""http://purl.obolibrary.org/obo/BFO_0000040"", ""predicate_iri"": ""http://purl.obolibrary.org/obo/RO_0011013"", ""predicate_type"": ""object"", ""subject_iri"": ""http://purl.obolibrary.org/obo/BFO_0000040""}, ""text"": ""material entity indirectly positively regulates activity of material entity."", ""triple"": [""material entity"", ""indirectly positively regulates activity of"", ""material entity""]}, {""characteristics"": [], ""meta"": {""object_iri"": ""http://purl.obolibrary.org/obo/BFO_0000040"", ""predicate_iri"": ""http://purl.obolibrary.org/obo/RO_0011004"", ""predicate_type"": ""object"", ""subject_iri"": ""http://purl.obolibrary.org/obo/BFO_0000040""}, ""text"": ""material entity indirectly regulates activity of material entity."", ""triple"": [""material entity"", ""indirectly regulates activity of"", ""material entity""]}, {""characteristics"": [], ""meta"": {""object_iri"": ""http://purl.obolibrary.org/obo/BFO_0000040"", ""predicate_iri"": ""http://purl.obolibrary.org/obo/RO_0003002"", ""predicate_type"": ""object"", ""subject_iri"": ""http://purl.obolibrary.org/obo/BFO_0000040""}, ""text"": ""material entity represses expression of material entity."", ""triple"": [""material entity"", ""represses expression of"", ""material entity""]}]","{""health_supplement"": true, ""original_id"": """", ""source_generation_file"": ""bench_health/bench_3_4/Health_Medicine/International_Classification_of_Disease_Ontology/icdo/property_icdo.json""}"
L4_Health_Medicine_Foundational_Model_of_Anatomy_Ontology_property_fma_00002,"In the Foundational Model of Anatomy Ontology, given the following set of classes and properties, construct only object- and data-property relationships. Do not output subClassOf triples. Output only triples in the form (subject, predicate, object).

Classes:
- Anatomical cluster
- Bone marrow
- Heterogeneous anatomical cluster
- Ligament complex
- Mesentery
- Postnatal anatomical structure
- Region of meningeal cluster
- Subdivision of larynx
- Subdivision of pharynx
- Subdivision of thoracic content

Object Properties:
- has insertion
- has origin

Data Properties:
None",,"(Postnatal anatomical structure, has insertion, Postnatal anatomical structure)
(Postnatal anatomical structure, has origin, Postnatal anatomical structure)",3_4,L4,Property Relation Construction,Learning,Generation,triple_f1,Health_Medicine,Health_Medicine/Foundational_Model_of_Anatomy_Ontology,bench_health/bench_3_4/Health_Medicine/Foundational_Model_of_Anatomy_Ontology/fma/property_fma.json,1,,,,"(Postnatal anatomical structure, has insertion, Postnatal anatomical structure)
(Postnatal anatomical structure, has origin, Postnatal anatomical structure)",,,"[{""characteristics"": [], ""meta"": {""object_iri"": ""http://purl.org/sig/ont/fma/fma67135"", ""predicate_iri"": ""http://purl.org/sig/ont/fma/has_insertion"", ""predicate_type"": ""object"", ""subject_iri"": ""http://purl.org/sig/ont/fma/fma67135""}, ""text"": ""Postnatal anatomical structure has insertion Postnatal anatomical structure."", ""triple"": [""Postnatal anatomical structure"", ""has insertion"", ""Postnatal anatomical structure""]}, {""characteristics"": [], ""meta"": {""object_iri"": ""http://purl.org/sig/ont/fma/fma67135"", ""predicate_iri"": ""http://purl.org/sig/ont/fma/has_origin"", ""predicate_type"": ""object"", ""subject_iri"": ""http://purl.org/sig/ont/fma/fma67135""}, ""text"": ""Postnatal anatomical structure has origin Postnatal anatomical structure."", ""triple"": [""Postnatal anatomical structure"", ""has origin"", ""Postnatal anatomical structure""]}]","{""health_supplement"": true, ""original_id"": """", ""source_generation_file"": ""bench_health/bench_3_4/Health_Medicine/Foundational_Model_of_Anatomy_Ontology/fma/property_fma.json""}"
L4_Health_Medicine_Human_Phenotype_Ontology_property_hp_00002,"In the Human Phenotype Ontology, given the following set of classes and properties, construct only object- and data-property relationships. Do not output subClassOf triples. Output only triples in the form (subject, predicate, object).

Classes:
- apical ectodermal ridge
- developing anatomical structure
- embryonic structure
- endocardial cushion
- endoderm of foregut
- material anatomical entity
- neural fold
- paired limb/fin field
- pharyngeal pouch
- presumptive structure

Object Properties:
- developmentally induced by
- has plasma membrane part

Data Properties:
None",,"(material anatomical entity, developmentally induced by, material anatomical entity)
(material anatomical entity, has plasma membrane part, material anatomical entity)",3_4,L4,Property Relation Construction,Learning,Generation,triple_f1,Health_Medicine,Health_Medicine/Human_Phenotype_Ontology,bench_health/bench_3_4/Health_Medicine/Human_Phenotype_Ontology/hp/property_hp.json,1,,,,"(material anatomical entity, developmentally induced by, material anatomical entity)
(material anatomical entity, has plasma membrane part, material anatomical entity)",,,"[{""characteristics"": [], ""meta"": {""object_iri"": ""http://purl.obolibrary.org/obo/UBERON_0000465"", ""predicate_iri"": ""http://purl.obolibrary.org/obo/RO_0002256"", ""predicate_type"": ""object"", ""subject_iri"": ""http://purl.obolibrary.org/obo/UBERON_0000465""}, ""text"": ""material anatomical entity developmentally induced by material anatomical entity."", ""triple"": [""material anatomical entity"", ""developmentally induced by"", ""material anatomical entity""]}, {""characteristics"": [], ""meta"": {""object_iri"": ""http://purl.obolibrary.org/obo/UBERON_0000465"", ""predicate_iri"": ""http://purl.obolibrary.org/obo/RO_0002104"", ""predicate_type"": ""object"", ""subject_iri"": ""http://purl.obolibrary.org/obo/UBERON_0000465""}, ""text"": ""material anatomical entity has plasma membrane part material anatomical entity."", ""triple"": [""material anatomical entity"", ""has plasma membrane part"", ""material anatomical entity""]}]","{""health_supplement"": true, ""original_id"": """", ""source_generation_file"": ""bench_health/bench_3_4/Health_Medicine/Human_Phenotype_Ontology/hp/property_hp.json""}"
L4_Health_Medicine_International_Classification_of_Disease_Ontology_property_icdo_00002,"In the International Classification of Disease Ontology, given the following set of classes and properties, construct only object- and data-property relationships. Do not output subClassOf triples. Output only triples in the form (subject, predicate, object).

Classes:
- abscess
- anatomical entity
- atresia entity
- deformity entity
- inflammatory anatomical entity
- keloid entity
- material entity
- ossification entity
- pathological anatomical entity
- scar entity

Object Properties:
- indirectly positively regulates activity of
- indirectly regulates activity of
- represses expression of

Data Properties:
None",,"(material entity, indirectly positively regulates activity of, material entity)
(material entity, indirectly regulates activity of, material entity)
(material entity, represses expression of, material entity)",3_4,L4,Property Relation Construction,Learning,Generation,triple_f1,Health_Medicine,Health_Medicine/International_Classification_of_Disease_Ontology,bench_health/bench_3_4/Health_Medicine/International_Classification_of_Disease_Ontology/icdo/property_icdo.json,1,,,,"(material entity, indirectly positively regulates activity of, material entity)
(material entity, indirectly regulates activity of, material entity)
(material entity, represses expression of, material entity)",,,"[{""characteristics"": [], ""meta"": {""object_iri"": ""http://purl.obolibrary.org/obo/BFO_0000040"", ""predicate_iri"": ""http://purl.obolibrary.org/obo/RO_0011013"", ""predicate_type"": ""object"", ""subject_iri"": ""http://purl.obolibrary.org/obo/BFO_0000040""}, ""text"": ""material entity indirectly positively regulates activity of material entity."", ""triple"": [""material entity"", ""indirectly positively regulates activity of"", ""material entity""]}, {""characteristics"": [], ""meta"": {""object_iri"": ""http://purl.obolibrary.org/obo/BFO_0000040"", ""predicate_iri"": ""http://purl.obolibrary.org/obo/RO_0011004"", ""predicate_type"": ""object"", ""subject_iri"": ""http://purl.obolibrary.org/obo/BFO_0000040""}, ""text"": ""material entity indirectly regulates activity of material entity."", ""triple"": [""material entity"", ""indirectly regulates activity of"", ""material entity""]}, {""characteristics"": [], ""meta"": {""object_iri"": ""http://purl.obolibrary.org/obo/BFO_0000040"", ""predicate_iri"": ""http://purl.obolibrary.org/obo/RO_0003002"", ""predicate_type"": ""object"", ""subject_iri"": ""http://purl.obolibrary.org/obo/BFO_0000040""}, ""text"": ""material entity represses expression of material entity."", ""triple"": [""material entity"", ""represses expression of"", ""material entity""]}]","{""health_supplement"": true, ""original_id"": """", ""source_generation_file"": ""bench_health/bench_3_4/Health_Medicine/International_Classification_of_Disease_Ontology/icdo/property_icdo.json""}"
L4_Health_Medicine_Foundational_Model_of_Anatomy_Ontology_property_fma_00003,"In the Foundational Model of Anatomy Ontology, given the following set of classes and properties, construct only object- and data-property relationships. Do not output subClassOf triples. Output only triples in the form (subject, predicate, object).

Classes:
- Anatomical cluster
- Bone marrow
- Frontal meningeal cluster
- Heterogeneous anatomical cluster
- Mesentery
- Postnatal anatomical structure
- Region of meningeal cluster
- Subdivision of larynx
- Subdivision of pharynx
- Subdivision of thoracic content

Object Properties:
- has insertion
- has origin

Data Properties:
None",,"(Postnatal anatomical structure, has insertion, Postnatal anatomical structure)
(Postnatal anatomical structure, has origin, Postnatal anatomical structure)",3_4,L4,Property Relation Construction,Learning,Generation,triple_f1,Health_Medicine,Health_Medicine/Foundational_Model_of_Anatomy_Ontology,bench_health/bench_3_4/Health_Medicine/Foundational_Model_of_Anatomy_Ontology/fma/property_fma.json,2,,,,"(Postnatal anatomical structure, has insertion, Postnatal anatomical structure)
(Postnatal anatomical structure, has origin, Postnatal anatomical structure)",,,"[{""characteristics"": [], ""meta"": {""object_iri"": ""http://purl.org/sig/ont/fma/fma67135"", ""predicate_iri"": ""http://purl.org/sig/ont/fma/has_insertion"", ""predicate_type"": ""object"", ""subject_iri"": ""http://purl.org/sig/ont/fma/fma67135""}, ""text"": ""Postnatal anatomical structure has insertion Postnatal anatomical structure."", ""triple"": [""Postnatal anatomical structure"", ""has insertion"", ""Postnatal anatomical structure""]}, {""characteristics"": [], ""meta"": {""object_iri"": ""http://purl.org/sig/ont/fma/fma67135"", ""predicate_iri"": ""http://purl.org/sig/ont/fma/has_origin"", ""predicate_type"": ""object"", ""subject_iri"": ""http://purl.org/sig/ont/fma/fma67135""}, ""text"": ""Postnatal anatomical structure has origin Postnatal anatomical structure."", ""triple"": [""Postnatal anatomical structure"", ""has origin"", ""Postnatal anatomical structure""]}]","{""health_supplement"": true, ""original_id"": """", ""source_generation_file"": ""bench_health/bench_3_4/Health_Medicine/Foundational_Model_of_Anatomy_Ontology/fma/property_fma.json""}"
L4_Health_Medicine_Human_Phenotype_Ontology_property_hp_00003,"In the Human Phenotype Ontology, given the following set of classes and properties, construct only object- and data-property relationships. Do not output subClassOf triples. Output only triples in the form (subject, predicate, object).

Classes:
- anatomical structure
- central nervous system cell part cluster
- ecto-epithelium
- ectoderm-derived structure
- epithelium
- material anatomical entity
- neural crest-derived structure
- regional part of brain
- strand of hair
- zone of skin

Object Properties:
- attached to part of
- biomechanically related to
- developmentally induced by
- has plasma membrane part
- skeleton of

Data Properties:
None",,"(anatomical structure, attached to part of, anatomical structure)
(anatomical structure, biomechanically related to, anatomical structure)
(anatomical structure, skeleton of, anatomical structure)
(material anatomical entity, developmentally induced by, material anatomical entity)
(material anatomical entity, has plasma membrane part, material anatomical entity)",3_4,L4,Property Relation Construction,Learning,Generation,triple_f1,Health_Medicine,Health_Medicine/Human_Phenotype_Ontology,bench_health/bench_3_4/Health_Medicine/Human_Phenotype_Ontology/hp/property_hp.json,2,,,,"(anatomical structure, attached to part of, anatomical structure)
(anatomical structure, biomechanically related to, anatomical structure)
(anatomical structure, skeleton of, anatomical structure)
(material anatomical entity, developmentally induced by, material anatomical entity)
(material anatomical entity, has plasma membrane part, material anatomical entity)",,,"[{""characteristics"": [], ""meta"": {""object_iri"": ""http://purl.obolibrary.org/obo/UBERON_0000061"", ""predicate_iri"": ""http://purl.obolibrary.org/obo/RO_0002177"", ""predicate_type"": ""object"", ""subject_iri"": ""http://purl.obolibrary.org/obo/UBERON_0000061""}, ""text"": ""anatomical structure attached to part of anatomical structure."", ""triple"": [""anatomical structure"", ""attached to part of"", ""anatomical structure""]}, {""characteristics"": [], ""meta"": {""object_iri"": ""http://purl.obolibrary.org/obo/UBERON_0000061"", ""predicate_iri"": ""http://purl.obolibrary.org/obo/RO_0002567"", ""predicate_type"": ""object"", ""subject_iri"": ""http://purl.obolibrary.org/obo/UBERON_0000061""}, ""text"": ""anatomical structure biomechanically related to anatomical structure."", ""triple"": [""anatomical structure"", ""biomechanically related to"", ""anatomical structure""]}, {""characteristics"": [], ""meta"": {""object_iri"": ""http://purl.obolibrary.org/obo/UBERON_0000061"", ""predicate_iri"": ""http://purl.obolibrary.org/obo/RO_0002576"", ""predicate_type"": ""object"", ""subject_iri"": ""http://purl.obolibrary.org/obo/UBERON_0000061""}, ""text"": ""anatomical structure skeleton of anatomical structure."", ""triple"": [""anatomical structure"", ""skeleton of"", ""anatomical structure""]}, {""characteristics"": [], ""meta"": {""object_iri"": ""http://purl.obolibrary.org/obo/UBERON_0000465"", ""predicate_iri"": ""http://purl.obolibrary.org/obo/RO_0002256"", ""predicate_type"": ""object"", ""subject_iri"": ""http://purl.obolibrary.org/obo/UBERON_0000465""}, ""text"": ""material anatomical entity developmentally induced by material anatomical entity."", ""triple"": [""material anatomical entity"", ""developmentally induced by"", ""material anatomical entity""]}, {""characteristics"": [], ""meta"": {""object_iri"": ""http://purl.obolibrary.org/obo/UBERON_0000465"", ""predicate_iri"": ""http://purl.obolibrary.org/obo/RO_0002104"", ""predicate_type"": ""object"", ""subject_iri"": ""http://purl.obolibrary.org/obo/UBERON_0000465""}, ""text"": ""material anatomical entity has plasma membrane part material anatomical entity."", ""triple"": [""material anatomical entity"", ""has plasma membrane part"", ""material anatomical entity""]}]","{""health_supplement"": true, ""original_id"": """", ""source_generation_file"": ""bench_health/bench_3_4/Health_Medicine/Human_Phenotype_Ontology/hp/property_hp.json""}"
L4_Health_Medicine_International_Classification_of_Disease_Ontology_property_icdo_00003,"In the International Classification of Disease Ontology, given the following set of classes and properties, construct only object- and data-property relationships. Do not output subClassOf triples. Output only triples in the form (subject, predicate, object).

Classes:
- abscess
- anatomical entity
- atresia entity
- cauliflower ear
- deformity entity
- inflammatory anatomical entity
- material entity
- ossification entity
- pathological anatomical entity
- scar entity

Object Properties:
- indirectly positively regulates activity of
- indirectly regulates activity of
- represses expression of

Data Properties:
None",,"(material entity, indirectly positively regulates activity of, material entity)
(material entity, indirectly regulates activity of, material entity)
(material entity, represses expression of, material entity)",3_4,L4,Property Relation Construction,Learning,Generation,triple_f1,Health_Medicine,Health_Medicine/International_Classification_of_Disease_Ontology,bench_health/bench_3_4/Health_Medicine/International_Classification_of_Disease_Ontology/icdo/property_icdo.json,2,,,,"(material entity, indirectly positively regulates activity of, material entity)
(material entity, indirectly regulates activity of, material entity)
(material entity, represses expression of, material entity)",,,"[{""characteristics"": [], ""meta"": {""object_iri"": ""http://purl.obolibrary.org/obo/BFO_0000040"", ""predicate_iri"": ""http://purl.obolibrary.org/obo/RO_0011013"", ""predicate_type"": ""object"", ""subject_iri"": ""http://purl.obolibrary.org/obo/BFO_0000040""}, ""text"": ""material entity indirectly positively regulates activity of material entity."", ""triple"": [""material entity"", ""indirectly positively regulates activity of"", ""material entity""]}, {""characteristics"": [], ""meta"": {""object_iri"": ""http://purl.obolibrary.org/obo/BFO_0000040"", ""predicate_iri"": ""http://purl.obolibrary.org/obo/RO_0011004"", ""predicate_type"": ""object"", ""subject_iri"": ""http://purl.obolibrary.org/obo/BFO_0000040""}, ""text"": ""material entity indirectly regulates activity of material entity."", ""triple"": [""material entity"", ""indirectly regulates activity of"", ""material entity""]}, {""characteristics"": [], ""meta"": {""object_iri"": ""http://purl.obolibrary.org/obo/BFO_0000040"", ""predicate_iri"": ""http://purl.obolibrary.org/obo/RO_0003002"", ""predicate_type"": ""object"", ""subject_iri"": ""http://purl.obolibrary.org/obo/BFO_0000040""}, ""text"": ""material entity represses expression of material entity."", ""triple"": [""material entity"", ""represses expression of"", ""material entity""]}]","{""health_supplement"": true, ""original_id"": """", ""source_generation_file"": ""bench_health/bench_3_4/Health_Medicine/International_Classification_of_Disease_Ontology/icdo/property_icdo.json""}"
L4_Health_Medicine_Foundational_Model_of_Anatomy_Ontology_property_fma_00004,"In the Foundational Model of Anatomy Ontology, given the following set of classes and properties, construct only object- and data-property relationships. Do not output subClassOf triples. Output only triples in the form (subject, predicate, object).

Classes:
- Anatomical cluster
- Bone marrow
- Frontal meningeal cluster
- Heterogeneous anatomical cluster
- Mesentery
- Postnatal anatomical structure
- Region of meningeal cluster
- Subdivision of larynx
- Subdivision of pharynx
- Subdivision of thoracic content

Object Properties:
- has insertion
- has origin

Data Properties:
None",,"(Postnatal anatomical structure, has insertion, Postnatal anatomical structure)
(Postnatal anatomical structure, has origin, Postnatal anatomical structure)",3_4,L4,Property Relation Construction,Learning,Generation,triple_f1,Health_Medicine,Health_Medicine/Foundational_Model_of_Anatomy_Ontology,bench_health/bench_3_4/Health_Medicine/Foundational_Model_of_Anatomy_Ontology/fma/property_fma.json,3,,,,"(Postnatal anatomical structure, has insertion, Postnatal anatomical structure)
(Postnatal anatomical structure, has origin, Postnatal anatomical structure)",,,"[{""characteristics"": [], ""meta"": {""object_iri"": ""http://purl.org/sig/ont/fma/fma67135"", ""predicate_iri"": ""http://purl.org/sig/ont/fma/has_insertion"", ""predicate_type"": ""object"", ""subject_iri"": ""http://purl.org/sig/ont/fma/fma67135""}, ""text"": ""Postnatal anatomical structure has insertion Postnatal anatomical structure."", ""triple"": [""Postnatal anatomical structure"", ""has insertion"", ""Postnatal anatomical structure""]}, {""characteristics"": [], ""meta"": {""object_iri"": ""http://purl.org/sig/ont/fma/fma67135"", ""predicate_iri"": ""http://purl.org/sig/ont/fma/has_origin"", ""predicate_type"": ""object"", ""subject_iri"": ""http://purl.org/sig/ont/fma/fma67135""}, ""text"": ""Postnatal anatomical structure has origin Postnatal anatomical structure."", ""triple"": [""Postnatal anatomical structure"", ""has origin"", ""Postnatal anatomical structure""]}]","{""health_supplement"": true, ""original_id"": """", ""source_generation_file"": ""bench_health/bench_3_4/Health_Medicine/Foundational_Model_of_Anatomy_Ontology/fma/property_fma.json""}"
L4_Health_Medicine_Human_Phenotype_Ontology_property_hp_00004,"In the Human Phenotype Ontology, given the following set of classes and properties, construct only object- and data-property relationships. Do not output subClassOf triples. Output only triples in the form (subject, predicate, object).

Classes:
- anatomical structure
- central nervous system cell part cluster
- ecto-epithelium
- ectoderm-derived structure
- epithelium
- material anatomical entity
- neural crest-derived structure
- regional part of brain
- strand of hair
- zone of skin

Object Properties:
- attached to part of
- biomechanically related to
- developmentally induced by
- has plasma membrane part
- skeleton of

Data Properties:
None",,"(anatomical structure, attached to part of, anatomical structure)
(anatomical structure, biomechanically related to, anatomical structure)
(anatomical structure, skeleton of, anatomical structure)
(material anatomical entity, developmentally induced by, material anatomical entity)
(material anatomical entity, has plasma membrane part, material anatomical entity)",3_4,L4,Property Relation Construction,Learning,Generation,triple_f1,Health_Medicine,Health_Medicine/Human_Phenotype_Ontology,bench_health/bench_3_4/Health_Medicine/Human_Phenotype_Ontology/hp/property_hp.json,3,,,,"(anatomical structure, attached to part of, anatomical structure)
(anatomical structure, biomechanically related to, anatomical structure)
(anatomical structure, skeleton of, anatomical structure)
(material anatomical entity, developmentally induced by, material anatomical entity)
(material anatomical entity, has plasma membrane part, material anatomical entity)",,,"[{""characteristics"": [], ""meta"": {""object_iri"": ""http://purl.obolibrary.org/obo/UBERON_0000061"", ""predicate_iri"": ""http://purl.obolibrary.org/obo/RO_0002177"", ""predicate_type"": ""object"", ""subject_iri"": ""http://purl.obolibrary.org/obo/UBERON_0000061""}, ""text"": ""anatomical structure attached to part of anatomical structure."", ""triple"": [""anatomical structure"", ""attached to part of"", ""anatomical structure""]}, {""characteristics"": [], ""meta"": {""object_iri"": ""http://purl.obolibrary.org/obo/UBERON_0000061"", ""predicate_iri"": ""http://purl.obolibrary.org/obo/RO_0002567"", ""predicate_type"": ""object"", ""subject_iri"": ""http://purl.obolibrary.org/obo/UBERON_0000061""}, ""text"": ""anatomical structure biomechanically related to anatomical structure."", ""triple"": [""anatomical structure"", ""biomechanically related to"", ""anatomical structure""]}, {""characteristics"": [], ""meta"": {""object_iri"": ""http://purl.obolibrary.org/obo/UBERON_0000061"", ""predicate_iri"": ""http://purl.obolibrary.org/obo/RO_0002576"", ""predicate_type"": ""object"", ""subject_iri"": ""http://purl.obolibrary.org/obo/UBERON_0000061""}, ""text"": ""anatomical structure skeleton of anatomical structure."", ""triple"": [""anatomical structure"", ""skeleton of"", ""anatomical structure""]}, {""characteristics"": [], ""meta"": {""object_iri"": ""http://purl.obolibrary.org/obo/UBERON_0000465"", ""predicate_iri"": ""http://purl.obolibrary.org/obo/RO_0002256"", ""predicate_type"": ""object"", ""subject_iri"": ""http://purl.obolibrary.org/obo/UBERON_0000465""}, ""text"": ""material anatomical entity developmentally induced by material anatomical entity."", ""triple"": [""material anatomical entity"", ""developmentally induced by"", ""material anatomical entity""]}, {""characteristics"": [], ""meta"": {""object_iri"": ""http://purl.obolibrary.org/obo/UBERON_0000465"", ""predicate_iri"": ""http://purl.obolibrary.org/obo/RO_0002104"", ""predicate_type"": ""object"", ""subject_iri"": ""http://purl.obolibrary.org/obo/UBERON_0000465""}, ""text"": ""material anatomical entity has plasma membrane part material anatomical entity."", ""triple"": [""material anatomical entity"", ""has plasma membrane part"", ""material anatomical entity""]}]","{""health_supplement"": true, ""original_id"": """", ""source_generation_file"": ""bench_health/bench_3_4/Health_Medicine/Human_Phenotype_Ontology/hp/property_hp.json""}"
L4_Health_Medicine_International_Classification_of_Disease_Ontology_property_icdo_00004,"In the International Classification of Disease Ontology, given the following set of classes and properties, construct only object- and data-property relationships. Do not output subClassOf triples. Output only triples in the form (subject, predicate, object).

Classes:
- abscess
- anatomical entity
- atresia entity
- deformity entity
- inflammatory anatomical entity
- keloid entity
- material entity
- ossification entity
- pathological anatomical entity
- scar entity

Object Properties:
- indirectly positively regulates activity of
- indirectly regulates activity of
- represses expression of

Data Properties:
None",,"(material entity, indirectly positively regulates activity of, material entity)
(material entity, indirectly regulates activity of, material entity)
(material entity, represses expression of, material entity)",3_4,L4,Property Relation Construction,Learning,Generation,triple_f1,Health_Medicine,Health_Medicine/International_Classification_of_Disease_Ontology,bench_health/bench_3_4/Health_Medicine/International_Classification_of_Disease_Ontology/icdo/property_icdo.json,3,,,,"(material entity, indirectly positively regulates activity of, material entity)
(material entity, indirectly regulates activity of, material entity)
(material entity, represses expression of, material entity)",,,"[{""characteristics"": [], ""meta"": {""object_iri"": ""http://purl.obolibrary.org/obo/BFO_0000040"", ""predicate_iri"": ""http://purl.obolibrary.org/obo/RO_0011013"", ""predicate_type"": ""object"", ""subject_iri"": ""http://purl.obolibrary.org/obo/BFO_0000040""}, ""text"": ""material entity indirectly positively regulates activity of material entity."", ""triple"": [""material entity"", ""indirectly positively regulates activity of"", ""material entity""]}, {""characteristics"": [], ""meta"": {""object_iri"": ""http://purl.obolibrary.org/obo/BFO_0000040"", ""predicate_iri"": ""http://purl.obolibrary.org/obo/RO_0011004"", ""predicate_type"": ""object"", ""subject_iri"": ""http://purl.obolibrary.org/obo/BFO_0000040""}, ""text"": ""material entity indirectly regulates activity of material entity."", ""triple"": [""material entity"", ""indirectly regulates activity of"", ""material entity""]}, {""characteristics"": [], ""meta"": {""object_iri"": ""http://purl.obolibrary.org/obo/BFO_0000040"", ""predicate_iri"": ""http://purl.obolibrary.org/obo/RO_0003002"", ""predicate_type"": ""object"", ""subject_iri"": ""http://purl.obolibrary.org/obo/BFO_0000040""}, ""text"": ""material entity represses expression of material entity."", ""triple"": [""material entity"", ""represses expression of"", ""material entity""]}]","{""health_supplement"": true, ""original_id"": """", ""source_generation_file"": ""bench_health/bench_3_4/Health_Medicine/International_Classification_of_Disease_Ontology/icdo/property_icdo.json""}"
L4_Health_Medicine_Foundational_Model_of_Anatomy_Ontology_property_fma_00005,"In the Foundational Model of Anatomy Ontology, given the following set of classes and properties, construct only object- and data-property relationships. Do not output subClassOf triples. Output only triples in the form (subject, predicate, object).

Classes:
- Anatomical cluster
- Bone marrow
- Frontal meningeal cluster
- Heterogeneous anatomical cluster
- Mesentery
- Postnatal anatomical structure
- Region of meningeal cluster
- Subdivision of larynx
- Subdivision of pharynx
- Subdivision of thoracic content

Object Properties:
- has insertion
- has origin

Data Properties:
None",,"(Postnatal anatomical structure, has insertion, Postnatal anatomical structure)
(Postnatal anatomical structure, has origin, Postnatal anatomical structure)",3_4,L4,Property Relation Construction,Learning,Generation,triple_f1,Health_Medicine,Health_Medicine/Foundational_Model_of_Anatomy_Ontology,bench_health/bench_3_4/Health_Medicine/Foundational_Model_of_Anatomy_Ontology/fma/property_fma.json,4,,,,"(Postnatal anatomical structure, has insertion, Postnatal anatomical structure)
(Postnatal anatomical structure, has origin, Postnatal anatomical structure)",,,"[{""characteristics"": [], ""meta"": {""object_iri"": ""http://purl.org/sig/ont/fma/fma67135"", ""predicate_iri"": ""http://purl.org/sig/ont/fma/has_insertion"", ""predicate_type"": ""object"", ""subject_iri"": ""http://purl.org/sig/ont/fma/fma67135""}, ""text"": ""Postnatal anatomical structure has insertion Postnatal anatomical structure."", ""triple"": [""Postnatal anatomical structure"", ""has insertion"", ""Postnatal anatomical structure""]}, {""characteristics"": [], ""meta"": {""object_iri"": ""http://purl.org/sig/ont/fma/fma67135"", ""predicate_iri"": ""http://purl.org/sig/ont/fma/has_origin"", ""predicate_type"": ""object"", ""subject_iri"": ""http://purl.org/sig/ont/fma/fma67135""}, ""text"": ""Postnatal anatomical structure has origin Postnatal anatomical structure."", ""triple"": [""Postnatal anatomical structure"", ""has origin"", ""Postnatal anatomical structure""]}]","{""health_supplement"": true, ""original_id"": """", ""source_generation_file"": ""bench_health/bench_3_4/Health_Medicine/Foundational_Model_of_Anatomy_Ontology/fma/property_fma.json""}"
L4_Health_Medicine_Human_Phenotype_Ontology_property_hp_00005,"In the Human Phenotype Ontology, given the following set of classes and properties, construct only object- and data-property relationships. Do not output subClassOf triples. Output only triples in the form (subject, predicate, object).

Classes:
- anatomical structure
- blood vessel
- epithelium
- mesenchyme from somatopleure
- meso-epithelium
- mesoderm-derived structure
- mixed endoderm/mesoderm-derived structure
- multi-tissue structure
- pelvic girdle bone/zone
- serous membrane

Object Properties:
- attached to part of
- biomechanically related to
- skeleton of
- vessel drains blood from
- vessel supplies blood to

Data Properties:
None",,"(anatomical structure, attached to part of, anatomical structure)
(anatomical structure, biomechanically related to, anatomical structure)
(anatomical structure, skeleton of, anatomical structure)
(blood vessel, vessel drains blood from, anatomical structure)
(blood vessel, vessel supplies blood to, anatomical structure)",3_4,L4,Property Relation Construction,Learning,Generation,triple_f1,Health_Medicine,Health_Medicine/Human_Phenotype_Ontology,bench_health/bench_3_4/Health_Medicine/Human_Phenotype_Ontology/hp/property_hp.json,4,,,,"(anatomical structure, attached to part of, anatomical structure)
(anatomical structure, biomechanically related to, anatomical structure)
(anatomical structure, skeleton of, anatomical structure)
(blood vessel, vessel drains blood from, anatomical structure)
(blood vessel, vessel supplies blood to, anatomical structure)",,,"[{""characteristics"": [], ""meta"": {""object_iri"": ""http://purl.obolibrary.org/obo/UBERON_0000061"", ""predicate_iri"": ""http://purl.obolibrary.org/obo/RO_0002177"", ""predicate_type"": ""object"", ""subject_iri"": ""http://purl.obolibrary.org/obo/UBERON_0000061""}, ""text"": ""anatomical structure attached to part of anatomical structure."", ""triple"": [""anatomical structure"", ""attached to part of"", ""anatomical structure""]}, {""characteristics"": [], ""meta"": {""object_iri"": ""http://purl.obolibrary.org/obo/UBERON_0000061"", ""predicate_iri"": ""http://purl.obolibrary.org/obo/RO_0002567"", ""predicate_type"": ""object"", ""subject_iri"": ""http://purl.obolibrary.org/obo/UBERON_0000061""}, ""text"": ""anatomical structure biomechanically related to anatomical structure."", ""triple"": [""anatomical structure"", ""biomechanically related to"", ""anatomical structure""]}, {""characteristics"": [], ""meta"": {""object_iri"": ""http://purl.obolibrary.org/obo/UBERON_0000061"", ""predicate_iri"": ""http://purl.obolibrary.org/obo/RO_0002576"", ""predicate_type"": ""object"", ""subject_iri"": ""http://purl.obolibrary.org/obo/UBERON_0000061""}, ""text"": ""anatomical structure skeleton of anatomical structure."", ""triple"": [""anatomical structure"", ""skeleton of"", ""anatomical structure""]}, {""characteristics"": [], ""meta"": {""object_iri"": ""http://purl.obolibrary.org/obo/UBERON_0000061"", ""predicate_iri"": ""http://purl.obolibrary.org/obo/RO_0020102"", ""predicate_type"": ""object"", ""subject_iri"": ""http://purl.obolibrary.org/obo/UBERON_0001981""}, ""text"": ""blood vessel vessel drains blood from anatomical structure."", ""triple"": [""blood vessel"", ""vessel drains blood from"", ""anatomical structure""]}, {""characteristics"": [], ""meta"": {""object_iri"": ""http://purl.obolibrary.org/obo/UBERON_0000061"", ""predicate_iri"": ""http://purl.obolibrary.org/obo/RO_0020101"", ""predicate_type"": ""object"", ""subject_iri"": ""http://purl.obolibrary.org/obo/UBERON_0001981""}, ""text"": ""blood vessel vessel supplies blood to anatomical structure."", ""triple"": [""blood vessel"", ""vessel supplies blood to"", ""anatomical structure""]}]","{""health_supplement"": true, ""original_id"": """", ""source_generation_file"": ""bench_health/bench_3_4/Health_Medicine/Human_Phenotype_Ontology/hp/property_hp.json""}"
L4_Health_Medicine_International_Classification_of_Disease_Ontology_property_icdo_00005,"In the International Classification of Disease Ontology, given the following set of classes and properties, construct only object- and data-property relationships. Do not output subClassOf triples. Output only triples in the form (subject, predicate, object).

Classes:
- abscess
- anatomical entity
- atresia entity
- cholesteatoma entity
- deformity entity
- inflammatory anatomical entity
- material entity
- ossification entity
- pathological anatomical entity
- scar entity

Object Properties:
- indirectly positively regulates activity of
- indirectly regulates activity of
- represses expression of

Data Properties:
None",,"(material entity, indirectly positively regulates activity of, material entity)
(material entity, indirectly regulates activity of, material entity)
(material entity, represses expression of, material entity)",3_4,L4,Property Relation Construction,Learning,Generation,triple_f1,Health_Medicine,Health_Medicine/International_Classification_of_Disease_Ontology,bench_health/bench_3_4/Health_Medicine/International_Classification_of_Disease_Ontology/icdo/property_icdo.json,4,,,,"(material entity, indirectly positively regulates activity of, material entity)
(material entity, indirectly regulates activity of, material entity)
(material entity, represses expression of, material entity)",,,"[{""characteristics"": [], ""meta"": {""object_iri"": ""http://purl.obolibrary.org/obo/BFO_0000040"", ""predicate_iri"": ""http://purl.obolibrary.org/obo/RO_0011013"", ""predicate_type"": ""object"", ""subject_iri"": ""http://purl.obolibrary.org/obo/BFO_0000040""}, ""text"": ""material entity indirectly positively regulates activity of material entity."", ""triple"": [""material entity"", ""indirectly positively regulates activity of"", ""material entity""]}, {""characteristics"": [], ""meta"": {""object_iri"": ""http://purl.obolibrary.org/obo/BFO_0000040"", ""predicate_iri"": ""http://purl.obolibrary.org/obo/RO_0011004"", ""predicate_type"": ""object"", ""subject_iri"": ""http://purl.obolibrary.org/obo/BFO_0000040""}, ""text"": ""material entity indirectly regulates activity of material entity."", ""triple"": [""material entity"", ""indirectly regulates activity of"", ""material entity""]}, {""characteristics"": [], ""meta"": {""object_iri"": ""http://purl.obolibrary.org/obo/BFO_0000040"", ""predicate_iri"": ""http://purl.obolibrary.org/obo/RO_0003002"", ""predicate_type"": ""object"", ""subject_iri"": ""http://purl.obolibrary.org/obo/BFO_0000040""}, ""text"": ""material entity represses expression of material entity."", ""triple"": [""material entity"", ""represses expression of"", ""material entity""]}]","{""health_supplement"": true, ""original_id"": """", ""source_generation_file"": ""bench_health/bench_3_4/Health_Medicine/International_Classification_of_Disease_Ontology/icdo/property_icdo.json""}"
L4_Health_Medicine_Foundational_Model_of_Anatomy_Ontology_property_fma_00006,"In the Foundational Model of Anatomy Ontology, given the following set of classes and properties, construct only object- and data-property relationships. Do not output subClassOf triples. Output only triples in the form (subject, predicate, object).

Classes:
- Anatomical cluster
- Bone marrow
- Clado ligament
- Heterogeneous anatomical cluster
- Mesentery
- Postnatal anatomical structure
- Region of meningeal cluster
- Subdivision of larynx
- Subdivision of pharynx
- Subdivision of thoracic content

Object Properties:
- has insertion
- has origin

Data Properties:
None",,"(Postnatal anatomical structure, has insertion, Postnatal anatomical structure)
(Postnatal anatomical structure, has origin, Postnatal anatomical structure)",3_4,L4,Property Relation Construction,Learning,Generation,triple_f1,Health_Medicine,Health_Medicine/Foundational_Model_of_Anatomy_Ontology,bench_health/bench_3_4/Health_Medicine/Foundational_Model_of_Anatomy_Ontology/fma/property_fma.json,5,,,,"(Postnatal anatomical structure, has insertion, Postnatal anatomical structure)
(Postnatal anatomical structure, has origin, Postnatal anatomical structure)",,,"[{""characteristics"": [], ""meta"": {""object_iri"": ""http://purl.org/sig/ont/fma/fma67135"", ""predicate_iri"": ""http://purl.org/sig/ont/fma/has_insertion"", ""predicate_type"": ""object"", ""subject_iri"": ""http://purl.org/sig/ont/fma/fma67135""}, ""text"": ""Postnatal anatomical structure has insertion Postnatal anatomical structure."", ""triple"": [""Postnatal anatomical structure"", ""has insertion"", ""Postnatal anatomical structure""]}, {""characteristics"": [], ""meta"": {""object_iri"": ""http://purl.org/sig/ont/fma/fma67135"", ""predicate_iri"": ""http://purl.org/sig/ont/fma/has_origin"", ""predicate_type"": ""object"", ""subject_iri"": ""http://purl.org/sig/ont/fma/fma67135""}, ""text"": ""Postnatal anatomical structure has origin Postnatal anatomical structure."", ""triple"": [""Postnatal anatomical structure"", ""has origin"", ""Postnatal anatomical structure""]}]","{""health_supplement"": true, ""original_id"": """", ""source_generation_file"": ""bench_health/bench_3_4/Health_Medicine/Foundational_Model_of_Anatomy_Ontology/fma/property_fma.json""}"
L4_Health_Medicine_Human_Phenotype_Ontology_property_hp_00006,"In the Human Phenotype Ontology, given the following set of classes and properties, construct only object- and data-property relationships. Do not output subClassOf triples. Output only triples in the form (subject, predicate, object).

Classes:
- anatomical structure
- blood vessel
- endoderm-derived structure
- material anatomical entity
- mesenchyme from somatopleure
- meso-epithelium
- mesoderm-derived structure
- mixed endoderm/mesoderm-derived structure
- pelvic girdle bone/zone
- serous membrane

Object Properties:
- attached to part of
- biomechanically related to
- developmentally induced by
- has plasma membrane part
- skeleton of
- vessel drains blood from
- vessel supplies blood to

Data Properties:
None",,"(anatomical structure, attached to part of, anatomical structure)
(anatomical structure, biomechanically related to, anatomical structure)
(anatomical structure, skeleton of, anatomical structure)
(blood vessel, vessel drains blood from, anatomical structure)
(blood vessel, vessel supplies blood to, anatomical structure)
(material anatomical entity, developmentally induced by, material anatomical entity)
(material anatomical entity, has plasma membrane part, material anatomical entity)",3_4,L4,Property Relation Construction,Learning,Generation,triple_f1,Health_Medicine,Health_Medicine/Human_Phenotype_Ontology,bench_health/bench_3_4/Health_Medicine/Human_Phenotype_Ontology/hp/property_hp.json,5,,,,"(anatomical structure, attached to part of, anatomical structure)
(anatomical structure, biomechanically related to, anatomical structure)
(anatomical structure, skeleton of, anatomical structure)
(blood vessel, vessel drains blood from, anatomical structure)
(blood vessel, vessel supplies blood to, anatomical structure)
(material anatomical entity, developmentally induced by, material anatomical entity)
(material anatomical entity, has plasma membrane part, material anatomical entity)",,,"[{""characteristics"": [], ""meta"": {""object_iri"": ""http://purl.obolibrary.org/obo/UBERON_0000061"", ""predicate_iri"": ""http://purl.obolibrary.org/obo/RO_0002177"", ""predicate_type"": ""object"", ""subject_iri"": ""http://purl.obolibrary.org/obo/UBERON_0000061""}, ""text"": ""anatomical structure attached to part of anatomical structure."", ""triple"": [""anatomical structure"", ""attached to part of"", ""anatomical structure""]}, {""characteristics"": [], ""meta"": {""object_iri"": ""http://purl.obolibrary.org/obo/UBERON_0000061"", ""predicate_iri"": ""http://purl.obolibrary.org/obo/RO_0002567"", ""predicate_type"": ""object"", ""subject_iri"": ""http://purl.obolibrary.org/obo/UBERON_0000061""}, ""text"": ""anatomical structure biomechanically related to anatomical structure."", ""triple"": [""anatomical structure"", ""biomechanically related to"", ""anatomical structure""]}, {""characteristics"": [], ""meta"": {""object_iri"": ""http://purl.obolibrary.org/obo/UBERON_0000061"", ""predicate_iri"": ""http://purl.obolibrary.org/obo/RO_0002576"", ""predicate_type"": ""object"", ""subject_iri"": ""http://purl.obolibrary.org/obo/UBERON_0000061""}, ""text"": ""anatomical structure skeleton of anatomical structure."", ""triple"": [""anatomical structure"", ""skeleton of"", ""anatomical structure""]}, {""characteristics"": [], ""meta"": {""object_iri"": ""http://purl.obolibrary.org/obo/UBERON_0000061"", ""predicate_iri"": ""http://purl.obolibrary.org/obo/RO_0020102"", ""predicate_type"": ""object"", ""subject_iri"": ""http://purl.obolibrary.org/obo/UBERON_0001981""}, ""text"": ""blood vessel vessel drains blood from anatomical structure."", ""triple"": [""blood vessel"", ""vessel drains blood from"", ""anatomical structure""]}, {""characteristics"": [], ""meta"": {""object_iri"": ""http://purl.obolibrary.org/obo/UBERON_0000061"", ""predicate_iri"": ""http://purl.obolibrary.org/obo/RO_0020101"", ""predicate_type"": ""object"", ""subject_iri"": ""http://purl.obolibrary.org/obo/UBERON_0001981""}, ""text"": ""blood vessel vessel supplies blood to anatomical structure."", ""triple"": [""blood vessel"", ""vessel supplies blood to"", ""anatomical structure""]}, {""characteristics"": [], ""meta"": {""object_iri"": ""http://purl.obolibrary.org/obo/UBERON_0000465"", ""predicate_iri"": ""http://purl.obolibrary.org/obo/RO_0002256"", ""predicate_type"": ""object"", ""subject_iri"": ""http://purl.obolibrary.org/obo/UBERON_0000465""}, ""text"": ""material anatomical entity developmentally induced by material anatomical entity."", ""triple"": [""material anatomical entity"", ""developmentally induced by"", ""material anatomical entity""]}, {""characteristics"": [], ""meta"": {""object_iri"": ""http://purl.obolibrary.org/obo/UBERON_0000465"", ""predicate_iri"": ""http://purl.obolibrary.org/obo/RO_0002104"", ""predicate_type"": ""object"", ""subject_iri"": ""http://purl.obolibrary.org/obo/UBERON_0000465""}, ""text"": ""material anatomical entity has plasma membrane part material anatomical entity."", ""triple"": [""material anatomical entity"", ""has plasma membrane part"", ""material anatomical entity""]}]","{""health_supplement"": true, ""original_id"": """", ""source_generation_file"": ""bench_health/bench_3_4/Health_Medicine/Human_Phenotype_Ontology/hp/property_hp.json""}"
L4_Health_Medicine_International_Classification_of_Disease_Ontology_property_icdo_00006,"In the International Classification of Disease Ontology, given the following set of classes and properties, construct only object- and data-property relationships. Do not output subClassOf triples. Output only triples in the form (subject, predicate, object).

Classes:
- abscess
- anatomical entity
- atresia entity
- carbuncle
- deformity entity
- inflammatory anatomical entity
- material entity
- ossification entity
- pathological anatomical entity
- scar entity

Object Properties:
- indirectly positively regulates activity of
- indirectly regulates activity of
- represses expression of

Data Properties:
None",,"(material entity, indirectly positively regulates activity of, material entity)
(material entity, indirectly regulates activity of, material entity)
(material entity, represses expression of, material entity)",3_4,L4,Property Relation Construction,Learning,Generation,triple_f1,Health_Medicine,Health_Medicine/International_Classification_of_Disease_Ontology,bench_health/bench_3_4/Health_Medicine/International_Classification_of_Disease_Ontology/icdo/property_icdo.json,5,,,,"(material entity, indirectly positively regulates activity of, material entity)
(material entity, indirectly regulates activity of, material entity)
(material entity, represses expression of, material entity)",,,"[{""characteristics"": [], ""meta"": {""object_iri"": ""http://purl.obolibrary.org/obo/BFO_0000040"", ""predicate_iri"": ""http://purl.obolibrary.org/obo/RO_0011013"", ""predicate_type"": ""object"", ""subject_iri"": ""http://purl.obolibrary.org/obo/BFO_0000040""}, ""text"": ""material entity indirectly positively regulates activity of material entity."", ""triple"": [""material entity"", ""indirectly positively regulates activity of"", ""material entity""]}, {""characteristics"": [], ""meta"": {""object_iri"": ""http://purl.obolibrary.org/obo/BFO_0000040"", ""predicate_iri"": ""http://purl.obolibrary.org/obo/RO_0011004"", ""predicate_type"": ""object"", ""subject_iri"": ""http://purl.obolibrary.org/obo/BFO_0000040""}, ""text"": ""material entity indirectly regulates activity of material entity."", ""triple"": [""material entity"", ""indirectly regulates activity of"", ""material entity""]}, {""characteristics"": [], ""meta"": {""object_iri"": ""http://purl.obolibrary.org/obo/BFO_0000040"", ""predicate_iri"": ""http://purl.obolibrary.org/obo/RO_0003002"", ""predicate_type"": ""object"", ""subject_iri"": ""http://purl.obolibrary.org/obo/BFO_0000040""}, ""text"": ""material entity represses expression of material entity."", ""triple"": [""material entity"", ""represses expression of"", ""material entity""]}]","{""health_supplement"": true, ""original_id"": """", ""source_generation_file"": ""bench_health/bench_3_4/Health_Medicine/International_Classification_of_Disease_Ontology/icdo/property_icdo.json""}"
L4_Health_Medicine_Foundational_Model_of_Anatomy_Ontology_property_fma_00007,"In the Foundational Model of Anatomy Ontology, given the following set of classes and properties, construct only object- and data-property relationships. Do not output subClassOf triples. Output only triples in the form (subject, predicate, object).

Classes:
- Anatomical cluster
- Bone marrow
- Bone marrow of part of bone
- Heterogeneous anatomical cluster
- Mesentery
- Postnatal anatomical structure
- Region of meningeal cluster
- Subdivision of larynx
- Subdivision of pharynx
- Subdivision of thoracic content

Object Properties:
- has insertion
- has origin

Data Properties:
None",,"(Postnatal anatomical structure, has insertion, Postnatal anatomical structure)
(Postnatal anatomical structure, has origin, Postnatal anatomical structure)",3_4,L4,Property Relation Construction,Learning,Generation,triple_f1,Health_Medicine,Health_Medicine/Foundational_Model_of_Anatomy_Ontology,bench_health/bench_3_4/Health_Medicine/Foundational_Model_of_Anatomy_Ontology/fma/property_fma.json,6,,,,"(Postnatal anatomical structure, has insertion, Postnatal anatomical structure)
(Postnatal anatomical structure, has origin, Postnatal anatomical structure)",,,"[{""characteristics"": [], ""meta"": {""object_iri"": ""http://purl.org/sig/ont/fma/fma67135"", ""predicate_iri"": ""http://purl.org/sig/ont/fma/has_insertion"", ""predicate_type"": ""object"", ""subject_iri"": ""http://purl.org/sig/ont/fma/fma67135""}, ""text"": ""Postnatal anatomical structure has insertion Postnatal anatomical structure."", ""triple"": [""Postnatal anatomical structure"", ""has insertion"", ""Postnatal anatomical structure""]}, {""characteristics"": [], ""meta"": {""object_iri"": ""http://purl.org/sig/ont/fma/fma67135"", ""predicate_iri"": ""http://purl.org/sig/ont/fma/has_origin"", ""predicate_type"": ""object"", ""subject_iri"": ""http://purl.org/sig/ont/fma/fma67135""}, ""text"": ""Postnatal anatomical structure has origin Postnatal anatomical structure."", ""triple"": [""Postnatal anatomical structure"", ""has origin"", ""Postnatal anatomical structure""]}]","{""health_supplement"": true, ""original_id"": """", ""source_generation_file"": ""bench_health/bench_3_4/Health_Medicine/Foundational_Model_of_Anatomy_Ontology/fma/property_fma.json""}"
L4_Health_Medicine_Human_Phenotype_Ontology_property_hp_00007,"In the Human Phenotype Ontology, given the following set of classes and properties, construct only object- and data-property relationships. Do not output subClassOf triples. Output only triples in the form (subject, predicate, object).

Classes:
- anatomical structure
- auditory ossicle endochondral element
- calcareous tooth
- ectoderm-derived structure
- facial bone
- mesenchyme derived from neural crest
- neural crest-derived structure
- structure with developmental contribution from neural crest
- tooth of lower jaw
- tooth of upper jaw

Object Properties:
- attached to part of
- biomechanically related to
- skeleton of

Data Properties:
None",,"(anatomical structure, attached to part of, anatomical structure)
(anatomical structure, biomechanically related to, anatomical structure)
(anatomical structure, skeleton of, anatomical structure)",3_4,L4,Property Relation Construction,Learning,Generation,triple_f1,Health_Medicine,Health_Medicine/Human_Phenotype_Ontology,bench_health/bench_3_4/Health_Medicine/Human_Phenotype_Ontology/hp/property_hp.json,6,,,,"(anatomical structure, attached to part of, anatomical structure)
(anatomical structure, biomechanically related to, anatomical structure)
(anatomical structure, skeleton of, anatomical structure)",,,"[{""characteristics"": [], ""meta"": {""object_iri"": ""http://purl.obolibrary.org/obo/UBERON_0000061"", ""predicate_iri"": ""http://purl.obolibrary.org/obo/RO_0002177"", ""predicate_type"": ""object"", ""subject_iri"": ""http://purl.obolibrary.org/obo/UBERON_0000061""}, ""text"": ""anatomical structure attached to part of anatomical structure."", ""triple"": [""anatomical structure"", ""attached to part of"", ""anatomical structure""]}, {""characteristics"": [], ""meta"": {""object_iri"": ""http://purl.obolibrary.org/obo/UBERON_0000061"", ""predicate_iri"": ""http://purl.obolibrary.org/obo/RO_0002567"", ""predicate_type"": ""object"", ""subject_iri"": ""http://purl.obolibrary.org/obo/UBERON_0000061""}, ""text"": ""anatomical structure biomechanically related to anatomical structure."", ""triple"": [""anatomical structure"", ""biomechanically related to"", ""anatomical structure""]}, {""characteristics"": [], ""meta"": {""object_iri"": ""http://purl.obolibrary.org/obo/UBERON_0000061"", ""predicate_iri"": ""http://purl.obolibrary.org/obo/RO_0002576"", ""predicate_type"": ""object"", ""subject_iri"": ""http://purl.obolibrary.org/obo/UBERON_0000061""}, ""text"": ""anatomical structure skeleton of anatomical structure."", ""triple"": [""anatomical structure"", ""skeleton of"", ""anatomical structure""]}]","{""health_supplement"": true, ""original_id"": """", ""source_generation_file"": ""bench_health/bench_3_4/Health_Medicine/Human_Phenotype_Ontology/hp/property_hp.json""}"
L4_Health_Medicine_International_Classification_of_Disease_Ontology_property_icdo_00007,"In the International Classification of Disease Ontology, given the following set of classes and properties, construct only object- and data-property relationships. Do not output subClassOf triples. Output only triples in the form (subject, predicate, object).

Classes:
- abscess
- anatomical entity
- atresia entity
- carbuncle
- deformity entity
- inflammatory anatomical entity
- material entity
- ossification entity
- pathological anatomical entity
- scar entity

Object Properties:
- indirectly positively regulates activity of
- indirectly regulates activity of
- represses expression of

Data Properties:
None",,"(material entity, indirectly positively regulates activity of, material entity)
(material entity, indirectly regulates activity of, material entity)
(material entity, represses expression of, material entity)",3_4,L4,Property Relation Construction,Learning,Generation,triple_f1,Health_Medicine,Health_Medicine/International_Classification_of_Disease_Ontology,bench_health/bench_3_4/Health_Medicine/International_Classification_of_Disease_Ontology/icdo/property_icdo.json,6,,,,"(material entity, indirectly positively regulates activity of, material entity)
(material entity, indirectly regulates activity of, material entity)
(material entity, represses expression of, material entity)",,,"[{""characteristics"": [], ""meta"": {""object_iri"": ""http://purl.obolibrary.org/obo/BFO_0000040"", ""predicate_iri"": ""http://purl.obolibrary.org/obo/RO_0011013"", ""predicate_type"": ""object"", ""subject_iri"": ""http://purl.obolibrary.org/obo/BFO_0000040""}, ""text"": ""material entity indirectly positively regulates activity of material entity."", ""triple"": [""material entity"", ""indirectly positively regulates activity of"", ""material entity""]}, {""characteristics"": [], ""meta"": {""object_iri"": ""http://purl.obolibrary.org/obo/BFO_0000040"", ""predicate_iri"": ""http://purl.obolibrary.org/obo/RO_0011004"", ""predicate_type"": ""object"", ""subject_iri"": ""http://purl.obolibrary.org/obo/BFO_0000040""}, ""text"": ""material entity indirectly regulates activity of material entity."", ""triple"": [""material entity"", ""indirectly regulates activity of"", ""material entity""]}, {""characteristics"": [], ""meta"": {""object_iri"": ""http://purl.obolibrary.org/obo/BFO_0000040"", ""predicate_iri"": ""http://purl.obolibrary.org/obo/RO_0003002"", ""predicate_type"": ""object"", ""subject_iri"": ""http://purl.obolibrary.org/obo/BFO_0000040""}, ""text"": ""material entity represses expression of material entity."", ""triple"": [""material entity"", ""represses expression of"", ""material entity""]}]","{""health_supplement"": true, ""original_id"": """", ""source_generation_file"": ""bench_health/bench_3_4/Health_Medicine/International_Classification_of_Disease_Ontology/icdo/property_icdo.json""}"
L4_Health_Medicine_Foundational_Model_of_Anatomy_Ontology_property_fma_00008,"In the Foundational Model of Anatomy Ontology, given the following set of classes and properties, construct only object- and data-property relationships. Do not output subClassOf triples. Output only triples in the form (subject, predicate, object).

Classes:
- Anatomical cluster
- Bone marrow
- Content of posterior mediastinum
- Heterogeneous anatomical cluster
- Mesentery
- Postnatal anatomical structure
- Region of meningeal cluster
- Subdivision of larynx
- Subdivision of pharynx
- Subdivision of thoracic content

Object Properties:
- has insertion
- has origin

Data Properties:
None",,"(Postnatal anatomical structure, has insertion, Postnatal anatomical structure)
(Postnatal anatomical structure, has origin, Postnatal anatomical structure)",3_4,L4,Property Relation Construction,Learning,Generation,triple_f1,Health_Medicine,Health_Medicine/Foundational_Model_of_Anatomy_Ontology,bench_health/bench_3_4/Health_Medicine/Foundational_Model_of_Anatomy_Ontology/fma/property_fma.json,7,,,,"(Postnatal anatomical structure, has insertion, Postnatal anatomical structure)
(Postnatal anatomical structure, has origin, Postnatal anatomical structure)",,,"[{""characteristics"": [], ""meta"": {""object_iri"": ""http://purl.org/sig/ont/fma/fma67135"", ""predicate_iri"": ""http://purl.org/sig/ont/fma/has_insertion"", ""predicate_type"": ""object"", ""subject_iri"": ""http://purl.org/sig/ont/fma/fma67135""}, ""text"": ""Postnatal anatomical structure has insertion Postnatal anatomical structure."", ""triple"": [""Postnatal anatomical structure"", ""has insertion"", ""Postnatal anatomical structure""]}, {""characteristics"": [], ""meta"": {""object_iri"": ""http://purl.org/sig/ont/fma/fma67135"", ""predicate_iri"": ""http://purl.org/sig/ont/fma/has_origin"", ""predicate_type"": ""object"", ""subject_iri"": ""http://purl.org/sig/ont/fma/fma67135""}, ""text"": ""Postnatal anatomical structure has origin Postnatal anatomical structure."", ""triple"": [""Postnatal anatomical structure"", ""has origin"", ""Postnatal anatomical structure""]}]","{""health_supplement"": true, ""original_id"": """", ""source_generation_file"": ""bench_health/bench_3_4/Health_Medicine/Foundational_Model_of_Anatomy_Ontology/fma/property_fma.json""}"
L4_Health_Medicine_Human_Phenotype_Ontology_property_hp_00008,"In the Human Phenotype Ontology, given the following set of classes and properties, construct only object- and data-property relationships. Do not output subClassOf triples. Output only triples in the form (subject, predicate, object).

Classes:
- anatomical structure
- bile duct
- endo-epithelium
- endoderm-derived structure
- laryngeal cartilage
- material anatomical entity
- mixed endoderm/mesoderm-derived structure
- respiratory tube
- taste bud
- tube

Object Properties:
- attached to part of
- biomechanically related to
- developmentally induced by
- has plasma membrane part
- skeleton of

Data Properties:
None",,"(anatomical structure, attached to part of, anatomical structure)
(anatomical structure, biomechanically related to, anatomical structure)
(anatomical structure, skeleton of, anatomical structure)
(material anatomical entity, developmentally induced by, material anatomical entity)
(material anatomical entity, has plasma membrane part, material anatomical entity)",3_4,L4,Property Relation Construction,Learning,Generation,triple_f1,Health_Medicine,Health_Medicine/Human_Phenotype_Ontology,bench_health/bench_3_4/Health_Medicine/Human_Phenotype_Ontology/hp/property_hp.json,7,,,,"(anatomical structure, attached to part of, anatomical structure)
(anatomical structure, biomechanically related to, anatomical structure)
(anatomical structure, skeleton of, anatomical structure)
(material anatomical entity, developmentally induced by, material anatomical entity)
(material anatomical entity, has plasma membrane part, material anatomical entity)",,,"[{""characteristics"": [], ""meta"": {""object_iri"": ""http://purl.obolibrary.org/obo/UBERON_0000061"", ""predicate_iri"": ""http://purl.obolibrary.org/obo/RO_0002177"", ""predicate_type"": ""object"", ""subject_iri"": ""http://purl.obolibrary.org/obo/UBERON_0000061""}, ""text"": ""anatomical structure attached to part of anatomical structure."", ""triple"": [""anatomical structure"", ""attached to part of"", ""anatomical structure""]}, {""characteristics"": [], ""meta"": {""object_iri"": ""http://purl.obolibrary.org/obo/UBERON_0000061"", ""predicate_iri"": ""http://purl.obolibrary.org/obo/RO_0002567"", ""predicate_type"": ""object"", ""subject_iri"": ""http://purl.obolibrary.org/obo/UBERON_0000061""}, ""text"": ""anatomical structure biomechanically related to anatomical structure."", ""triple"": [""anatomical structure"", ""biomechanically related to"", ""anatomical structure""]}, {""characteristics"": [], ""meta"": {""object_iri"": ""http://purl.obolibrary.org/obo/UBERON_0000061"", ""predicate_iri"": ""http://purl.obolibrary.org/obo/RO_0002576"", ""predicate_type"": ""object"", ""subject_iri"": ""http://purl.obolibrary.org/obo/UBERON_0000061""}, ""text"": ""anatomical structure skeleton of anatomical structure."", ""triple"": [""anatomical structure"", ""skeleton of"", ""anatomical structure""]}, {""characteristics"": [], ""meta"": {""object_iri"": ""http://purl.obolibrary.org/obo/UBERON_0000465"", ""predicate_iri"": ""http://purl.obolibrary.org/obo/RO_0002256"", ""predicate_type"": ""object"", ""subject_iri"": ""http://purl.obolibrary.org/obo/UBERON_0000465""}, ""text"": ""material anatomical entity developmentally induced by material anatomical entity."", ""triple"": [""material anatomical entity"", ""developmentally induced by"", ""material anatomical entity""]}, {""characteristics"": [], ""meta"": {""object_iri"": ""http://purl.obolibrary.org/obo/UBERON_0000465"", ""predicate_iri"": ""http://purl.obolibrary.org/obo/RO_0002104"", ""predicate_type"": ""object"", ""subject_iri"": ""http://purl.obolibrary.org/obo/UBERON_0000465""}, ""text"": ""material anatomical entity has plasma membrane part material anatomical entity."", ""triple"": [""material anatomical entity"", ""has plasma membrane part"", ""material anatomical entity""]}]","{""health_supplement"": true, ""original_id"": """", ""source_generation_file"": ""bench_health/bench_3_4/Health_Medicine/Human_Phenotype_Ontology/hp/property_hp.json""}"
L4_Health_Medicine_Human_Phenotype_Ontology_property_hp_00009,"In the Human Phenotype Ontology, given the following set of classes and properties, construct only object- and data-property relationships. Do not output subClassOf triples. Output only triples in the form (subject, predicate, object).

Classes:
- anatomical structure
- anatomical wall
- multicellular anatomical structure
- organ component layer
- organ part
- organ subunit
- sclera
- stroma
- subdivision of tube
- zone of organ

Object Properties:
- attached to part of
- biomechanically related to
- skeleton of

Data Properties:
None",,"(anatomical structure, attached to part of, anatomical structure)
(anatomical structure, biomechanically related to, anatomical structure)
(anatomical structure, skeleton of, anatomical structure)",3_4,L4,Property Relation Construction,Learning,Generation,triple_f1,Health_Medicine,Health_Medicine/Human_Phenotype_Ontology,bench_health/bench_3_4/Health_Medicine/Human_Phenotype_Ontology/hp/property_hp.json,8,,,,"(anatomical structure, attached to part of, anatomical structure)
(anatomical structure, biomechanically related to, anatomical structure)
(anatomical structure, skeleton of, anatomical structure)",,,"[{""characteristics"": [], ""meta"": {""object_iri"": ""http://purl.obolibrary.org/obo/UBERON_0000061"", ""predicate_iri"": ""http://purl.obolibrary.org/obo/RO_0002177"", ""predicate_type"": ""object"", ""subject_iri"": ""http://purl.obolibrary.org/obo/UBERON_0000061""}, ""text"": ""anatomical structure attached to part of anatomical structure."", ""triple"": [""anatomical structure"", ""attached to part of"", ""anatomical structure""]}, {""characteristics"": [], ""meta"": {""object_iri"": ""http://purl.obolibrary.org/obo/UBERON_0000061"", ""predicate_iri"": ""http://purl.obolibrary.org/obo/RO_0002567"", ""predicate_type"": ""object"", ""subject_iri"": ""http://purl.obolibrary.org/obo/UBERON_0000061""}, ""text"": ""anatomical structure biomechanically related to anatomical structure."", ""triple"": [""anatomical structure"", ""biomechanically related to"", ""anatomical structure""]}, {""characteristics"": [], ""meta"": {""object_iri"": ""http://purl.obolibrary.org/obo/UBERON_0000061"", ""predicate_iri"": ""http://purl.obolibrary.org/obo/RO_0002576"", ""predicate_type"": ""object"", ""subject_iri"": ""http://purl.obolibrary.org/obo/UBERON_0000061""}, ""text"": ""anatomical structure skeleton of anatomical structure."", ""triple"": [""anatomical structure"", ""skeleton of"", ""anatomical structure""]}]","{""health_supplement"": true, ""original_id"": """", ""source_generation_file"": ""bench_health/bench_3_4/Health_Medicine/Human_Phenotype_Ontology/hp/property_hp.json""}"
L4_Health_Medicine_Human_Phenotype_Ontology_property_hp_00010,"In the Human Phenotype Ontology, given the following set of classes and properties, construct only object- and data-property relationships. Do not output subClassOf triples. Output only triples in the form (subject, predicate, object).

Classes:
- apical ectodermal ridge
- developing anatomical structure
- embryonic structure
- endocardial cushion
- material anatomical entity
- neural fold
- paired limb/fin field
- pectoral appendage apical ectodermal ridge
- pharyngeal pouch
- presumptive structure

Object Properties:
- developmentally induced by
- has plasma membrane part

Data Properties:
None",,"(material anatomical entity, developmentally induced by, material anatomical entity)
(material anatomical entity, has plasma membrane part, material anatomical entity)",3_4,L4,Property Relation Construction,Learning,Generation,triple_f1,Health_Medicine,Health_Medicine/Human_Phenotype_Ontology,bench_health/bench_3_4/Health_Medicine/Human_Phenotype_Ontology/hp/property_hp.json,9,,,,"(material anatomical entity, developmentally induced by, material anatomical entity)
(material anatomical entity, has plasma membrane part, material anatomical entity)",,,"[{""characteristics"": [], ""meta"": {""object_iri"": ""http://purl.obolibrary.org/obo/UBERON_0000465"", ""predicate_iri"": ""http://purl.obolibrary.org/obo/RO_0002256"", ""predicate_type"": ""object"", ""subject_iri"": ""http://purl.obolibrary.org/obo/UBERON_0000465""}, ""text"": ""material anatomical entity developmentally induced by material anatomical entity."", ""triple"": [""material anatomical entity"", ""developmentally induced by"", ""material anatomical entity""]}, {""characteristics"": [], ""meta"": {""object_iri"": ""http://purl.obolibrary.org/obo/UBERON_0000465"", ""predicate_iri"": ""http://purl.obolibrary.org/obo/RO_0002104"", ""predicate_type"": ""object"", ""subject_iri"": ""http://purl.obolibrary.org/obo/UBERON_0000465""}, ""text"": ""material anatomical entity has plasma membrane part material anatomical entity."", ""triple"": [""material anatomical entity"", ""has plasma membrane part"", ""material anatomical entity""]}]","{""health_supplement"": true, ""original_id"": """", ""source_generation_file"": ""bench_health/bench_3_4/Health_Medicine/Human_Phenotype_Ontology/hp/property_hp.json""}"
L4_Health_Medicine_Human_Phenotype_Ontology_property_hp_00011,"In the Human Phenotype Ontology, given the following set of classes and properties, construct only object- and data-property relationships. Do not output subClassOf triples. Output only triples in the form (subject, predicate, object).

Classes:
- anatomical structure
- auditory ossicle endochondral element
- calcareous tooth
- ectoderm-derived structure
- facial bone
- mesenchyme derived from neural crest
- neural crest-derived structure
- structure with developmental contribution from neural crest
- tooth of lower jaw
- tooth of upper jaw

Object Properties:
- attached to part of
- biomechanically related to
- skeleton of

Data Properties:
None",,"(anatomical structure, attached to part of, anatomical structure)
(anatomical structure, biomechanically related to, anatomical structure)
(anatomical structure, skeleton of, anatomical structure)",3_4,L4,Property Relation Construction,Learning,Generation,triple_f1,Health_Medicine,Health_Medicine/Human_Phenotype_Ontology,bench_health/bench_3_4/Health_Medicine/Human_Phenotype_Ontology/hp/property_hp.json,10,,,,"(anatomical structure, attached to part of, anatomical structure)
(anatomical structure, biomechanically related to, anatomical structure)
(anatomical structure, skeleton of, anatomical structure)",,,"[{""characteristics"": [], ""meta"": {""object_iri"": ""http://purl.obolibrary.org/obo/UBERON_0000061"", ""predicate_iri"": ""http://purl.obolibrary.org/obo/RO_0002177"", ""predicate_type"": ""object"", ""subject_iri"": ""http://purl.obolibrary.org/obo/UBERON_0000061""}, ""text"": ""anatomical structure attached to part of anatomical structure."", ""triple"": [""anatomical structure"", ""attached to part of"", ""anatomical structure""]}, {""characteristics"": [], ""meta"": {""object_iri"": ""http://purl.obolibrary.org/obo/UBERON_0000061"", ""predicate_iri"": ""http://purl.obolibrary.org/obo/RO_0002567"", ""predicate_type"": ""object"", ""subject_iri"": ""http://purl.obolibrary.org/obo/UBERON_0000061""}, ""text"": ""anatomical structure biomechanically related to anatomical structure."", ""triple"": [""anatomical structure"", ""biomechanically related to"", ""anatomical structure""]}, {""characteristics"": [], ""meta"": {""object_iri"": ""http://purl.obolibrary.org/obo/UBERON_0000061"", ""predicate_iri"": ""http://purl.obolibrary.org/obo/RO_0002576"", ""predicate_type"": ""object"", ""subject_iri"": ""http://purl.obolibrary.org/obo/UBERON_0000061""}, ""text"": ""anatomical structure skeleton of anatomical structure."", ""triple"": [""anatomical structure"", ""skeleton of"", ""anatomical structure""]}]","{""health_supplement"": true, ""original_id"": """", ""source_generation_file"": ""bench_health/bench_3_4/Health_Medicine/Human_Phenotype_Ontology/hp/property_hp.json""}"
L4_Health_Medicine_Human_Phenotype_Ontology_property_hp_00012,"In the Human Phenotype Ontology, given the following set of classes and properties, construct only object- and data-property relationships. Do not output subClassOf triples. Output only triples in the form (subject, predicate, object).

Classes:
- abdominal segment bone
- anatomical structure
- blood vessel
- material anatomical entity
- mesenchyme from somatopleure
- meso-epithelium
- mesoderm-derived structure
- mixed endoderm/mesoderm-derived structure
- pelvic girdle bone/zone
- serous membrane

Object Properties:
- attached to part of
- biomechanically related to
- developmentally induced by
- has plasma membrane part
- skeleton of
- vessel drains blood from
- vessel supplies blood to

Data Properties:
None",,"(anatomical structure, attached to part of, anatomical structure)
(anatomical structure, biomechanically related to, anatomical structure)
(anatomical structure, skeleton of, anatomical structure)
(blood vessel, vessel drains blood from, anatomical structure)
(blood vessel, vessel supplies blood to, anatomical structure)
(material anatomical entity, developmentally induced by, material anatomical entity)
(material anatomical entity, has plasma membrane part, material anatomical entity)",3_4,L4,Property Relation Construction,Learning,Generation,triple_f1,Health_Medicine,Health_Medicine/Human_Phenotype_Ontology,bench_health/bench_3_4/Health_Medicine/Human_Phenotype_Ontology/hp/property_hp.json,11,,,,"(anatomical structure, attached to part of, anatomical structure)
(anatomical structure, biomechanically related to, anatomical structure)
(anatomical structure, skeleton of, anatomical structure)
(blood vessel, vessel drains blood from, anatomical structure)
(blood vessel, vessel supplies blood to, anatomical structure)
(material anatomical entity, developmentally induced by, material anatomical entity)
(material anatomical entity, has plasma membrane part, material anatomical entity)",,,"[{""characteristics"": [], ""meta"": {""object_iri"": ""http://purl.obolibrary.org/obo/UBERON_0000061"", ""predicate_iri"": ""http://purl.obolibrary.org/obo/RO_0002177"", ""predicate_type"": ""object"", ""subject_iri"": ""http://purl.obolibrary.org/obo/UBERON_0000061""}, ""text"": ""anatomical structure attached to part of anatomical structure."", ""triple"": [""anatomical structure"", ""attached to part of"", ""anatomical structure""]}, {""characteristics"": [], ""meta"": {""object_iri"": ""http://purl.obolibrary.org/obo/UBERON_0000061"", ""predicate_iri"": ""http://purl.obolibrary.org/obo/RO_0002567"", ""predicate_type"": ""object"", ""subject_iri"": ""http://purl.obolibrary.org/obo/UBERON_0000061""}, ""text"": ""anatomical structure biomechanically related to anatomical structure."", ""triple"": [""anatomical structure"", ""biomechanically related to"", ""anatomical structure""]}, {""characteristics"": [], ""meta"": {""object_iri"": ""http://purl.obolibrary.org/obo/UBERON_0000061"", ""predicate_iri"": ""http://purl.obolibrary.org/obo/RO_0002576"", ""predicate_type"": ""object"", ""subject_iri"": ""http://purl.obolibrary.org/obo/UBERON_0000061""}, ""text"": ""anatomical structure skeleton of anatomical structure."", ""triple"": [""anatomical structure"", ""skeleton of"", ""anatomical structure""]}, {""characteristics"": [], ""meta"": {""object_iri"": ""http://purl.obolibrary.org/obo/UBERON_0000061"", ""predicate_iri"": ""http://purl.obolibrary.org/obo/RO_0020102"", ""predicate_type"": ""object"", ""subject_iri"": ""http://purl.obolibrary.org/obo/UBERON_0001981""}, ""text"": ""blood vessel vessel drains blood from anatomical structure."", ""triple"": [""blood vessel"", ""vessel drains blood from"", ""anatomical structure""]}, {""characteristics"": [], ""meta"": {""object_iri"": ""http://purl.obolibrary.org/obo/UBERON_0000061"", ""predicate_iri"": ""http://purl.obolibrary.org/obo/RO_0020101"", ""predicate_type"": ""object"", ""subject_iri"": ""http://purl.obolibrary.org/obo/UBERON_0001981""}, ""text"": ""blood vessel vessel supplies blood to anatomical structure."", ""triple"": [""blood vessel"", ""vessel supplies blood to"", ""anatomical structure""]}, {""characteristics"": [], ""meta"": {""object_iri"": ""http://purl.obolibrary.org/obo/UBERON_0000465"", ""predicate_iri"": ""http://purl.obolibrary.org/obo/RO_0002256"", ""predicate_type"": ""object"", ""subject_iri"": ""http://purl.obolibrary.org/obo/UBERON_0000465""}, ""text"": ""material anatomical entity developmentally induced by material anatomical entity."", ""triple"": [""material anatomical entity"", ""developmentally induced by"", ""material anatomical entity""]}, {""characteristics"": [], ""meta"": {""object_iri"": ""http://purl.obolibrary.org/obo/UBERON_0000465"", ""predicate_iri"": ""http://purl.obolibrary.org/obo/RO_0002104"", ""predicate_type"": ""object"", ""subject_iri"": ""http://purl.obolibrary.org/obo/UBERON_0000465""}, ""text"": ""material anatomical entity has plasma membrane part material anatomical entity."", ""triple"": [""material anatomical entity"", ""has plasma membrane part"", ""material anatomical entity""]}]","{""health_supplement"": true, ""original_id"": """", ""source_generation_file"": ""bench_health/bench_3_4/Health_Medicine/Human_Phenotype_Ontology/hp/property_hp.json""}"
L4_Health_Medicine_Human_Phenotype_Ontology_property_hp_00013,"In the Human Phenotype Ontology, given the following set of classes and properties, construct only object- and data-property relationships. Do not output subClassOf triples. Output only triples in the form (subject, predicate, object).

Classes:
- abdominal segment bone
- anatomical structure
- blood vessel
- endoderm-derived structure
- mesenchyme from somatopleure
- meso-epithelium
- mesoderm-derived structure
- mixed endoderm/mesoderm-derived structure
- pelvic girdle bone/zone
- serous membrane

Object Properties:
- attached to part of
- biomechanically related to
- skeleton of
- vessel drains blood from
- vessel supplies blood to

Data Properties:
None",,"(anatomical structure, attached to part of, anatomical structure)
(anatomical structure, biomechanically related to, anatomical structure)
(anatomical structure, skeleton of, anatomical structure)
(blood vessel, vessel drains blood from, anatomical structure)
(blood vessel, vessel supplies blood to, anatomical structure)",3_4,L4,Property Relation Construction,Learning,Generation,triple_f1,Health_Medicine,Health_Medicine/Human_Phenotype_Ontology,bench_health/bench_3_4/Health_Medicine/Human_Phenotype_Ontology/hp/property_hp.json,12,,,,"(anatomical structure, attached to part of, anatomical structure)
(anatomical structure, biomechanically related to, anatomical structure)
(anatomical structure, skeleton of, anatomical structure)
(blood vessel, vessel drains blood from, anatomical structure)
(blood vessel, vessel supplies blood to, anatomical structure)",,,"[{""characteristics"": [], ""meta"": {""object_iri"": ""http://purl.obolibrary.org/obo/UBERON_0000061"", ""predicate_iri"": ""http://purl.obolibrary.org/obo/RO_0002177"", ""predicate_type"": ""object"", ""subject_iri"": ""http://purl.obolibrary.org/obo/UBERON_0000061""}, ""text"": ""anatomical structure attached to part of anatomical structure."", ""triple"": [""anatomical structure"", ""attached to part of"", ""anatomical structure""]}, {""characteristics"": [], ""meta"": {""object_iri"": ""http://purl.obolibrary.org/obo/UBERON_0000061"", ""predicate_iri"": ""http://purl.obolibrary.org/obo/RO_0002567"", ""predicate_type"": ""object"", ""subject_iri"": ""http://purl.obolibrary.org/obo/UBERON_0000061""}, ""text"": ""anatomical structure biomechanically related to anatomical structure."", ""triple"": [""anatomical structure"", ""biomechanically related to"", ""anatomical structure""]}, {""characteristics"": [], ""meta"": {""object_iri"": ""http://purl.obolibrary.org/obo/UBERON_0000061"", ""predicate_iri"": ""http://purl.obolibrary.org/obo/RO_0002576"", ""predicate_type"": ""object"", ""subject_iri"": ""http://purl.obolibrary.org/obo/UBERON_0000061""}, ""text"": ""anatomical structure skeleton of anatomical structure."", ""triple"": [""anatomical structure"", ""skeleton of"", ""anatomical structure""]}, {""characteristics"": [], ""meta"": {""object_iri"": ""http://purl.obolibrary.org/obo/UBERON_0000061"", ""predicate_iri"": ""http://purl.obolibrary.org/obo/RO_0020102"", ""predicate_type"": ""object"", ""subject_iri"": ""http://purl.obolibrary.org/obo/UBERON_0001981""}, ""text"": ""blood vessel vessel drains blood from anatomical structure."", ""triple"": [""blood vessel"", ""vessel drains blood from"", ""anatomical structure""]}, {""characteristics"": [], ""meta"": {""object_iri"": ""http://purl.obolibrary.org/obo/UBERON_0000061"", ""predicate_iri"": ""http://purl.obolibrary.org/obo/RO_0020101"", ""predicate_type"": ""object"", ""subject_iri"": ""http://purl.obolibrary.org/obo/UBERON_0001981""}, ""text"": ""blood vessel vessel supplies blood to anatomical structure."", ""triple"": [""blood vessel"", ""vessel supplies blood to"", ""anatomical structure""]}]","{""health_supplement"": true, ""original_id"": """", ""source_generation_file"": ""bench_health/bench_3_4/Health_Medicine/Human_Phenotype_Ontology/hp/property_hp.json""}"
L4_Health_Medicine_Human_Phenotype_Ontology_property_hp_00014,"In the Human Phenotype Ontology, given the following set of classes and properties, construct only object- and data-property relationships. Do not output subClassOf triples. Output only triples in the form (subject, predicate, object).

Classes:
- anatomical structure
- central nervous system cell part cluster
- ecto-epithelium
- ectoderm-derived structure
- epithelium
- material anatomical entity
- neural crest-derived structure
- regional part of brain
- strand of hair
- zone of skin

Object Properties:
- attached to part of
- biomechanically related to
- developmentally induced by
- has plasma membrane part
- skeleton of

Data Properties:
None",,"(anatomical structure, attached to part of, anatomical structure)
(anatomical structure, biomechanically related to, anatomical structure)
(anatomical structure, skeleton of, anatomical structure)
(material anatomical entity, developmentally induced by, material anatomical entity)
(material anatomical entity, has plasma membrane part, material anatomical entity)",3_4,L4,Property Relation Construction,Learning,Generation,triple_f1,Health_Medicine,Health_Medicine/Human_Phenotype_Ontology,bench_health/bench_3_4/Health_Medicine/Human_Phenotype_Ontology/hp/property_hp.json,13,,,,"(anatomical structure, attached to part of, anatomical structure)
(anatomical structure, biomechanically related to, anatomical structure)
(anatomical structure, skeleton of, anatomical structure)
(material anatomical entity, developmentally induced by, material anatomical entity)
(material anatomical entity, has plasma membrane part, material anatomical entity)",,,"[{""characteristics"": [], ""meta"": {""object_iri"": ""http://purl.obolibrary.org/obo/UBERON_0000061"", ""predicate_iri"": ""http://purl.obolibrary.org/obo/RO_0002177"", ""predicate_type"": ""object"", ""subject_iri"": ""http://purl.obolibrary.org/obo/UBERON_0000061""}, ""text"": ""anatomical structure attached to part of anatomical structure."", ""triple"": [""anatomical structure"", ""attached to part of"", ""anatomical structure""]}, {""characteristics"": [], ""meta"": {""object_iri"": ""http://purl.obolibrary.org/obo/UBERON_0000061"", ""predicate_iri"": ""http://purl.obolibrary.org/obo/RO_0002567"", ""predicate_type"": ""object"", ""subject_iri"": ""http://purl.obolibrary.org/obo/UBERON_0000061""}, ""text"": ""anatomical structure biomechanically related to anatomical structure."", ""triple"": [""anatomical structure"", ""biomechanically related to"", ""anatomical structure""]}, {""characteristics"": [], ""meta"": {""object_iri"": ""http://purl.obolibrary.org/obo/UBERON_0000061"", ""predicate_iri"": ""http://purl.obolibrary.org/obo/RO_0002576"", ""predicate_type"": ""object"", ""subject_iri"": ""http://purl.obolibrary.org/obo/UBERON_0000061""}, ""text"": ""anatomical structure skeleton of anatomical structure."", ""triple"": [""anatomical structure"", ""skeleton of"", ""anatomical structure""]}, {""characteristics"": [], ""meta"": {""object_iri"": ""http://purl.obolibrary.org/obo/UBERON_0000465"", ""predicate_iri"": ""http://purl.obolibrary.org/obo/RO_0002256"", ""predicate_type"": ""object"", ""subject_iri"": ""http://purl.obolibrary.org/obo/UBERON_0000465""}, ""text"": ""material anatomical entity developmentally induced by material anatomical entity."", ""triple"": [""material anatomical entity"", ""developmentally induced by"", ""material anatomical entity""]}, {""characteristics"": [], ""meta"": {""object_iri"": ""http://purl.obolibrary.org/obo/UBERON_0000465"", ""predicate_iri"": ""http://purl.obolibrary.org/obo/RO_0002104"", ""predicate_type"": ""object"", ""subject_iri"": ""http://purl.obolibrary.org/obo/UBERON_0000465""}, ""text"": ""material anatomical entity has plasma membrane part material anatomical entity."", ""triple"": [""material anatomical entity"", ""has plasma membrane part"", ""material anatomical entity""]}]","{""health_supplement"": true, ""original_id"": """", ""source_generation_file"": ""bench_health/bench_3_4/Health_Medicine/Human_Phenotype_Ontology/hp/property_hp.json""}"
L4_Health_Medicine_Human_Phenotype_Ontology_property_hp_00015,"In the Human Phenotype Ontology, given the following set of classes and properties, construct only object- and data-property relationships. Do not output subClassOf triples. Output only triples in the form (subject, predicate, object).

Classes:
- anatomical structure
- central nervous system cell part cluster
- cutaneous appendage
- ecto-epithelium
- ectoderm-derived structure
- material anatomical entity
- neural crest-derived structure
- regional part of brain
- strand of hair
- zone of skin

Object Properties:
- attached to part of
- biomechanically related to
- developmentally induced by
- has plasma membrane part
- skeleton of

Data Properties:
None",,"(anatomical structure, attached to part of, anatomical structure)
(anatomical structure, biomechanically related to, anatomical structure)
(anatomical structure, skeleton of, anatomical structure)
(material anatomical entity, developmentally induced by, material anatomical entity)
(material anatomical entity, has plasma membrane part, material anatomical entity)",3_4,L4,Property Relation Construction,Learning,Generation,triple_f1,Health_Medicine,Health_Medicine/Human_Phenotype_Ontology,bench_health/bench_3_4/Health_Medicine/Human_Phenotype_Ontology/hp/property_hp.json,14,,,,"(anatomical structure, attached to part of, anatomical structure)
(anatomical structure, biomechanically related to, anatomical structure)
(anatomical structure, skeleton of, anatomical structure)
(material anatomical entity, developmentally induced by, material anatomical entity)
(material anatomical entity, has plasma membrane part, material anatomical entity)",,,"[{""characteristics"": [], ""meta"": {""object_iri"": ""http://purl.obolibrary.org/obo/UBERON_0000061"", ""predicate_iri"": ""http://purl.obolibrary.org/obo/RO_0002177"", ""predicate_type"": ""object"", ""subject_iri"": ""http://purl.obolibrary.org/obo/UBERON_0000061""}, ""text"": ""anatomical structure attached to part of anatomical structure."", ""triple"": [""anatomical structure"", ""attached to part of"", ""anatomical structure""]}, {""characteristics"": [], ""meta"": {""object_iri"": ""http://purl.obolibrary.org/obo/UBERON_0000061"", ""predicate_iri"": ""http://purl.obolibrary.org/obo/RO_0002567"", ""predicate_type"": ""object"", ""subject_iri"": ""http://purl.obolibrary.org/obo/UBERON_0000061""}, ""text"": ""anatomical structure biomechanically related to anatomical structure."", ""triple"": [""anatomical structure"", ""biomechanically related to"", ""anatomical structure""]}, {""characteristics"": [], ""meta"": {""object_iri"": ""http://purl.obolibrary.org/obo/UBERON_0000061"", ""predicate_iri"": ""http://purl.obolibrary.org/obo/RO_0002576"", ""predicate_type"": ""object"", ""subject_iri"": ""http://purl.obolibrary.org/obo/UBERON_0000061""}, ""text"": ""anatomical structure skeleton of anatomical structure."", ""triple"": [""anatomical structure"", ""skeleton of"", ""anatomical structure""]}, {""characteristics"": [], ""meta"": {""object_iri"": ""http://purl.obolibrary.org/obo/UBERON_0000465"", ""predicate_iri"": ""http://purl.obolibrary.org/obo/RO_0002256"", ""predicate_type"": ""object"", ""subject_iri"": ""http://purl.obolibrary.org/obo/UBERON_0000465""}, ""text"": ""material anatomical entity developmentally induced by material anatomical entity."", ""triple"": [""material anatomical entity"", ""developmentally induced by"", ""material anatomical entity""]}, {""characteristics"": [], ""meta"": {""object_iri"": ""http://purl.obolibrary.org/obo/UBERON_0000465"", ""predicate_iri"": ""http://purl.obolibrary.org/obo/RO_0002104"", ""predicate_type"": ""object"", ""subject_iri"": ""http://purl.obolibrary.org/obo/UBERON_0000465""}, ""text"": ""material anatomical entity has plasma membrane part material anatomical entity."", ""triple"": [""material anatomical entity"", ""has plasma membrane part"", ""material anatomical entity""]}]","{""health_supplement"": true, ""original_id"": """", ""source_generation_file"": ""bench_health/bench_3_4/Health_Medicine/Human_Phenotype_Ontology/hp/property_hp.json""}"
L4_Health_Medicine_Human_Phenotype_Ontology_property_hp_00016,"In the Human Phenotype Ontology, given the following set of classes and properties, construct only object- and data-property relationships. Do not output subClassOf triples. Output only triples in the form (subject, predicate, object).

Classes:
- anatomical structure
- blood vessel
- mesenchyme from somatopleure
- meso-epithelium
- mesoderm-derived structure
- mixed endoderm/mesoderm-derived structure
- multi-tissue structure
- pelvic girdle bone/zone
- serous membrane
- vessel

Object Properties:
- attached to part of
- biomechanically related to
- skeleton of
- vessel drains blood from
- vessel supplies blood to

Data Properties:
None",,"(anatomical structure, attached to part of, anatomical structure)
(anatomical structure, biomechanically related to, anatomical structure)
(anatomical structure, skeleton of, anatomical structure)
(blood vessel, vessel drains blood from, anatomical structure)
(blood vessel, vessel supplies blood to, anatomical structure)",3_4,L4,Property Relation Construction,Learning,Generation,triple_f1,Health_Medicine,Health_Medicine/Human_Phenotype_Ontology,bench_health/bench_3_4/Health_Medicine/Human_Phenotype_Ontology/hp/property_hp.json,15,,,,"(anatomical structure, attached to part of, anatomical structure)
(anatomical structure, biomechanically related to, anatomical structure)
(anatomical structure, skeleton of, anatomical structure)
(blood vessel, vessel drains blood from, anatomical structure)
(blood vessel, vessel supplies blood to, anatomical structure)",,,"[{""characteristics"": [], ""meta"": {""object_iri"": ""http://purl.obolibrary.org/obo/UBERON_0000061"", ""predicate_iri"": ""http://purl.obolibrary.org/obo/RO_0002177"", ""predicate_type"": ""object"", ""subject_iri"": ""http://purl.obolibrary.org/obo/UBERON_0000061""}, ""text"": ""anatomical structure attached to part of anatomical structure."", ""triple"": [""anatomical structure"", ""attached to part of"", ""anatomical structure""]}, {""characteristics"": [], ""meta"": {""object_iri"": ""http://purl.obolibrary.org/obo/UBERON_0000061"", ""predicate_iri"": ""http://purl.obolibrary.org/obo/RO_0002567"", ""predicate_type"": ""object"", ""subject_iri"": ""http://purl.obolibrary.org/obo/UBERON_0000061""}, ""text"": ""anatomical structure biomechanically related to anatomical structure."", ""triple"": [""anatomical structure"", ""biomechanically related to"", ""anatomical structure""]}, {""characteristics"": [], ""meta"": {""object_iri"": ""http://purl.obolibrary.org/obo/UBERON_0000061"", ""predicate_iri"": ""http://purl.obolibrary.org/obo/RO_0002576"", ""predicate_type"": ""object"", ""subject_iri"": ""http://purl.obolibrary.org/obo/UBERON_0000061""}, ""text"": ""anatomical structure skeleton of anatomical structure."", ""triple"": [""anatomical structure"", ""skeleton of"", ""anatomical structure""]}, {""characteristics"": [], ""meta"": {""object_iri"": ""http://purl.obolibrary.org/obo/UBERON_0000061"", ""predicate_iri"": ""http://purl.obolibrary.org/obo/RO_0020102"", ""predicate_type"": ""object"", ""subject_iri"": ""http://purl.obolibrary.org/obo/UBERON_0001981""}, ""text"": ""blood vessel vessel drains blood from anatomical structure."", ""triple"": [""blood vessel"", ""vessel drains blood from"", ""anatomical structure""]}, {""characteristics"": [], ""meta"": {""object_iri"": ""http://purl.obolibrary.org/obo/UBERON_0000061"", ""predicate_iri"": ""http://purl.obolibrary.org/obo/RO_0020101"", ""predicate_type"": ""object"", ""subject_iri"": ""http://purl.obolibrary.org/obo/UBERON_0001981""}, ""text"": ""blood vessel vessel supplies blood to anatomical structure."", ""triple"": [""blood vessel"", ""vessel supplies blood to"", ""anatomical structure""]}]","{""health_supplement"": true, ""original_id"": """", ""source_generation_file"": ""bench_health/bench_3_4/Health_Medicine/Human_Phenotype_Ontology/hp/property_hp.json""}"
L4_Health_Medicine_Human_Phenotype_Ontology_property_hp_00017,"In the Human Phenotype Ontology, given the following set of classes and properties, construct only object- and data-property relationships. Do not output subClassOf triples. Output only triples in the form (subject, predicate, object).

Classes:
- apical ectodermal ridge
- developing anatomical structure
- embryonic structure
- endocardial cushion
- material anatomical entity
- neural fold
- paired limb/fin field
- pharyngeal pouch
- presumptive structure
- syncytiotrophoblast

Object Properties:
- developmentally induced by
- has plasma membrane part

Data Properties:
None",,"(material anatomical entity, developmentally induced by, material anatomical entity)
(material anatomical entity, has plasma membrane part, material anatomical entity)",3_4,L4,Property Relation Construction,Learning,Generation,triple_f1,Health_Medicine,Health_Medicine/Human_Phenotype_Ontology,bench_health/bench_3_4/Health_Medicine/Human_Phenotype_Ontology/hp/property_hp.json,16,,,,"(material anatomical entity, developmentally induced by, material anatomical entity)
(material anatomical entity, has plasma membrane part, material anatomical entity)",,,"[{""characteristics"": [], ""meta"": {""object_iri"": ""http://purl.obolibrary.org/obo/UBERON_0000465"", ""predicate_iri"": ""http://purl.obolibrary.org/obo/RO_0002256"", ""predicate_type"": ""object"", ""subject_iri"": ""http://purl.obolibrary.org/obo/UBERON_0000465""}, ""text"": ""material anatomical entity developmentally induced by material anatomical entity."", ""triple"": [""material anatomical entity"", ""developmentally induced by"", ""material anatomical entity""]}, {""characteristics"": [], ""meta"": {""object_iri"": ""http://purl.obolibrary.org/obo/UBERON_0000465"", ""predicate_iri"": ""http://purl.obolibrary.org/obo/RO_0002104"", ""predicate_type"": ""object"", ""subject_iri"": ""http://purl.obolibrary.org/obo/UBERON_0000465""}, ""text"": ""material anatomical entity has plasma membrane part material anatomical entity."", ""triple"": [""material anatomical entity"", ""has plasma membrane part"", ""material anatomical entity""]}]","{""health_supplement"": true, ""original_id"": """", ""source_generation_file"": ""bench_health/bench_3_4/Health_Medicine/Human_Phenotype_Ontology/hp/property_hp.json""}"
L4_Health_Medicine_Human_Phenotype_Ontology_property_hp_00018,"In the Human Phenotype Ontology, given the following set of classes and properties, construct only object- and data-property relationships. Do not output subClassOf triples. Output only triples in the form (subject, predicate, object).

Classes:
- anal column
- anatomical structure
- anatomical wall
- multicellular anatomical structure
- organ component layer
- organ part
- organ subunit
- stroma
- subdivision of tube
- zone of organ

Object Properties:
- attached to part of
- biomechanically related to
- skeleton of

Data Properties:
None",,"(anatomical structure, attached to part of, anatomical structure)
(anatomical structure, biomechanically related to, anatomical structure)
(anatomical structure, skeleton of, anatomical structure)",3_4,L4,Property Relation Construction,Learning,Generation,triple_f1,Health_Medicine,Health_Medicine/Human_Phenotype_Ontology,bench_health/bench_3_4/Health_Medicine/Human_Phenotype_Ontology/hp/property_hp.json,17,,,,"(anatomical structure, attached to part of, anatomical structure)
(anatomical structure, biomechanically related to, anatomical structure)
(anatomical structure, skeleton of, anatomical structure)",,,"[{""characteristics"": [], ""meta"": {""object_iri"": ""http://purl.obolibrary.org/obo/UBERON_0000061"", ""predicate_iri"": ""http://purl.obolibrary.org/obo/RO_0002177"", ""predicate_type"": ""object"", ""subject_iri"": ""http://purl.obolibrary.org/obo/UBERON_0000061""}, ""text"": ""anatomical structure attached to part of anatomical structure."", ""triple"": [""anatomical structure"", ""attached to part of"", ""anatomical structure""]}, {""characteristics"": [], ""meta"": {""object_iri"": ""http://purl.obolibrary.org/obo/UBERON_0000061"", ""predicate_iri"": ""http://purl.obolibrary.org/obo/RO_0002567"", ""predicate_type"": ""object"", ""subject_iri"": ""http://purl.obolibrary.org/obo/UBERON_0000061""}, ""text"": ""anatomical structure biomechanically related to anatomical structure."", ""triple"": [""anatomical structure"", ""biomechanically related to"", ""anatomical structure""]}, {""characteristics"": [], ""meta"": {""object_iri"": ""http://purl.obolibrary.org/obo/UBERON_0000061"", ""predicate_iri"": ""http://purl.obolibrary.org/obo/RO_0002576"", ""predicate_type"": ""object"", ""subject_iri"": ""http://purl.obolibrary.org/obo/UBERON_0000061""}, ""text"": ""anatomical structure skeleton of anatomical structure."", ""triple"": [""anatomical structure"", ""skeleton of"", ""anatomical structure""]}]","{""health_supplement"": true, ""original_id"": """", ""source_generation_file"": ""bench_health/bench_3_4/Health_Medicine/Human_Phenotype_Ontology/hp/property_hp.json""}"
L4_Health_Medicine_Human_Phenotype_Ontology_property_hp_00019,"In the Human Phenotype Ontology, given the following set of classes and properties, construct only object- and data-property relationships. Do not output subClassOf triples. Output only triples in the form (subject, predicate, object).

Classes:
- anatomical structure
- cranial neuron projection bundle
- kidney
- lateral structure
- lung
- material anatomical entity
- mesoderm-derived structure
- nasal bone
- ureter
- ventral horn of spinal cord

Object Properties:
- attached to part of
- biomechanically related to
- developmentally induced by
- has plasma membrane part
- skeleton of

Data Properties:
None",,"(anatomical structure, attached to part of, anatomical structure)
(anatomical structure, biomechanically related to, anatomical structure)
(anatomical structure, skeleton of, anatomical structure)
(material anatomical entity, developmentally induced by, material anatomical entity)
(material anatomical entity, has plasma membrane part, material anatomical entity)",3_4,L4,Property Relation Construction,Learning,Generation,triple_f1,Health_Medicine,Health_Medicine/Human_Phenotype_Ontology,bench_health/bench_3_4/Health_Medicine/Human_Phenotype_Ontology/hp/property_hp.json,18,,,,"(anatomical structure, attached to part of, anatomical structure)
(anatomical structure, biomechanically related to, anatomical structure)
(anatomical structure, skeleton of, anatomical structure)
(material anatomical entity, developmentally induced by, material anatomical entity)
(material anatomical entity, has plasma membrane part, material anatomical entity)",,,"[{""characteristics"": [], ""meta"": {""object_iri"": ""http://purl.obolibrary.org/obo/UBERON_0000061"", ""predicate_iri"": ""http://purl.obolibrary.org/obo/RO_0002177"", ""predicate_type"": ""object"", ""subject_iri"": ""http://purl.obolibrary.org/obo/UBERON_0000061""}, ""text"": ""anatomical structure attached to part of anatomical structure."", ""triple"": [""anatomical structure"", ""attached to part of"", ""anatomical structure""]}, {""characteristics"": [], ""meta"": {""object_iri"": ""http://purl.obolibrary.org/obo/UBERON_0000061"", ""predicate_iri"": ""http://purl.obolibrary.org/obo/RO_0002567"", ""predicate_type"": ""object"", ""subject_iri"": ""http://purl.obolibrary.org/obo/UBERON_0000061""}, ""text"": ""anatomical structure biomechanically related to anatomical structure."", ""triple"": [""anatomical structure"", ""biomechanically related to"", ""anatomical structure""]}, {""characteristics"": [], ""meta"": {""object_iri"": ""http://purl.obolibrary.org/obo/UBERON_0000061"", ""predicate_iri"": ""http://purl.obolibrary.org/obo/RO_0002576"", ""predicate_type"": ""object"", ""subject_iri"": ""http://purl.obolibrary.org/obo/UBERON_0000061""}, ""text"": ""anatomical structure skeleton of anatomical structure."", ""triple"": [""anatomical structure"", ""skeleton of"", ""anatomical structure""]}, {""characteristics"": [], ""meta"": {""object_iri"": ""http://purl.obolibrary.org/obo/UBERON_0000465"", ""predicate_iri"": ""http://purl.obolibrary.org/obo/RO_0002256"", ""predicate_type"": ""object"", ""subject_iri"": ""http://purl.obolibrary.org/obo/UBERON_0000465""}, ""text"": ""material anatomical entity developmentally induced by material anatomical entity."", ""triple"": [""material anatomical entity"", ""developmentally induced by"", ""material anatomical entity""]}, {""characteristics"": [], ""meta"": {""object_iri"": ""http://purl.obolibrary.org/obo/UBERON_0000465"", ""predicate_iri"": ""http://purl.obolibrary.org/obo/RO_0002104"", ""predicate_type"": ""object"", ""subject_iri"": ""http://purl.obolibrary.org/obo/UBERON_0000465""}, ""text"": ""material anatomical entity has plasma membrane part material anatomical entity."", ""triple"": [""material anatomical entity"", ""has plasma membrane part"", ""material anatomical entity""]}]","{""health_supplement"": true, ""original_id"": """", ""source_generation_file"": ""bench_health/bench_3_4/Health_Medicine/Human_Phenotype_Ontology/hp/property_hp.json""}"
L4_Health_Medicine_Human_Phenotype_Ontology_property_hp_00020,"In the Human Phenotype Ontology, given the following set of classes and properties, construct only object- and data-property relationships. Do not output subClassOf triples. Output only triples in the form (subject, predicate, object).

Classes:
- anatomical structure
- blood vessel
- endoderm-derived structure
- mesenchyme from somatopleure
- meso-epithelium
- mesoderm-derived structure
- mixed endoderm/mesoderm-derived structure
- pelvic girdle bone/zone
- serous membrane
- vessel

Object Properties:
- attached to part of
- biomechanically related to
- skeleton of
- vessel drains blood from
- vessel supplies blood to

Data Properties:
None",,"(anatomical structure, attached to part of, anatomical structure)
(anatomical structure, biomechanically related to, anatomical structure)
(anatomical structure, skeleton of, anatomical structure)
(blood vessel, vessel drains blood from, anatomical structure)
(blood vessel, vessel supplies blood to, anatomical structure)",3_4,L4,Property Relation Construction,Learning,Generation,triple_f1,Health_Medicine,Health_Medicine/Human_Phenotype_Ontology,bench_health/bench_3_4/Health_Medicine/Human_Phenotype_Ontology/hp/property_hp.json,19,,,,"(anatomical structure, attached to part of, anatomical structure)
(anatomical structure, biomechanically related to, anatomical structure)
(anatomical structure, skeleton of, anatomical structure)
(blood vessel, vessel drains blood from, anatomical structure)
(blood vessel, vessel supplies blood to, anatomical structure)",,,"[{""characteristics"": [], ""meta"": {""object_iri"": ""http://purl.obolibrary.org/obo/UBERON_0000061"", ""predicate_iri"": ""http://purl.obolibrary.org/obo/RO_0002177"", ""predicate_type"": ""object"", ""subject_iri"": ""http://purl.obolibrary.org/obo/UBERON_0000061""}, ""text"": ""anatomical structure attached to part of anatomical structure."", ""triple"": [""anatomical structure"", ""attached to part of"", ""anatomical structure""]}, {""characteristics"": [], ""meta"": {""object_iri"": ""http://purl.obolibrary.org/obo/UBERON_0000061"", ""predicate_iri"": ""http://purl.obolibrary.org/obo/RO_0002567"", ""predicate_type"": ""object"", ""subject_iri"": ""http://purl.obolibrary.org/obo/UBERON_0000061""}, ""text"": ""anatomical structure biomechanically related to anatomical structure."", ""triple"": [""anatomical structure"", ""biomechanically related to"", ""anatomical structure""]}, {""characteristics"": [], ""meta"": {""object_iri"": ""http://purl.obolibrary.org/obo/UBERON_0000061"", ""predicate_iri"": ""http://purl.obolibrary.org/obo/RO_0002576"", ""predicate_type"": ""object"", ""subject_iri"": ""http://purl.obolibrary.org/obo/UBERON_0000061""}, ""text"": ""anatomical structure skeleton of anatomical structure."", ""triple"": [""anatomical structure"", ""skeleton of"", ""anatomical structure""]}, {""characteristics"": [], ""meta"": {""object_iri"": ""http://purl.obolibrary.org/obo/UBERON_0000061"", ""predicate_iri"": ""http://purl.obolibrary.org/obo/RO_0020102"", ""predicate_type"": ""object"", ""subject_iri"": ""http://purl.obolibrary.org/obo/UBERON_0001981""}, ""text"": ""blood vessel vessel drains blood from anatomical structure."", ""triple"": [""blood vessel"", ""vessel drains blood from"", ""anatomical structure""]}, {""characteristics"": [], ""meta"": {""object_iri"": ""http://purl.obolibrary.org/obo/UBERON_0000061"", ""predicate_iri"": ""http://purl.obolibrary.org/obo/RO_0020101"", ""predicate_type"": ""object"", ""subject_iri"": ""http://purl.obolibrary.org/obo/UBERON_0001981""}, ""text"": ""blood vessel vessel supplies blood to anatomical structure."", ""triple"": [""blood vessel"", ""vessel supplies blood to"", ""anatomical structure""]}]","{""health_supplement"": true, ""original_id"": """", ""source_generation_file"": ""bench_health/bench_3_4/Health_Medicine/Human_Phenotype_Ontology/hp/property_hp.json""}"
L4_Health_Medicine_Human_Phenotype_Ontology_property_hp_00021,"In the Human Phenotype Ontology, given the following set of classes and properties, construct only object- and data-property relationships. Do not output subClassOf triples. Output only triples in the form (subject, predicate, object).

Classes:
- anatomical structure
- anatomical wall
- conjunctiva
- multicellular anatomical structure
- organ component layer
- organ part
- organ subunit
- stroma
- subdivision of tube
- zone of organ

Object Properties:
- attached to part of
- biomechanically related to
- skeleton of

Data Properties:
None",,"(anatomical structure, attached to part of, anatomical structure)
(anatomical structure, biomechanically related to, anatomical structure)
(anatomical structure, skeleton of, anatomical structure)",3_4,L4,Property Relation Construction,Learning,Generation,triple_f1,Health_Medicine,Health_Medicine/Human_Phenotype_Ontology,bench_health/bench_3_4/Health_Medicine/Human_Phenotype_Ontology/hp/property_hp.json,20,,,,"(anatomical structure, attached to part of, anatomical structure)
(anatomical structure, biomechanically related to, anatomical structure)
(anatomical structure, skeleton of, anatomical structure)",,,"[{""characteristics"": [], ""meta"": {""object_iri"": ""http://purl.obolibrary.org/obo/UBERON_0000061"", ""predicate_iri"": ""http://purl.obolibrary.org/obo/RO_0002177"", ""predicate_type"": ""object"", ""subject_iri"": ""http://purl.obolibrary.org/obo/UBERON_0000061""}, ""text"": ""anatomical structure attached to part of anatomical structure."", ""triple"": [""anatomical structure"", ""attached to part of"", ""anatomical structure""]}, {""characteristics"": [], ""meta"": {""object_iri"": ""http://purl.obolibrary.org/obo/UBERON_0000061"", ""predicate_iri"": ""http://purl.obolibrary.org/obo/RO_0002567"", ""predicate_type"": ""object"", ""subject_iri"": ""http://purl.obolibrary.org/obo/UBERON_0000061""}, ""text"": ""anatomical structure biomechanically related to anatomical structure."", ""triple"": [""anatomical structure"", ""biomechanically related to"", ""anatomical structure""]}, {""characteristics"": [], ""meta"": {""object_iri"": ""http://purl.obolibrary.org/obo/UBERON_0000061"", ""predicate_iri"": ""http://purl.obolibrary.org/obo/RO_0002576"", ""predicate_type"": ""object"", ""subject_iri"": ""http://purl.obolibrary.org/obo/UBERON_0000061""}, ""text"": ""anatomical structure skeleton of anatomical structure."", ""triple"": [""anatomical structure"", ""skeleton of"", ""anatomical structure""]}]","{""health_supplement"": true, ""original_id"": """", ""source_generation_file"": ""bench_health/bench_3_4/Health_Medicine/Human_Phenotype_Ontology/hp/property_hp.json""}"
L4_Health_Medicine_Human_Phenotype_Ontology_property_hp_00022,"In the Human Phenotype Ontology, given the following set of classes and properties, construct only object- and data-property relationships. Do not output subClassOf triples. Output only triples in the form (subject, predicate, object).

Classes:
- anatomical structure
- cavitated compound organ
- cranial neuron projection bundle
- kidney
- lateral structure
- lung
- material anatomical entity
- nasal bone
- ureter
- ventral horn of spinal cord

Object Properties:
- attached to part of
- biomechanically related to
- developmentally induced by
- has plasma membrane part
- skeleton of

Data Properties:
None",,"(anatomical structure, attached to part of, anatomical structure)
(anatomical structure, biomechanically related to, anatomical structure)
(anatomical structure, skeleton of, anatomical structure)
(material anatomical entity, developmentally induced by, material anatomical entity)
(material anatomical entity, has plasma membrane part, material anatomical entity)",3_4,L4,Property Relation Construction,Learning,Generation,triple_f1,Health_Medicine,Health_Medicine/Human_Phenotype_Ontology,bench_health/bench_3_4/Health_Medicine/Human_Phenotype_Ontology/hp/property_hp.json,21,,,,"(anatomical structure, attached to part of, anatomical structure)
(anatomical structure, biomechanically related to, anatomical structure)
(anatomical structure, skeleton of, anatomical structure)
(material anatomical entity, developmentally induced by, material anatomical entity)
(material anatomical entity, has plasma membrane part, material anatomical entity)",,,"[{""characteristics"": [], ""meta"": {""object_iri"": ""http://purl.obolibrary.org/obo/UBERON_0000061"", ""predicate_iri"": ""http://purl.obolibrary.org/obo/RO_0002177"", ""predicate_type"": ""object"", ""subject_iri"": ""http://purl.obolibrary.org/obo/UBERON_0000061""}, ""text"": ""anatomical structure attached to part of anatomical structure."", ""triple"": [""anatomical structure"", ""attached to part of"", ""anatomical structure""]}, {""characteristics"": [], ""meta"": {""object_iri"": ""http://purl.obolibrary.org/obo/UBERON_0000061"", ""predicate_iri"": ""http://purl.obolibrary.org/obo/RO_0002567"", ""predicate_type"": ""object"", ""subject_iri"": ""http://purl.obolibrary.org/obo/UBERON_0000061""}, ""text"": ""anatomical structure biomechanically related to anatomical structure."", ""triple"": [""anatomical structure"", ""biomechanically related to"", ""anatomical structure""]}, {""characteristics"": [], ""meta"": {""object_iri"": ""http://purl.obolibrary.org/obo/UBERON_0000061"", ""predicate_iri"": ""http://purl.obolibrary.org/obo/RO_0002576"", ""predicate_type"": ""object"", ""subject_iri"": ""http://purl.obolibrary.org/obo/UBERON_0000061""}, ""text"": ""anatomical structure skeleton of anatomical structure."", ""triple"": [""anatomical structure"", ""skeleton of"", ""anatomical structure""]}, {""characteristics"": [], ""meta"": {""object_iri"": ""http://purl.obolibrary.org/obo/UBERON_0000465"", ""predicate_iri"": ""http://purl.obolibrary.org/obo/RO_0002256"", ""predicate_type"": ""object"", ""subject_iri"": ""http://purl.obolibrary.org/obo/UBERON_0000465""}, ""text"": ""material anatomical entity developmentally induced by material anatomical entity."", ""triple"": [""material anatomical entity"", ""developmentally induced by"", ""material anatomical entity""]}, {""characteristics"": [], ""meta"": {""object_iri"": ""http://purl.obolibrary.org/obo/UBERON_0000465"", ""predicate_iri"": ""http://purl.obolibrary.org/obo/RO_0002104"", ""predicate_type"": ""object"", ""subject_iri"": ""http://purl.obolibrary.org/obo/UBERON_0000465""}, ""text"": ""material anatomical entity has plasma membrane part material anatomical entity."", ""triple"": [""material anatomical entity"", ""has plasma membrane part"", ""material anatomical entity""]}]","{""health_supplement"": true, ""original_id"": """", ""source_generation_file"": ""bench_health/bench_3_4/Health_Medicine/Human_Phenotype_Ontology/hp/property_hp.json""}"
L4_Health_Medicine_Human_Phenotype_Ontology_property_hp_00023,"In the Human Phenotype Ontology, given the following set of classes and properties, construct only object- and data-property relationships. Do not output subClassOf triples. Output only triples in the form (subject, predicate, object).

Classes:
- anatomical structure
- blood vessel
- endoderm-derived structure
- mesenchyme from somatopleure
- meso-epithelium
- mesoderm-derived structure
- mixed endoderm/mesoderm-derived structure
- pelvic girdle bone/zone
- serous membrane
- vessel

Object Properties:
- attached to part of
- biomechanically related to
- skeleton of
- vessel drains blood from
- vessel supplies blood to

Data Properties:
None",,"(anatomical structure, attached to part of, anatomical structure)
(anatomical structure, biomechanically related to, anatomical structure)
(anatomical structure, skeleton of, anatomical structure)
(blood vessel, vessel drains blood from, anatomical structure)
(blood vessel, vessel supplies blood to, anatomical structure)",3_4,L4,Property Relation Construction,Learning,Generation,triple_f1,Health_Medicine,Health_Medicine/Human_Phenotype_Ontology,bench_health/bench_3_4/Health_Medicine/Human_Phenotype_Ontology/hp/property_hp.json,22,,,,"(anatomical structure, attached to part of, anatomical structure)
(anatomical structure, biomechanically related to, anatomical structure)
(anatomical structure, skeleton of, anatomical structure)
(blood vessel, vessel drains blood from, anatomical structure)
(blood vessel, vessel supplies blood to, anatomical structure)",,,"[{""characteristics"": [], ""meta"": {""object_iri"": ""http://purl.obolibrary.org/obo/UBERON_0000061"", ""predicate_iri"": ""http://purl.obolibrary.org/obo/RO_0002177"", ""predicate_type"": ""object"", ""subject_iri"": ""http://purl.obolibrary.org/obo/UBERON_0000061""}, ""text"": ""anatomical structure attached to part of anatomical structure."", ""triple"": [""anatomical structure"", ""attached to part of"", ""anatomical structure""]}, {""characteristics"": [], ""meta"": {""object_iri"": ""http://purl.obolibrary.org/obo/UBERON_0000061"", ""predicate_iri"": ""http://purl.obolibrary.org/obo/RO_0002567"", ""predicate_type"": ""object"", ""subject_iri"": ""http://purl.obolibrary.org/obo/UBERON_0000061""}, ""text"": ""anatomical structure biomechanically related to anatomical structure."", ""triple"": [""anatomical structure"", ""biomechanically related to"", ""anatomical structure""]}, {""characteristics"": [], ""meta"": {""object_iri"": ""http://purl.obolibrary.org/obo/UBERON_0000061"", ""predicate_iri"": ""http://purl.obolibrary.org/obo/RO_0002576"", ""predicate_type"": ""object"", ""subject_iri"": ""http://purl.obolibrary.org/obo/UBERON_0000061""}, ""text"": ""anatomical structure skeleton of anatomical structure."", ""triple"": [""anatomical structure"", ""skeleton of"", ""anatomical structure""]}, {""characteristics"": [], ""meta"": {""object_iri"": ""http://purl.obolibrary.org/obo/UBERON_0000061"", ""predicate_iri"": ""http://purl.obolibrary.org/obo/RO_0020102"", ""predicate_type"": ""object"", ""subject_iri"": ""http://purl.obolibrary.org/obo/UBERON_0001981""}, ""text"": ""blood vessel vessel drains blood from anatomical structure."", ""triple"": [""blood vessel"", ""vessel drains blood from"", ""anatomical structure""]}, {""characteristics"": [], ""meta"": {""object_iri"": ""http://purl.obolibrary.org/obo/UBERON_0000061"", ""predicate_iri"": ""http://purl.obolibrary.org/obo/RO_0020101"", ""predicate_type"": ""object"", ""subject_iri"": ""http://purl.obolibrary.org/obo/UBERON_0001981""}, ""text"": ""blood vessel vessel supplies blood to anatomical structure."", ""triple"": [""blood vessel"", ""vessel supplies blood to"", ""anatomical structure""]}]","{""health_supplement"": true, ""original_id"": """", ""source_generation_file"": ""bench_health/bench_3_4/Health_Medicine/Human_Phenotype_Ontology/hp/property_hp.json""}"
L4_Health_Medicine_Human_Phenotype_Ontology_property_hp_00024,"In the Human Phenotype Ontology, given the following set of classes and properties, construct only object- and data-property relationships. Do not output subClassOf triples. Output only triples in the form (subject, predicate, object).

Classes:
- anatomical structure
- anatomical wall
- conjunctiva
- multicellular anatomical structure
- organ component layer
- organ part
- organ subunit
- stroma
- subdivision of tube
- zone of organ

Object Properties:
- attached to part of
- biomechanically related to
- skeleton of

Data Properties:
None",,"(anatomical structure, attached to part of, anatomical structure)
(anatomical structure, biomechanically related to, anatomical structure)
(anatomical structure, skeleton of, anatomical structure)",3_4,L4,Property Relation Construction,Learning,Generation,triple_f1,Health_Medicine,Health_Medicine/Human_Phenotype_Ontology,bench_health/bench_3_4/Health_Medicine/Human_Phenotype_Ontology/hp/property_hp.json,23,,,,"(anatomical structure, attached to part of, anatomical structure)
(anatomical structure, biomechanically related to, anatomical structure)
(anatomical structure, skeleton of, anatomical structure)",,,"[{""characteristics"": [], ""meta"": {""object_iri"": ""http://purl.obolibrary.org/obo/UBERON_0000061"", ""predicate_iri"": ""http://purl.obolibrary.org/obo/RO_0002177"", ""predicate_type"": ""object"", ""subject_iri"": ""http://purl.obolibrary.org/obo/UBERON_0000061""}, ""text"": ""anatomical structure attached to part of anatomical structure."", ""triple"": [""anatomical structure"", ""attached to part of"", ""anatomical structure""]}, {""characteristics"": [], ""meta"": {""object_iri"": ""http://purl.obolibrary.org/obo/UBERON_0000061"", ""predicate_iri"": ""http://purl.obolibrary.org/obo/RO_0002567"", ""predicate_type"": ""object"", ""subject_iri"": ""http://purl.obolibrary.org/obo/UBERON_0000061""}, ""text"": ""anatomical structure biomechanically related to anatomical structure."", ""triple"": [""anatomical structure"", ""biomechanically related to"", ""anatomical structure""]}, {""characteristics"": [], ""meta"": {""object_iri"": ""http://purl.obolibrary.org/obo/UBERON_0000061"", ""predicate_iri"": ""http://purl.obolibrary.org/obo/RO_0002576"", ""predicate_type"": ""object"", ""subject_iri"": ""http://purl.obolibrary.org/obo/UBERON_0000061""}, ""text"": ""anatomical structure skeleton of anatomical structure."", ""triple"": [""anatomical structure"", ""skeleton of"", ""anatomical structure""]}]","{""health_supplement"": true, ""original_id"": """", ""source_generation_file"": ""bench_health/bench_3_4/Health_Medicine/Human_Phenotype_Ontology/hp/property_hp.json""}"
L4_Health_Medicine_Human_Phenotype_Ontology_property_hp_00025,"In the Human Phenotype Ontology, given the following set of classes and properties, construct only object- and data-property relationships. Do not output subClassOf triples. Output only triples in the form (subject, predicate, object).

Classes:
- anatomical structure
- central nervous system cell part cluster
- ecto-epithelium
- ectoderm-derived structure
- epithelium
- material anatomical entity
- neural crest-derived structure
- regional part of brain
- strand of hair
- zone of skin

Object Properties:
- attached to part of
- biomechanically related to
- developmentally induced by
- has plasma membrane part
- skeleton of

Data Properties:
None",,"(anatomical structure, attached to part of, anatomical structure)
(anatomical structure, biomechanically related to, anatomical structure)
(anatomical structure, skeleton of, anatomical structure)
(material anatomical entity, developmentally induced by, material anatomical entity)
(material anatomical entity, has plasma membrane part, material anatomical entity)",3_4,L4,Property Relation Construction,Learning,Generation,triple_f1,Health_Medicine,Health_Medicine/Human_Phenotype_Ontology,bench_health/bench_3_4/Health_Medicine/Human_Phenotype_Ontology/hp/property_hp.json,24,,,,"(anatomical structure, attached to part of, anatomical structure)
(anatomical structure, biomechanically related to, anatomical structure)
(anatomical structure, skeleton of, anatomical structure)
(material anatomical entity, developmentally induced by, material anatomical entity)
(material anatomical entity, has plasma membrane part, material anatomical entity)",,,"[{""characteristics"": [], ""meta"": {""object_iri"": ""http://purl.obolibrary.org/obo/UBERON_0000061"", ""predicate_iri"": ""http://purl.obolibrary.org/obo/RO_0002177"", ""predicate_type"": ""object"", ""subject_iri"": ""http://purl.obolibrary.org/obo/UBERON_0000061""}, ""text"": ""anatomical structure attached to part of anatomical structure."", ""triple"": [""anatomical structure"", ""attached to part of"", ""anatomical structure""]}, {""characteristics"": [], ""meta"": {""object_iri"": ""http://purl.obolibrary.org/obo/UBERON_0000061"", ""predicate_iri"": ""http://purl.obolibrary.org/obo/RO_0002567"", ""predicate_type"": ""object"", ""subject_iri"": ""http://purl.obolibrary.org/obo/UBERON_0000061""}, ""text"": ""anatomical structure biomechanically related to anatomical structure."", ""triple"": [""anatomical structure"", ""biomechanically related to"", ""anatomical structure""]}, {""characteristics"": [], ""meta"": {""object_iri"": ""http://purl.obolibrary.org/obo/UBERON_0000061"", ""predicate_iri"": ""http://purl.obolibrary.org/obo/RO_0002576"", ""predicate_type"": ""object"", ""subject_iri"": ""http://purl.obolibrary.org/obo/UBERON_0000061""}, ""text"": ""anatomical structure skeleton of anatomical structure."", ""triple"": [""anatomical structure"", ""skeleton of"", ""anatomical structure""]}, {""characteristics"": [], ""meta"": {""object_iri"": ""http://purl.obolibrary.org/obo/UBERON_0000465"", ""predicate_iri"": ""http://purl.obolibrary.org/obo/RO_0002256"", ""predicate_type"": ""object"", ""subject_iri"": ""http://purl.obolibrary.org/obo/UBERON_0000465""}, ""text"": ""material anatomical entity developmentally induced by material anatomical entity."", ""triple"": [""material anatomical entity"", ""developmentally induced by"", ""material anatomical entity""]}, {""characteristics"": [], ""meta"": {""object_iri"": ""http://purl.obolibrary.org/obo/UBERON_0000465"", ""predicate_iri"": ""http://purl.obolibrary.org/obo/RO_0002104"", ""predicate_type"": ""object"", ""subject_iri"": ""http://purl.obolibrary.org/obo/UBERON_0000465""}, ""text"": ""material anatomical entity has plasma membrane part material anatomical entity."", ""triple"": [""material anatomical entity"", ""has plasma membrane part"", ""material anatomical entity""]}]","{""health_supplement"": true, ""original_id"": """", ""source_generation_file"": ""bench_health/bench_3_4/Health_Medicine/Human_Phenotype_Ontology/hp/property_hp.json""}"
L4_Health_Medicine_Human_Phenotype_Ontology_property_hp_00026,"In the Human Phenotype Ontology, given the following set of classes and properties, construct only object- and data-property relationships. Do not output subClassOf triples. Output only triples in the form (subject, predicate, object).

Classes:
- apical ectodermal ridge
- developing anatomical structure
- embryonic structure
- endocardial cushion
- material anatomical entity
- neural fold
- paired limb/fin field
- pectoral appendage apical ectodermal ridge
- pharyngeal pouch
- presumptive structure

Object Properties:
- developmentally induced by
- has plasma membrane part

Data Properties:
None",,"(material anatomical entity, developmentally induced by, material anatomical entity)
(material anatomical entity, has plasma membrane part, material anatomical entity)",3_4,L4,Property Relation Construction,Learning,Generation,triple_f1,Health_Medicine,Health_Medicine/Human_Phenotype_Ontology,bench_health/bench_3_4/Health_Medicine/Human_Phenotype_Ontology/hp/property_hp.json,25,,,,"(material anatomical entity, developmentally induced by, material anatomical entity)
(material anatomical entity, has plasma membrane part, material anatomical entity)",,,"[{""characteristics"": [], ""meta"": {""object_iri"": ""http://purl.obolibrary.org/obo/UBERON_0000465"", ""predicate_iri"": ""http://purl.obolibrary.org/obo/RO_0002256"", ""predicate_type"": ""object"", ""subject_iri"": ""http://purl.obolibrary.org/obo/UBERON_0000465""}, ""text"": ""material anatomical entity developmentally induced by material anatomical entity."", ""triple"": [""material anatomical entity"", ""developmentally induced by"", ""material anatomical entity""]}, {""characteristics"": [], ""meta"": {""object_iri"": ""http://purl.obolibrary.org/obo/UBERON_0000465"", ""predicate_iri"": ""http://purl.obolibrary.org/obo/RO_0002104"", ""predicate_type"": ""object"", ""subject_iri"": ""http://purl.obolibrary.org/obo/UBERON_0000465""}, ""text"": ""material anatomical entity has plasma membrane part material anatomical entity."", ""triple"": [""material anatomical entity"", ""has plasma membrane part"", ""material anatomical entity""]}]","{""health_supplement"": true, ""original_id"": """", ""source_generation_file"": ""bench_health/bench_3_4/Health_Medicine/Human_Phenotype_Ontology/hp/property_hp.json""}"
L4_Health_Medicine_Human_Phenotype_Ontology_property_hp_00027,"In the Human Phenotype Ontology, given the following set of classes and properties, construct only object- and data-property relationships. Do not output subClassOf triples. Output only triples in the form (subject, predicate, object).

Classes:
- anatomical structure
- cavitated compound organ
- cranial neuron projection bundle
- kidney
- lateral structure
- lung
- nasal bone
- respiration organ
- ureter
- ventral horn of spinal cord

Object Properties:
- attached to part of
- biomechanically related to
- skeleton of

Data Properties:
None",,"(anatomical structure, attached to part of, anatomical structure)
(anatomical structure, biomechanically related to, anatomical structure)
(anatomical structure, skeleton of, anatomical structure)",3_4,L4,Property Relation Construction,Learning,Generation,triple_f1,Health_Medicine,Health_Medicine/Human_Phenotype_Ontology,bench_health/bench_3_4/Health_Medicine/Human_Phenotype_Ontology/hp/property_hp.json,26,,,,"(anatomical structure, attached to part of, anatomical structure)
(anatomical structure, biomechanically related to, anatomical structure)
(anatomical structure, skeleton of, anatomical structure)",,,"[{""characteristics"": [], ""meta"": {""object_iri"": ""http://purl.obolibrary.org/obo/UBERON_0000061"", ""predicate_iri"": ""http://purl.obolibrary.org/obo/RO_0002177"", ""predicate_type"": ""object"", ""subject_iri"": ""http://purl.obolibrary.org/obo/UBERON_0000061""}, ""text"": ""anatomical structure attached to part of anatomical structure."", ""triple"": [""anatomical structure"", ""attached to part of"", ""anatomical structure""]}, {""characteristics"": [], ""meta"": {""object_iri"": ""http://purl.obolibrary.org/obo/UBERON_0000061"", ""predicate_iri"": ""http://purl.obolibrary.org/obo/RO_0002567"", ""predicate_type"": ""object"", ""subject_iri"": ""http://purl.obolibrary.org/obo/UBERON_0000061""}, ""text"": ""anatomical structure biomechanically related to anatomical structure."", ""triple"": [""anatomical structure"", ""biomechanically related to"", ""anatomical structure""]}, {""characteristics"": [], ""meta"": {""object_iri"": ""http://purl.obolibrary.org/obo/UBERON_0000061"", ""predicate_iri"": ""http://purl.obolibrary.org/obo/RO_0002576"", ""predicate_type"": ""object"", ""subject_iri"": ""http://purl.obolibrary.org/obo/UBERON_0000061""}, ""text"": ""anatomical structure skeleton of anatomical structure."", ""triple"": [""anatomical structure"", ""skeleton of"", ""anatomical structure""]}]","{""health_supplement"": true, ""original_id"": """", ""source_generation_file"": ""bench_health/bench_3_4/Health_Medicine/Human_Phenotype_Ontology/hp/property_hp.json""}"
L4_Health_Medicine_Human_Phenotype_Ontology_property_hp_00028,"In the Human Phenotype Ontology, given the following set of classes and properties, construct only object- and data-property relationships. Do not output subClassOf triples. Output only triples in the form (subject, predicate, object).

Classes:
- anatomical structure
- bile duct
- endo-epithelium
- endoderm-derived structure
- laryngeal cartilage
- material anatomical entity
- mixed endoderm/mesoderm-derived structure
- respiratory tube
- taste bud
- tube

Object Properties:
- attached to part of
- biomechanically related to
- developmentally induced by
- has plasma membrane part
- skeleton of

Data Properties:
None",,"(anatomical structure, attached to part of, anatomical structure)
(anatomical structure, biomechanically related to, anatomical structure)
(anatomical structure, skeleton of, anatomical structure)
(material anatomical entity, developmentally induced by, material anatomical entity)
(material anatomical entity, has plasma membrane part, material anatomical entity)",3_4,L4,Property Relation Construction,Learning,Generation,triple_f1,Health_Medicine,Health_Medicine/Human_Phenotype_Ontology,bench_health/bench_3_4/Health_Medicine/Human_Phenotype_Ontology/hp/property_hp.json,27,,,,"(anatomical structure, attached to part of, anatomical structure)
(anatomical structure, biomechanically related to, anatomical structure)
(anatomical structure, skeleton of, anatomical structure)
(material anatomical entity, developmentally induced by, material anatomical entity)
(material anatomical entity, has plasma membrane part, material anatomical entity)",,,"[{""characteristics"": [], ""meta"": {""object_iri"": ""http://purl.obolibrary.org/obo/UBERON_0000061"", ""predicate_iri"": ""http://purl.obolibrary.org/obo/RO_0002177"", ""predicate_type"": ""object"", ""subject_iri"": ""http://purl.obolibrary.org/obo/UBERON_0000061""}, ""text"": ""anatomical structure attached to part of anatomical structure."", ""triple"": [""anatomical structure"", ""attached to part of"", ""anatomical structure""]}, {""characteristics"": [], ""meta"": {""object_iri"": ""http://purl.obolibrary.org/obo/UBERON_0000061"", ""predicate_iri"": ""http://purl.obolibrary.org/obo/RO_0002567"", ""predicate_type"": ""object"", ""subject_iri"": ""http://purl.obolibrary.org/obo/UBERON_0000061""}, ""text"": ""anatomical structure biomechanically related to anatomical structure."", ""triple"": [""anatomical structure"", ""biomechanically related to"", ""anatomical structure""]}, {""characteristics"": [], ""meta"": {""object_iri"": ""http://purl.obolibrary.org/obo/UBERON_0000061"", ""predicate_iri"": ""http://purl.obolibrary.org/obo/RO_0002576"", ""predicate_type"": ""object"", ""subject_iri"": ""http://purl.obolibrary.org/obo/UBERON_0000061""}, ""text"": ""anatomical structure skeleton of anatomical structure."", ""triple"": [""anatomical structure"", ""skeleton of"", ""anatomical structure""]}, {""characteristics"": [], ""meta"": {""object_iri"": ""http://purl.obolibrary.org/obo/UBERON_0000465"", ""predicate_iri"": ""http://purl.obolibrary.org/obo/RO_0002256"", ""predicate_type"": ""object"", ""subject_iri"": ""http://purl.obolibrary.org/obo/UBERON_0000465""}, ""text"": ""material anatomical entity developmentally induced by material anatomical entity."", ""triple"": [""material anatomical entity"", ""developmentally induced by"", ""material anatomical entity""]}, {""characteristics"": [], ""meta"": {""object_iri"": ""http://purl.obolibrary.org/obo/UBERON_0000465"", ""predicate_iri"": ""http://purl.obolibrary.org/obo/RO_0002104"", ""predicate_type"": ""object"", ""subject_iri"": ""http://purl.obolibrary.org/obo/UBERON_0000465""}, ""text"": ""material anatomical entity has plasma membrane part material anatomical entity."", ""triple"": [""material anatomical entity"", ""has plasma membrane part"", ""material anatomical entity""]}]","{""health_supplement"": true, ""original_id"": """", ""source_generation_file"": ""bench_health/bench_3_4/Health_Medicine/Human_Phenotype_Ontology/hp/property_hp.json""}"
L4_Health_Medicine_Human_Phenotype_Ontology_property_hp_00029,"In the Human Phenotype Ontology, given the following set of classes and properties, construct only object- and data-property relationships. Do not output subClassOf triples. Output only triples in the form (subject, predicate, object).

Classes:
- apical ectodermal ridge
- developing anatomical structure
- embryonic structure
- endocardial cushion
- material anatomical entity
- neural fold
- paired limb/fin field
- pectoral appendage apical ectodermal ridge
- pharyngeal pouch
- presumptive structure

Object Properties:
- developmentally induced by
- has plasma membrane part

Data Properties:
None",,"(material anatomical entity, developmentally induced by, material anatomical entity)
(material anatomical entity, has plasma membrane part, material anatomical entity)",3_4,L4,Property Relation Construction,Learning,Generation,triple_f1,Health_Medicine,Health_Medicine/Human_Phenotype_Ontology,bench_health/bench_3_4/Health_Medicine/Human_Phenotype_Ontology/hp/property_hp.json,28,,,,"(material anatomical entity, developmentally induced by, material anatomical entity)
(material anatomical entity, has plasma membrane part, material anatomical entity)",,,"[{""characteristics"": [], ""meta"": {""object_iri"": ""http://purl.obolibrary.org/obo/UBERON_0000465"", ""predicate_iri"": ""http://purl.obolibrary.org/obo/RO_0002256"", ""predicate_type"": ""object"", ""subject_iri"": ""http://purl.obolibrary.org/obo/UBERON_0000465""}, ""text"": ""material anatomical entity developmentally induced by material anatomical entity."", ""triple"": [""material anatomical entity"", ""developmentally induced by"", ""material anatomical entity""]}, {""characteristics"": [], ""meta"": {""object_iri"": ""http://purl.obolibrary.org/obo/UBERON_0000465"", ""predicate_iri"": ""http://purl.obolibrary.org/obo/RO_0002104"", ""predicate_type"": ""object"", ""subject_iri"": ""http://purl.obolibrary.org/obo/UBERON_0000465""}, ""text"": ""material anatomical entity has plasma membrane part material anatomical entity."", ""triple"": [""material anatomical entity"", ""has plasma membrane part"", ""material anatomical entity""]}]","{""health_supplement"": true, ""original_id"": """", ""source_generation_file"": ""bench_health/bench_3_4/Health_Medicine/Human_Phenotype_Ontology/hp/property_hp.json""}"
L4_Health_Medicine_Human_Phenotype_Ontology_property_hp_00030,"In the Human Phenotype Ontology, given the following set of classes and properties, construct only object- and data-property relationships. Do not output subClassOf triples. Output only triples in the form (subject, predicate, object).

Classes:
- anatomical structure
- cavitated compound organ
- cranial neuron projection bundle
- kidney
- lateral structure
- lung
- material anatomical entity
- nasal bone
- ureter
- ventral horn of spinal cord

Object Properties:
- attached to part of
- biomechanically related to
- developmentally induced by
- has plasma membrane part
- skeleton of

Data Properties:
None",,"(anatomical structure, attached to part of, anatomical structure)
(anatomical structure, biomechanically related to, anatomical structure)
(anatomical structure, skeleton of, anatomical structure)
(material anatomical entity, developmentally induced by, material anatomical entity)
(material anatomical entity, has plasma membrane part, material anatomical entity)",3_4,L4,Property Relation Construction,Learning,Generation,triple_f1,Health_Medicine,Health_Medicine/Human_Phenotype_Ontology,bench_health/bench_3_4/Health_Medicine/Human_Phenotype_Ontology/hp/property_hp.json,29,,,,"(anatomical structure, attached to part of, anatomical structure)
(anatomical structure, biomechanically related to, anatomical structure)
(anatomical structure, skeleton of, anatomical structure)
(material anatomical entity, developmentally induced by, material anatomical entity)
(material anatomical entity, has plasma membrane part, material anatomical entity)",,,"[{""characteristics"": [], ""meta"": {""object_iri"": ""http://purl.obolibrary.org/obo/UBERON_0000061"", ""predicate_iri"": ""http://purl.obolibrary.org/obo/RO_0002177"", ""predicate_type"": ""object"", ""subject_iri"": ""http://purl.obolibrary.org/obo/UBERON_0000061""}, ""text"": ""anatomical structure attached to part of anatomical structure."", ""triple"": [""anatomical structure"", ""attached to part of"", ""anatomical structure""]}, {""characteristics"": [], ""meta"": {""object_iri"": ""http://purl.obolibrary.org/obo/UBERON_0000061"", ""predicate_iri"": ""http://purl.obolibrary.org/obo/RO_0002567"", ""predicate_type"": ""object"", ""subject_iri"": ""http://purl.obolibrary.org/obo/UBERON_0000061""}, ""text"": ""anatomical structure biomechanically related to anatomical structure."", ""triple"": [""anatomical structure"", ""biomechanically related to"", ""anatomical structure""]}, {""characteristics"": [], ""meta"": {""object_iri"": ""http://purl.obolibrary.org/obo/UBERON_0000061"", ""predicate_iri"": ""http://purl.obolibrary.org/obo/RO_0002576"", ""predicate_type"": ""object"", ""subject_iri"": ""http://purl.obolibrary.org/obo/UBERON_0000061""}, ""text"": ""anatomical structure skeleton of anatomical structure."", ""triple"": [""anatomical structure"", ""skeleton of"", ""anatomical structure""]}, {""characteristics"": [], ""meta"": {""object_iri"": ""http://purl.obolibrary.org/obo/UBERON_0000465"", ""predicate_iri"": ""http://purl.obolibrary.org/obo/RO_0002256"", ""predicate_type"": ""object"", ""subject_iri"": ""http://purl.obolibrary.org/obo/UBERON_0000465""}, ""text"": ""material anatomical entity developmentally induced by material anatomical entity."", ""triple"": [""material anatomical entity"", ""developmentally induced by"", ""material anatomical entity""]}, {""characteristics"": [], ""meta"": {""object_iri"": ""http://purl.obolibrary.org/obo/UBERON_0000465"", ""predicate_iri"": ""http://purl.obolibrary.org/obo/RO_0002104"", ""predicate_type"": ""object"", ""subject_iri"": ""http://purl.obolibrary.org/obo/UBERON_0000465""}, ""text"": ""material anatomical entity has plasma membrane part material anatomical entity."", ""triple"": [""material anatomical entity"", ""has plasma membrane part"", ""material anatomical entity""]}]","{""health_supplement"": true, ""original_id"": """", ""source_generation_file"": ""bench_health/bench_3_4/Health_Medicine/Human_Phenotype_Ontology/hp/property_hp.json""}"
L4_Health_Medicine_Human_Phenotype_Ontology_property_hp_00031,"In the Human Phenotype Ontology, given the following set of classes and properties, construct only object- and data-property relationships. Do not output subClassOf triples. Output only triples in the form (subject, predicate, object).

Classes:
- anatomical structure
- auditory ossicle endochondral element
- calcareous tooth
- ectoderm-derived structure
- facial bone
- mesenchyme derived from neural crest
- neural crest-derived structure
- structure with developmental contribution from neural crest
- tooth of lower jaw
- tooth of upper jaw

Object Properties:
- attached to part of
- biomechanically related to
- skeleton of

Data Properties:
None",,"(anatomical structure, attached to part of, anatomical structure)
(anatomical structure, biomechanically related to, anatomical structure)
(anatomical structure, skeleton of, anatomical structure)",3_4,L4,Property Relation Construction,Learning,Generation,triple_f1,Health_Medicine,Health_Medicine/Human_Phenotype_Ontology,bench_health/bench_3_4/Health_Medicine/Human_Phenotype_Ontology/hp/property_hp.json,30,,,,"(anatomical structure, attached to part of, anatomical structure)
(anatomical structure, biomechanically related to, anatomical structure)
(anatomical structure, skeleton of, anatomical structure)",,,"[{""characteristics"": [], ""meta"": {""object_iri"": ""http://purl.obolibrary.org/obo/UBERON_0000061"", ""predicate_iri"": ""http://purl.obolibrary.org/obo/RO_0002177"", ""predicate_type"": ""object"", ""subject_iri"": ""http://purl.obolibrary.org/obo/UBERON_0000061""}, ""text"": ""anatomical structure attached to part of anatomical structure."", ""triple"": [""anatomical structure"", ""attached to part of"", ""anatomical structure""]}, {""characteristics"": [], ""meta"": {""object_iri"": ""http://purl.obolibrary.org/obo/UBERON_0000061"", ""predicate_iri"": ""http://purl.obolibrary.org/obo/RO_0002567"", ""predicate_type"": ""object"", ""subject_iri"": ""http://purl.obolibrary.org/obo/UBERON_0000061""}, ""text"": ""anatomical structure biomechanically related to anatomical structure."", ""triple"": [""anatomical structure"", ""biomechanically related to"", ""anatomical structure""]}, {""characteristics"": [], ""meta"": {""object_iri"": ""http://purl.obolibrary.org/obo/UBERON_0000061"", ""predicate_iri"": ""http://purl.obolibrary.org/obo/RO_0002576"", ""predicate_type"": ""object"", ""subject_iri"": ""http://purl.obolibrary.org/obo/UBERON_0000061""}, ""text"": ""anatomical structure skeleton of anatomical structure."", ""triple"": [""anatomical structure"", ""skeleton of"", ""anatomical structure""]}]","{""health_supplement"": true, ""original_id"": """", ""source_generation_file"": ""bench_health/bench_3_4/Health_Medicine/Human_Phenotype_Ontology/hp/property_hp.json""}"
L4_Health_Medicine_Human_Phenotype_Ontology_property_hp_00032,"In the Human Phenotype Ontology, given the following set of classes and properties, construct only object- and data-property relationships. Do not output subClassOf triples. Output only triples in the form (subject, predicate, object).

Classes:
- anatomical structure
- central nervous system cell part cluster
- cutaneous appendage
- ecto-epithelium
- ectoderm-derived structure
- material anatomical entity
- neural crest-derived structure
- regional part of brain
- strand of hair
- zone of skin

Object Properties:
- attached to part of
- biomechanically related to
- developmentally induced by
- has plasma membrane part
- skeleton of

Data Properties:
None",,"(anatomical structure, attached to part of, anatomical structure)
(anatomical structure, biomechanically related to, anatomical structure)
(anatomical structure, skeleton of, anatomical structure)
(material anatomical entity, developmentally induced by, material anatomical entity)
(material anatomical entity, has plasma membrane part, material anatomical entity)",3_4,L4,Property Relation Construction,Learning,Generation,triple_f1,Health_Medicine,Health_Medicine/Human_Phenotype_Ontology,bench_health/bench_3_4/Health_Medicine/Human_Phenotype_Ontology/hp/property_hp.json,31,,,,"(anatomical structure, attached to part of, anatomical structure)
(anatomical structure, biomechanically related to, anatomical structure)
(anatomical structure, skeleton of, anatomical structure)
(material anatomical entity, developmentally induced by, material anatomical entity)
(material anatomical entity, has plasma membrane part, material anatomical entity)",,,"[{""characteristics"": [], ""meta"": {""object_iri"": ""http://purl.obolibrary.org/obo/UBERON_0000061"", ""predicate_iri"": ""http://purl.obolibrary.org/obo/RO_0002177"", ""predicate_type"": ""object"", ""subject_iri"": ""http://purl.obolibrary.org/obo/UBERON_0000061""}, ""text"": ""anatomical structure attached to part of anatomical structure."", ""triple"": [""anatomical structure"", ""attached to part of"", ""anatomical structure""]}, {""characteristics"": [], ""meta"": {""object_iri"": ""http://purl.obolibrary.org/obo/UBERON_0000061"", ""predicate_iri"": ""http://purl.obolibrary.org/obo/RO_0002567"", ""predicate_type"": ""object"", ""subject_iri"": ""http://purl.obolibrary.org/obo/UBERON_0000061""}, ""text"": ""anatomical structure biomechanically related to anatomical structure."", ""triple"": [""anatomical structure"", ""biomechanically related to"", ""anatomical structure""]}, {""characteristics"": [], ""meta"": {""object_iri"": ""http://purl.obolibrary.org/obo/UBERON_0000061"", ""predicate_iri"": ""http://purl.obolibrary.org/obo/RO_0002576"", ""predicate_type"": ""object"", ""subject_iri"": ""http://purl.obolibrary.org/obo/UBERON_0000061""}, ""text"": ""anatomical structure skeleton of anatomical structure."", ""triple"": [""anatomical structure"", ""skeleton of"", ""anatomical structure""]}, {""characteristics"": [], ""meta"": {""object_iri"": ""http://purl.obolibrary.org/obo/UBERON_0000465"", ""predicate_iri"": ""http://purl.obolibrary.org/obo/RO_0002256"", ""predicate_type"": ""object"", ""subject_iri"": ""http://purl.obolibrary.org/obo/UBERON_0000465""}, ""text"": ""material anatomical entity developmentally induced by material anatomical entity."", ""triple"": [""material anatomical entity"", ""developmentally induced by"", ""material anatomical entity""]}, {""characteristics"": [], ""meta"": {""object_iri"": ""http://purl.obolibrary.org/obo/UBERON_0000465"", ""predicate_iri"": ""http://purl.obolibrary.org/obo/RO_0002104"", ""predicate_type"": ""object"", ""subject_iri"": ""http://purl.obolibrary.org/obo/UBERON_0000465""}, ""text"": ""material anatomical entity has plasma membrane part material anatomical entity."", ""triple"": [""material anatomical entity"", ""has plasma membrane part"", ""material anatomical entity""]}]","{""health_supplement"": true, ""original_id"": """", ""source_generation_file"": ""bench_health/bench_3_4/Health_Medicine/Human_Phenotype_Ontology/hp/property_hp.json""}"
L4_Health_Medicine_Human_Phenotype_Ontology_property_hp_00033,"In the Human Phenotype Ontology, given the following set of classes and properties, construct only object- and data-property relationships. Do not output subClassOf triples. Output only triples in the form (subject, predicate, object).

Classes:
- anatomical structure
- bile duct
- endo-epithelium
- endoderm-derived structure
- epithelium
- laryngeal cartilage
- material anatomical entity
- mixed endoderm/mesoderm-derived structure
- respiratory tube
- taste bud

Object Properties:
- attached to part of
- biomechanically related to
- developmentally induced by
- has plasma membrane part
- skeleton of

Data Properties:
None",,"(anatomical structure, attached to part of, anatomical structure)
(anatomical structure, biomechanically related to, anatomical structure)
(anatomical structure, skeleton of, anatomical structure)
(material anatomical entity, developmentally induced by, material anatomical entity)
(material anatomical entity, has plasma membrane part, material anatomical entity)",3_4,L4,Property Relation Construction,Learning,Generation,triple_f1,Health_Medicine,Health_Medicine/Human_Phenotype_Ontology,bench_health/bench_3_4/Health_Medicine/Human_Phenotype_Ontology/hp/property_hp.json,32,,,,"(anatomical structure, attached to part of, anatomical structure)
(anatomical structure, biomechanically related to, anatomical structure)
(anatomical structure, skeleton of, anatomical structure)
(material anatomical entity, developmentally induced by, material anatomical entity)
(material anatomical entity, has plasma membrane part, material anatomical entity)",,,"[{""characteristics"": [], ""meta"": {""object_iri"": ""http://purl.obolibrary.org/obo/UBERON_0000061"", ""predicate_iri"": ""http://purl.obolibrary.org/obo/RO_0002177"", ""predicate_type"": ""object"", ""subject_iri"": ""http://purl.obolibrary.org/obo/UBERON_0000061""}, ""text"": ""anatomical structure attached to part of anatomical structure."", ""triple"": [""anatomical structure"", ""attached to part of"", ""anatomical structure""]}, {""characteristics"": [], ""meta"": {""object_iri"": ""http://purl.obolibrary.org/obo/UBERON_0000061"", ""predicate_iri"": ""http://purl.obolibrary.org/obo/RO_0002567"", ""predicate_type"": ""object"", ""subject_iri"": ""http://purl.obolibrary.org/obo/UBERON_0000061""}, ""text"": ""anatomical structure biomechanically related to anatomical structure."", ""triple"": [""anatomical structure"", ""biomechanically related to"", ""anatomical structure""]}, {""characteristics"": [], ""meta"": {""object_iri"": ""http://purl.obolibrary.org/obo/UBERON_0000061"", ""predicate_iri"": ""http://purl.obolibrary.org/obo/RO_0002576"", ""predicate_type"": ""object"", ""subject_iri"": ""http://purl.obolibrary.org/obo/UBERON_0000061""}, ""text"": ""anatomical structure skeleton of anatomical structure."", ""triple"": [""anatomical structure"", ""skeleton of"", ""anatomical structure""]}, {""characteristics"": [], ""meta"": {""object_iri"": ""http://purl.obolibrary.org/obo/UBERON_0000465"", ""predicate_iri"": ""http://purl.obolibrary.org/obo/RO_0002256"", ""predicate_type"": ""object"", ""subject_iri"": ""http://purl.obolibrary.org/obo/UBERON_0000465""}, ""text"": ""material anatomical entity developmentally induced by material anatomical entity."", ""triple"": [""material anatomical entity"", ""developmentally induced by"", ""material anatomical entity""]}, {""characteristics"": [], ""meta"": {""object_iri"": ""http://purl.obolibrary.org/obo/UBERON_0000465"", ""predicate_iri"": ""http://purl.obolibrary.org/obo/RO_0002104"", ""predicate_type"": ""object"", ""subject_iri"": ""http://purl.obolibrary.org/obo/UBERON_0000465""}, ""text"": ""material anatomical entity has plasma membrane part material anatomical entity."", ""triple"": [""material anatomical entity"", ""has plasma membrane part"", ""material anatomical entity""]}]","{""health_supplement"": true, ""original_id"": """", ""source_generation_file"": ""bench_health/bench_3_4/Health_Medicine/Human_Phenotype_Ontology/hp/property_hp.json""}"
L4_Health_Medicine_Human_Phenotype_Ontology_property_hp_00034,"In the Human Phenotype Ontology, given the following set of classes and properties, construct only object- and data-property relationships. Do not output subClassOf triples. Output only triples in the form (subject, predicate, object).

Classes:
- anatomical structure
- bile duct
- endo-epithelium
- endoderm-derived structure
- gustatory organ
- laryngeal cartilage
- mixed endoderm/mesoderm-derived structure
- respiratory tube
- taste bud
- tube

Object Properties:
- attached to part of
- biomechanically related to
- skeleton of

Data Properties:
None",,"(anatomical structure, attached to part of, anatomical structure)
(anatomical structure, biomechanically related to, anatomical structure)
(anatomical structure, skeleton of, anatomical structure)",3_4,L4,Property Relation Construction,Learning,Generation,triple_f1,Health_Medicine,Health_Medicine/Human_Phenotype_Ontology,bench_health/bench_3_4/Health_Medicine/Human_Phenotype_Ontology/hp/property_hp.json,33,,,,"(anatomical structure, attached to part of, anatomical structure)
(anatomical structure, biomechanically related to, anatomical structure)
(anatomical structure, skeleton of, anatomical structure)",,,"[{""characteristics"": [], ""meta"": {""object_iri"": ""http://purl.obolibrary.org/obo/UBERON_0000061"", ""predicate_iri"": ""http://purl.obolibrary.org/obo/RO_0002177"", ""predicate_type"": ""object"", ""subject_iri"": ""http://purl.obolibrary.org/obo/UBERON_0000061""}, ""text"": ""anatomical structure attached to part of anatomical structure."", ""triple"": [""anatomical structure"", ""attached to part of"", ""anatomical structure""]}, {""characteristics"": [], ""meta"": {""object_iri"": ""http://purl.obolibrary.org/obo/UBERON_0000061"", ""predicate_iri"": ""http://purl.obolibrary.org/obo/RO_0002567"", ""predicate_type"": ""object"", ""subject_iri"": ""http://purl.obolibrary.org/obo/UBERON_0000061""}, ""text"": ""anatomical structure biomechanically related to anatomical structure."", ""triple"": [""anatomical structure"", ""biomechanically related to"", ""anatomical structure""]}, {""characteristics"": [], ""meta"": {""object_iri"": ""http://purl.obolibrary.org/obo/UBERON_0000061"", ""predicate_iri"": ""http://purl.obolibrary.org/obo/RO_0002576"", ""predicate_type"": ""object"", ""subject_iri"": ""http://purl.obolibrary.org/obo/UBERON_0000061""}, ""text"": ""anatomical structure skeleton of anatomical structure."", ""triple"": [""anatomical structure"", ""skeleton of"", ""anatomical structure""]}]","{""health_supplement"": true, ""original_id"": """", ""source_generation_file"": ""bench_health/bench_3_4/Health_Medicine/Human_Phenotype_Ontology/hp/property_hp.json""}"
L4_Health_Medicine_Human_Phenotype_Ontology_property_hp_00035,"In the Human Phenotype Ontology, given the following set of classes and properties, construct only object- and data-property relationships. Do not output subClassOf triples. Output only triples in the form (subject, predicate, object).

Classes:
- anatomical structure
- blood vessel
- endoderm-derived structure
- material anatomical entity
- mesenchyme from somatopleure
- meso-epithelium
- mesoderm-derived structure
- mixed endoderm/mesoderm-derived structure
- pelvic girdle bone/zone
- serous membrane

Object Properties:
- attached to part of
- biomechanically related to
- developmentally induced by
- has plasma membrane part
- skeleton of
- vessel drains blood from
- vessel supplies blood to

Data Properties:
None",,"(anatomical structure, attached to part of, anatomical structure)
(anatomical structure, biomechanically related to, anatomical structure)
(anatomical structure, skeleton of, anatomical structure)
(blood vessel, vessel drains blood from, anatomical structure)
(blood vessel, vessel supplies blood to, anatomical structure)
(material anatomical entity, developmentally induced by, material anatomical entity)
(material anatomical entity, has plasma membrane part, material anatomical entity)",3_4,L4,Property Relation Construction,Learning,Generation,triple_f1,Health_Medicine,Health_Medicine/Human_Phenotype_Ontology,bench_health/bench_3_4/Health_Medicine/Human_Phenotype_Ontology/hp/property_hp.json,34,,,,"(anatomical structure, attached to part of, anatomical structure)
(anatomical structure, biomechanically related to, anatomical structure)
(anatomical structure, skeleton of, anatomical structure)
(blood vessel, vessel drains blood from, anatomical structure)
(blood vessel, vessel supplies blood to, anatomical structure)
(material anatomical entity, developmentally induced by, material anatomical entity)
(material anatomical entity, has plasma membrane part, material anatomical entity)",,,"[{""characteristics"": [], ""meta"": {""object_iri"": ""http://purl.obolibrary.org/obo/UBERON_0000061"", ""predicate_iri"": ""http://purl.obolibrary.org/obo/RO_0002177"", ""predicate_type"": ""object"", ""subject_iri"": ""http://purl.obolibrary.org/obo/UBERON_0000061""}, ""text"": ""anatomical structure attached to part of anatomical structure."", ""triple"": [""anatomical structure"", ""attached to part of"", ""anatomical structure""]}, {""characteristics"": [], ""meta"": {""object_iri"": ""http://purl.obolibrary.org/obo/UBERON_0000061"", ""predicate_iri"": ""http://purl.obolibrary.org/obo/RO_0002567"", ""predicate_type"": ""object"", ""subject_iri"": ""http://purl.obolibrary.org/obo/UBERON_0000061""}, ""text"": ""anatomical structure biomechanically related to anatomical structure."", ""triple"": [""anatomical structure"", ""biomechanically related to"", ""anatomical structure""]}, {""characteristics"": [], ""meta"": {""object_iri"": ""http://purl.obolibrary.org/obo/UBERON_0000061"", ""predicate_iri"": ""http://purl.obolibrary.org/obo/RO_0002576"", ""predicate_type"": ""object"", ""subject_iri"": ""http://purl.obolibrary.org/obo/UBERON_0000061""}, ""text"": ""anatomical structure skeleton of anatomical structure."", ""triple"": [""anatomical structure"", ""skeleton of"", ""anatomical structure""]}, {""characteristics"": [], ""meta"": {""object_iri"": ""http://purl.obolibrary.org/obo/UBERON_0000061"", ""predicate_iri"": ""http://purl.obolibrary.org/obo/RO_0020102"", ""predicate_type"": ""object"", ""subject_iri"": ""http://purl.obolibrary.org/obo/UBERON_0001981""}, ""text"": ""blood vessel vessel drains blood from anatomical structure."", ""triple"": [""blood vessel"", ""vessel drains blood from"", ""anatomical structure""]}, {""characteristics"": [], ""meta"": {""object_iri"": ""http://purl.obolibrary.org/obo/UBERON_0000061"", ""predicate_iri"": ""http://purl.obolibrary.org/obo/RO_0020101"", ""predicate_type"": ""object"", ""subject_iri"": ""http://purl.obolibrary.org/obo/UBERON_0001981""}, ""text"": ""blood vessel vessel supplies blood to anatomical structure."", ""triple"": [""blood vessel"", ""vessel supplies blood to"", ""anatomical structure""]}, {""characteristics"": [], ""meta"": {""object_iri"": ""http://purl.obolibrary.org/obo/UBERON_0000465"", ""predicate_iri"": ""http://purl.obolibrary.org/obo/RO_0002256"", ""predicate_type"": ""object"", ""subject_iri"": ""http://purl.obolibrary.org/obo/UBERON_0000465""}, ""text"": ""material anatomical entity developmentally induced by material anatomical entity."", ""triple"": [""material anatomical entity"", ""developmentally induced by"", ""material anatomical entity""]}, {""characteristics"": [], ""meta"": {""object_iri"": ""http://purl.obolibrary.org/obo/UBERON_0000465"", ""predicate_iri"": ""http://purl.obolibrary.org/obo/RO_0002104"", ""predicate_type"": ""object"", ""subject_iri"": ""http://purl.obolibrary.org/obo/UBERON_0000465""}, ""text"": ""material anatomical entity has plasma membrane part material anatomical entity."", ""triple"": [""material anatomical entity"", ""has plasma membrane part"", ""material anatomical entity""]}]","{""health_supplement"": true, ""original_id"": """", ""source_generation_file"": ""bench_health/bench_3_4/Health_Medicine/Human_Phenotype_Ontology/hp/property_hp.json""}"
L4_Health_Medicine_Human_Phenotype_Ontology_property_hp_00036,"In the Human Phenotype Ontology, given the following set of classes and properties, construct only object- and data-property relationships. Do not output subClassOf triples. Output only triples in the form (subject, predicate, object).

Classes:
- abdominal segment bone
- anatomical structure
- blood vessel
- mesenchyme from somatopleure
- meso-epithelium
- mesoderm-derived structure
- mixed endoderm/mesoderm-derived structure
- pelvic girdle bone/zone
- serous membrane
- vessel

Object Properties:
- attached to part of
- biomechanically related to
- skeleton of
- vessel drains blood from
- vessel supplies blood to

Data Properties:
None",,"(anatomical structure, attached to part of, anatomical structure)
(anatomical structure, biomechanically related to, anatomical structure)
(anatomical structure, skeleton of, anatomical structure)
(blood vessel, vessel drains blood from, anatomical structure)
(blood vessel, vessel supplies blood to, anatomical structure)",3_4,L4,Property Relation Construction,Learning,Generation,triple_f1,Health_Medicine,Health_Medicine/Human_Phenotype_Ontology,bench_health/bench_3_4/Health_Medicine/Human_Phenotype_Ontology/hp/property_hp.json,35,,,,"(anatomical structure, attached to part of, anatomical structure)
(anatomical structure, biomechanically related to, anatomical structure)
(anatomical structure, skeleton of, anatomical structure)
(blood vessel, vessel drains blood from, anatomical structure)
(blood vessel, vessel supplies blood to, anatomical structure)",,,"[{""characteristics"": [], ""meta"": {""object_iri"": ""http://purl.obolibrary.org/obo/UBERON_0000061"", ""predicate_iri"": ""http://purl.obolibrary.org/obo/RO_0002177"", ""predicate_type"": ""object"", ""subject_iri"": ""http://purl.obolibrary.org/obo/UBERON_0000061""}, ""text"": ""anatomical structure attached to part of anatomical structure."", ""triple"": [""anatomical structure"", ""attached to part of"", ""anatomical structure""]}, {""characteristics"": [], ""meta"": {""object_iri"": ""http://purl.obolibrary.org/obo/UBERON_0000061"", ""predicate_iri"": ""http://purl.obolibrary.org/obo/RO_0002567"", ""predicate_type"": ""object"", ""subject_iri"": ""http://purl.obolibrary.org/obo/UBERON_0000061""}, ""text"": ""anatomical structure biomechanically related to anatomical structure."", ""triple"": [""anatomical structure"", ""biomechanically related to"", ""anatomical structure""]}, {""characteristics"": [], ""meta"": {""object_iri"": ""http://purl.obolibrary.org/obo/UBERON_0000061"", ""predicate_iri"": ""http://purl.obolibrary.org/obo/RO_0002576"", ""predicate_type"": ""object"", ""subject_iri"": ""http://purl.obolibrary.org/obo/UBERON_0000061""}, ""text"": ""anatomical structure skeleton of anatomical structure."", ""triple"": [""anatomical structure"", ""skeleton of"", ""anatomical structure""]}, {""characteristics"": [], ""meta"": {""object_iri"": ""http://purl.obolibrary.org/obo/UBERON_0000061"", ""predicate_iri"": ""http://purl.obolibrary.org/obo/RO_0020102"", ""predicate_type"": ""object"", ""subject_iri"": ""http://purl.obolibrary.org/obo/UBERON_0001981""}, ""text"": ""blood vessel vessel drains blood from anatomical structure."", ""triple"": [""blood vessel"", ""vessel drains blood from"", ""anatomical structure""]}, {""characteristics"": [], ""meta"": {""object_iri"": ""http://purl.obolibrary.org/obo/UBERON_0000061"", ""predicate_iri"": ""http://purl.obolibrary.org/obo/RO_0020101"", ""predicate_type"": ""object"", ""subject_iri"": ""http://purl.obolibrary.org/obo/UBERON_0001981""}, ""text"": ""blood vessel vessel supplies blood to anatomical structure."", ""triple"": [""blood vessel"", ""vessel supplies blood to"", ""anatomical structure""]}]","{""health_supplement"": true, ""original_id"": """", ""source_generation_file"": ""bench_health/bench_3_4/Health_Medicine/Human_Phenotype_Ontology/hp/property_hp.json""}"
L4_Health_Medicine_Human_Phenotype_Ontology_property_hp_00037,"In the Human Phenotype Ontology, given the following set of classes and properties, construct only object- and data-property relationships. Do not output subClassOf triples. Output only triples in the form (subject, predicate, object).

Classes:
- anatomical structure
- anatomical wall
- conjunctiva
- multicellular anatomical structure
- organ component layer
- organ part
- organ subunit
- stroma
- subdivision of tube
- zone of organ

Object Properties:
- attached to part of
- biomechanically related to
- skeleton of

Data Properties:
None",,"(anatomical structure, attached to part of, anatomical structure)
(anatomical structure, biomechanically related to, anatomical structure)
(anatomical structure, skeleton of, anatomical structure)",3_4,L4,Property Relation Construction,Learning,Generation,triple_f1,Health_Medicine,Health_Medicine/Human_Phenotype_Ontology,bench_health/bench_3_4/Health_Medicine/Human_Phenotype_Ontology/hp/property_hp.json,36,,,,"(anatomical structure, attached to part of, anatomical structure)
(anatomical structure, biomechanically related to, anatomical structure)
(anatomical structure, skeleton of, anatomical structure)",,,"[{""characteristics"": [], ""meta"": {""object_iri"": ""http://purl.obolibrary.org/obo/UBERON_0000061"", ""predicate_iri"": ""http://purl.obolibrary.org/obo/RO_0002177"", ""predicate_type"": ""object"", ""subject_iri"": ""http://purl.obolibrary.org/obo/UBERON_0000061""}, ""text"": ""anatomical structure attached to part of anatomical structure."", ""triple"": [""anatomical structure"", ""attached to part of"", ""anatomical structure""]}, {""characteristics"": [], ""meta"": {""object_iri"": ""http://purl.obolibrary.org/obo/UBERON_0000061"", ""predicate_iri"": ""http://purl.obolibrary.org/obo/RO_0002567"", ""predicate_type"": ""object"", ""subject_iri"": ""http://purl.obolibrary.org/obo/UBERON_0000061""}, ""text"": ""anatomical structure biomechanically related to anatomical structure."", ""triple"": [""anatomical structure"", ""biomechanically related to"", ""anatomical structure""]}, {""characteristics"": [], ""meta"": {""object_iri"": ""http://purl.obolibrary.org/obo/UBERON_0000061"", ""predicate_iri"": ""http://purl.obolibrary.org/obo/RO_0002576"", ""predicate_type"": ""object"", ""subject_iri"": ""http://purl.obolibrary.org/obo/UBERON_0000061""}, ""text"": ""anatomical structure skeleton of anatomical structure."", ""triple"": [""anatomical structure"", ""skeleton of"", ""anatomical structure""]}]","{""health_supplement"": true, ""original_id"": """", ""source_generation_file"": ""bench_health/bench_3_4/Health_Medicine/Human_Phenotype_Ontology/hp/property_hp.json""}"
